word,pt,sl,da,lzz,cs,sva,fy,uk,sk,oc,is,lv,br,gl,be,gv,ka,ca,ga,fo,it,cy,te,pl,gd,de,lt,nl,el,es,mk,bg,fr,ro,no,sv,sq,ru,xmf,af,yi,hy
leg,ˈpɛɾ.nɐ,nɔ̀ːɡa,beːn,kʼutʃχɛ,ˈnoɦa,tʃʼiʃχ,skoŋk,,ˈnɔɦa,ˈkambo,ˈfouːtʏr,kāːja,ˈɡɑːr,,naˈɣa,,pʰɛχi,ˈka.mə,kɔsˠ,,ˈɡamba,koːɨ̯s,kaːlu,ˈnɔ.ɡa,kʰas,baɪ̯n,,beːn,ˈpoði,ˈpjerna,,krak,ʒɑ̃b,,bæɪn,ˈbeːn,kəm.bə,nɐˈɡa,kʼutʃχi,,fʊs,vɔtkʰ
see,veɾ,ˈʋiːdɛti,seː,ɔtsʼkʼɔmilu,ˈvɪɟɛt,lisgdi,,ˈbɑt͡ʃete,ˈviɟi̯ɛc,,ˈsjauː,ɾɛdzɛ̂ːt,,,ˈbat͡ʂɨt͡sʲ,,χɛdvä,ˈvəw.ɾə,fʲɛc,ˈsʊt͡ʃːa,veˈde.re,ɡwɛld,,ˈvʲi.d͡ʑɛt͡ɕ,,ˈzeː.ən,mɐˈtʲîːtʲɪ,zin,ˈvlepo,ˈbeɾ,ˈɡlɛda,ˈviʒdəm,vwaʁ,veˈde̯a,ʃoː,seː,,ˈvʲidʲɪtʲ,rtsʼqʼɛbä,,,tɛsˈnɛl
this,ˈɛʃ.tɨ,ˈtáː,,äjä,ˈtɛnto,äli,,,,,ˈθɛsːɪ,ʃis,,,,,ɛs,əˈkəst,ʃɔ,,ˈkwes.to,hʊn,iː,tɛn,ʃɔ,ˈdiːzər,,ˈdeːzə,aˈftos,ˈeste,ˈɔvɔj,ˈt̪ɔzi,sə,aˈt͡ʃest,,,ky,ˈɛtət,tʰɛnä,dɨt,,ɑjs
drink,be.ˈbeɾ,ˈpiːti,drekə,ɔʃu,piːt,litʰrɛ,ˈdrɪŋkə,,ˈpic,ˈbewre,ˈtrɛhka,dzɛɾ̂t,ˈe.vɑ̃,,,,smä,ˈbəw.ɾə,oːl̪ˠ,ˈtɾɛʰkːa,ˈbe.re,ˈəvɛd,,pʲit͡ɕ,ɔːɫ̪,ˈtʁɪŋkən,ˈɡʲɛrʲ.tʲɪ,ˈdrɪŋkə(n),ˈpi.no,beˈβeɾ,ˈpi.ɛ,ˈpijə,bwaʁ,be̯a,,drɪkːa,pi,pʲitʲ,ʃumä,,,χəˈmɛl
smooth,ˈli.zu,,,pʰrändɛri,ˈɦlatkiː,mərkʼənɛ,,,,,ˈstljɛhtʏr,,,,ˈɣɫatkʲi,,pʼriälä,,kiːnʲ,,ˈliʃʃo,,,ˈɡwat.kʲi,miːn,ɡlat,,ɣlɑt,,ˈliso,,,lis,ˈne.ted,,,,ˈɡlatkʲɪj,värkʼälä,,,hɑɾtʰ
red,vɨɾ.ˈmɐ(j).ʎu,ərˈdɛ́tʃ,røːd,mtʃʼitʰä,ˈt͡ʃɛrvɛniː,tsʼərni,,t͡ʃeˈrwɔnei̯,ˈt͡ʃɛrvɛniː,,ˈrøyːðʏr,sâɾkans,,beɾˈmeʎo̝,t͡ʂɨˈrvonɨ,,tsʼitʰɛli,ˈrɔt͡ʃ,ˈdʲaɾˠəɡ,,ˈros.so,koːχ,,t͡ʂɛrˈvɔ.nɨ,ˈtʲɛrɛk,roːt,rɐʊˈdoːnɐs,roːt,ˈkocinos,ˈroxo,,tʃɛrˈvɛn,ʁuʒ,ˈro.ʃu,ræʉ,røːd,kuc,ˈkrasnɨj,tʃʼitʰä,roːi̯,,kɑɾˈmiɾ
heavy,pɨ.ˈza.ðu,ˈtɛ̀ːʒək,tɔnɡ,mɔnkʼä,ˈcɛʃkiː,gwæmi,swiər,ʋɐˈʒkɪi̯,ˈcaʃ.kiː,,ˈθuŋkʏr,smaks,,,ˈt͡sʲaʂkʲi,,mdzimɛ,,t̪ˠɾˠuːmˠ,,peˈsante,trʊm,,ˈt͡ɕɛŋ.ʂkʲi,,ʃveːɐ̯,sʊŋˈkʊs,zʋaːr,,peˈsado,ˈtɛʒɔk,ˈtɛʒək,luʁ,ɡrew,tʊŋː,tɵŋ,,tʲɪˈʐolɨj,mɔnkʼä,,,ˈtsɑnəɾ
fingernail,ˈu.ɲɐ,ˈnóːxt,najl,butsχä,,tsχä,,,ˈɲɛxt,,nœkl,,,,paˈznoɣat͡sʲ,,pʰrtʃχili,ˈuŋ.ɡlə,,,ˈun.ɡja,,ɡoːru,pazˈnɔ.kʲɛt͡ɕ,,ˈfɪŋɐnaːɡl̩,,,ˈniçi,ˈu.ɲa,nɔkt,ˈnɔkət,ɔ̃ɡl,,,,,ˈnoɡətʲ,birtsχä,,,jɛˈʁunɡ
dust,ˈpɔ,ˈpráːx,støːv,mtʼvɛri,,pʼisw,,,,,rɪːk,,,pɔ,pɨɫ,dʒaun,mtʼvɛri,ˈpols,dʲanˠəx,,ˈpol.ve.re,ɬuːχ,,kuʂ,,ʃtaʊ̯p,,,,ˈpol.bo,,,pu.sjɛʁ,,,dam,,pɨlʲ,tʼvɛri,stɔf,,pʰoˈʃi
cold,ˈfɾi.u,,kɔl,qʼini,ˈstudɛniː,mətsχi,,xɔˈlɔdnei̯,,,ˈkʰaltʏr,āūksts,,ˈfɾiʊ,xaˈɫodnɨ,,tsivi,ˈfɾət,fˠuəɾˠ,,ˈfreddo,oːɨ̯r,,ˈʑim.nɨ,fuəɾ,kalt,ˈʃaltɐs,kɑu̯t,,ˈfɾio,,stuˈdɛn,fʁwɑ,ˈret͡ʃe,,kal,,xɐˈlodnɨj,ʔini,kœut,,ˈsɑrə
belly,bɐ.ˈʁi.ɡɐ,ˈtrèːbux,,kʰɔrbä,ˈbr̝ɪxo,qʰæd,,,ˈbruxɔ,,ˈmaːjɪ,,ˈkofː,banˈduʎo̝,,,mutsɛli,ˈbuk,ˈbˠɔlˠəɡ,,ˈpan.t͡ʃa,,poʈːa,bʐux,,baʊ̯x,,bœy̯k,,bäˈriɣä,mɛf,koˈrɛm,vɑ̃tʁ,,,²mɑːɡɛ,,ʐɨˈvot,kʰɔrä,,bɔɪχ,pʰɔɾ
count,kõ.ˈtaɾ,,,ɔkʼɔrɔtsχu,ˈpot͡ʃiːtat,liʃɛldɛ,,,,,ˈtʰɛlja,skàjtîːt,,,,,tʰvlä,komˈta,ɾˠiːvˠ,,konˈtare,,,ˈlʲi.t͡ʂɨt͡ɕ,,ˈt͡sɛːlən,,ˈtɛlə(n),,konˈtaɾ,ˈbrɔi,,kɔ̃.te,,,,,ɕːɪˈtatʲ,kʼɔrɔtsχuä,tɛ̞ːl,,
swell,ĩ.ˈʃa(ɹ),,,ɔbäru,,liʃiɛ,,,,,,,,,,,ʃɛʃupʼɛbä,imˈflaɾ.sə,,ˈpœlna,,,,ˈpux.nɔɲt͡ɕ,,ˈʃvɛlən,,ˈzʋɛlə(n),ˈpɾizome,,,,ɡɔ̃.fle,,,,,rəzdʊˈvat͡sːə,mbäruä,,,uˈrɛl
road,iʃ.ˈtɾa.ðɐ,ˈtsèːsta,,gzä,ˈt͡sɛsta,ʃukʼw,,dɔˈrɔɦɐ,ˈt͡sɛsta,,ˈvɛːɣʏr,tsɛʎʃ,hɛ̃nd,esˈtɾaða̝,,reːd̪,gzä,kə.rəˈte.ɾə,ˈbˠoːhəɾˠ,ˈveːvʊɹ,ˈstrada,,,ˈdrɔ.ɡa,,ˈʃtraːsə,ˈkælʲɐs,baːn,ˈðromos,kaˈmino,,pɤt,ʁut,,,vɛːɡ,ˈruɡə,dɐˈroɡə,ʃärä,pɑt,,t͡ʃɑnɑˈpɑɾ
good,bõ,ˈdòːbər,ɡoð,kʼäi,ˈdobriː,χɔtʃä,,ˈdɔbrɪj,ˈdɔbriː,,ˈkouːðʏr,,,ˈbo,ˈdobrɨ,,kʼärgi,ˈbɔ,mˠa,ˈkɔuːwʊɹ,ˈbwɔː.no,daː,maɲt͡ʃi,ˈdɔ.brɨ,maː,ɡuːt,ˈɡʲæɾɐs,ɣut,kaˈlos,ˈbweno,,doˈbɤr,bɔ̃,bun,,ɡuːd,majɾ,xɐˈroʂɨj,dʒgiri,χut,ɡʊt,lɑv
round,ʁɨ.ˈdõ.du,otˈkròːɡəw,,mɔrgväli,ˈkulatiː,kʼurpʼi,,,,,,,,reˈðondo̝,ˈkruɣɫɨ,,mrgväli,roˈdo,kɾˠiːnʲ,,roˈtondo,krʊn,,ɔˈkrɔŋ.ɡwɨ,kʰruɪɲ,ʀʊnt,,rɔnt,,reˈdondo,,,ʁɔ̃,roˈtund,,,,ˈkruɡlɨj,rgväli,,,
father,paj,ˈɔ̀ːtʃɛ,,bäbä,ˈotɛt͡s,mu,hai̯t,ˈbɑtʲkɔ,ˈɔcɛt͡s,ˈpajɾe,ˈfaːðɪr,tǣːws,ˈtɑːt,,ˈbat͡sʲka,ˈeːar,mämä,ˈpa.ɾə,ˈahəɾʲ,ˈfɛaːjɪɹ,ˈpa.dre,taːd,,ˈɔj.t͡ɕɛt͡s,ˈahəɾʲ,ˈfaːtɐ,ˈtʲeːvɐs,ˈvaː.dər,paˈteras,ˈpadɾe,,bɐˈʃta,pɛʁ,ˈta.tə,,,baba,ɐˈtʲet͡s,mumä,fɑːdər,ˈfɔtəʁ,hɑjɾ
meat,ˈkaɻ.ne,mɛˈsóː,,χɔrtsi,ˈmaso,lɛʁw,flai̯s,ˈmjɑsɔ,ˈmæso,,kʰjœːt,ɡaʎa,,,ˈmʲasa,feːlʲ,χɔrtsi,ˈkaɾn,fʲoːlʲ,t͡ʃʰøːʰt,ˈkar.ne,kiːɡ,,ˈmʲɛ̃.sɔ,,flaɪ̯ʃ,,vleːs,ˈkre̞as,ˈkarne,,mɛˈsɔ,vjɑ̃d,ˈkarne,çøːt,ɕœtː,miʃ,ˈmʲasə,χɔrtsi,fləis,flɛɪʃ,mis
hear,owˈviɾ,,høːrə,ɔʃkʼinu,ˈslɪʃɛt,səmæn,ˈjɛ(ː)rə,ˈt͡ʃute,,,ˈheiːra,dzìɾdɛ̂ːt,,ɔˈiɾ,,,smɛnä,sənˈti,klˠɔʃ,,,ˈkləu̯ɛd,,ˈswɨ.ʂɛt͡ɕ,,ˈhøːrən,,ˈɦoːrə(n),aˈkuo,oˈiɾ,,ˈtʃuvəm,ɑ̃.tɑ̃dʁ,,,,,ˈslɨʂətʲ,rtʃkʰilä,,,ləˈsɛl
cut,kuɾˈtaɾ,rézati,skɛːrə,ɔtʃʼkʼiru,ˈr̝ɛzat,likʰtʃɛ,,,ˈrɛzac,,ˈscɛːra,ɡrīɛ̄st,,,,,tʃʼrä,təˈʎa,ɟaːɾˠ,,taʎˈʎare,ˈtɔrɪ,,t͡ɕɔɲt͡ɕ,kʲaːrˠ,,,ˈsnɛi̯də(n),,,,,ku.pe,,,ˈɧæːˌra,,ˈrʲezətʲ,tʃʼkʼiruä,,,kətˈɾɛl
die,mu.ˈʁeɾ,,dø,ʁurä,ˈumr̝iːt,dägrä,,,ˈumri̯ɛc,,ˈteiːja,mīɾt,,,,,sikʼvdili,muˈɾi,,,moˈrire,,,uˈmʲɛ.rat͡ɕ,,ˈʃtɛʁbən,ˈmʲɪrʲ.tʲɪ,ˈdoːtxaːn,peˈθeno,,,oˈmiɾəm,mu.ʁiʁ,muˈri,,,vdɛs,ʊmʲɪˈratʲ,ʁurä,,,mɛrˈnɛl
dry,ˈse.ku,ˈsúːx,tœːr,χɔmulä,ˈsuxiː,pʰikʼwi,,,ˈsuxiː,,θʏrː,sàws,ˈsɛːχ,,suˈxʲi,,mʃräli,əˈʃut,ˈtʲɪɾʲəmʲ,,ˈsekko,sɨːχ,,ˈsu.xɨ,ˈtʃʰiɾəm,ˈtʁɔkən,,droːx,,ˈseko,,,sɛk,usˈkat,,,,sʊˈxoj,skʰiru,,,t͡ʃʰoɾ
big,mɐjˈɔɾ,,,didi,,χɔʃä,,ʋeˈlɪkei̯,,,,,,,,,didi,ˈɡɾan,,,ˈɡran.de,,,dɔˈrɔ.swɨ,,ɡʁoːs,,,,maˈɟ͡ʝoɾ,ˈɡɔlɛm,,ɡʁɑ̃,,,ˈvɵkˌsɛn,,bɐlʲˈʂoj,didi,,,mɛt͡s
think,pẽˈsaɾ,ˈmiːsliti,,ɔsimädu,ˈpr̝̊ɛmiːʃlɛt,liskʼɔrɛ,,ˈdumɐte,ˈmisli̯ɛc,,ˈhʏxsa,,,,,,pʰikʰri,pənˈsa,capˠ,,,ˈmɛðʊl,,ˈmɨɕ.lɛt͡ɕ,,ˈdɛŋkən,,ˈdɛŋkə(n),ˈsceftome,penˈsaɾ,,,pɑ̃.se,ɡɨnˈdi,,,mɛnˈdɔj,ˈdumətʲ,gurtʃämä,dəŋk,,mətɑˈt͡sɛl
smoke,ˈfu.mu,ˈdím,røj,kʼɔmä,diːm,zinqʰ,,dɪm,ˈdim,,ˈreiːkʏr,,,ˈfume̝,dɨm,ˈd͡ʒeːax,bɔli,ˈfum,ˈdʲat̪ˠəx,ˈɹɔiːjkʊɹ,,muːɡ,,dɨm,t̪ɔʰtʲ,ʁaʊ̯x,,roːk,kaˈpno̞s,ˈumo,,,fy.me,,,,,dɨm,kʼumä,,,t͡suχ
near,ˈpɛɾ.tu,,nɛːr,χɔlɔs,ˈbliːskiː,pʰɛdiä,,,,,,,,,ˈblʲiskʲi,,äχlɔ,,d̪ˠlˠuː,,viˈtʃino,,,ˈblʲis.kʲi,dɫ̪uː,naː,,,,ˈθerka,,ˈblizək,pʁɛ,a.ˈpro̯a.pe,næːr,,,ˈblʲiskʲɪj,χɔlɔ,,,mɔt
some,al.ˈɡũʃ,,noən,bäzi,ˈɲɛkolɪk,ɛrχi,,ˈkilʲka,ˈɲi̯ɛkɔʎkɔ,,,,,,,,zɔgi,,ɾˠəɪn̠ʲtʲ,,,,,ˈtrɔ.xɛ,,,,ʋɑt,,,,,dy,,,ˈnoːˌ(ɡ)ra,,nʲɪˈmnoɡə,nämtʰinɛ,,,
moon,ˈlu.ɐ,ˈlùːna,,tʰutʰä,ˈmjɛsiːt͡s,dɔʃdul,ˈmwanə,,ˈmɛsi̯at͡s,ˈlyno,tʰuŋl,,,ˈluɐ,,eːs,mtʰvärɛ,ˈʎu.nə,ɟəˈl̪ˠɑx,ˈmɔanɪ,ˈlu.na,ˈɬeɨ̯ad,,ˈkɕɛŋ.ʐɨt͡s,,moːnt,mʲeːˈnʊlʲɪs,maːn,,ˈluna,,luˈna,lyn,ˈlunə,,ˈmoːˌnɛ,hənə,lʊˈna,tʰutʰä,,,luˈsin
hand,ˈmɐ̃w̃,rɔ̀ːka,hɔnˀ,χɛ,ˈruka,ʃi,,rʊˈkɑ,ˈruka,ma,hœnt,ɾùoka,ˈdɔʁn,,,,χɛli,ˈma,l̪ˠɑːvˠ,hɔnt,ˈmaːno,ɬaːu̯,,ˈrɛŋ.ka,ɫ̪ãːv,hant,ɾɐŋˈkɐ,ɦɑnt,ˈçeɾi,ˈmano,,rəˈka,mɛ̃,ˈmɨ.nə,hɑnd,hand,dɔɹ,rʊˈka,χɛ,,hant,d͡zɛrkʰ
float,,,,mɔmkʰu,ˈplavat,,,,,,,,,,,,tʼivtʼivi,floˈta,,,ɡalledˈdʒare,,teːlu,,,ˈtʀaɪ̯bm̩,,ˈdrɛi̯və(n),,,,,flɔ.te,,,flyːta,,ˈplavətʲ,pʰäpʰäpʰi,,,
old,ˈvɛ.ʎu,ˈstár,ɡaməl,mdʒvɛʃi,ˈstariː,dʒwinɛl,ɔːt,,ˈstariː,,ˈkaːmatl,,,,staˈrɨ,,dzvɛli,ˈveʎ,ʃanˠ,kɛaːmal,ˈvɛk.kjo,heːn,,ˈsta.rɨ,ʃɛn,alt,ˈsʲæːnɐs,ɑu̯t,,anˈtiɡwo,,star,vjø,vekʲ,²ɡɑːmɑl,,,ˈstarɨj,dʒvɛʃi,œu,,hin
day,ˈdi.ɐ,,døjn,dʁä,dɛn,lädɛʁ,,ˈdɛnʲ,,,ˈtaːɣʏr,,ˈdɛj,ˈd̪iɐ,,,dʁɛ,ˈdi.ə,l̪ˠɑː,ˈtɛaːvʊɹ,ˈd͡ʒorno,dɨːð,roːdʒu,d͡ʑɛɲ,,tɑːk,,dɑx,,ˈdia,,,ʒuʁ,zi,,,,ˈsutkʲɪ,dʁä,daχ,tɔɡ,ɔɾ
stand,pɨɾ.mɐ.nɨ.ˈseɾ,,,dɔdginu,staːt,lignɛ,ˈsteən,,ˈstaːc,,ˈstanta,stāːvɛ̂ːt,,,,,dgɔmä,,ʃasˠ,,,ˈsɛvɨ̞ɬ,,stat͡ɕ,,ˈʃteː.ən,,staːn,ˈstekome,,,,ɛ.tʁə d(ə).bu,,,,ri,stɐˈjætʲ,gɛrinä,,,kɑŋɡˈnɛl
split,pɐɾ.ˈtiɾ,,,ɔrtʰu,,lirdɛ,,,,,ˈkʰlɔpna,,,,,,qʼɔpʰä,pəɾˈti,,,ˈfɛndere,,,ˈd͡ʑɛ.lʲit͡ɕ,,ˈʃpaltn̩,,,,parˈtiɾ,,,fɑ̃dʁ,,,deːla,,rəɕːɪˈplʲætʲ,rtʰuälä,,,
child,ˈfi.ʎu,ɔˈtrɔ́k,barn,bɛrɛ,ˈɟiːcɛ,bɛpʰʃw,bɛːn,deˈtɪnɐ,ˈɟi̯e.ca,,ˈpartn,bæ̀ːɾns,,ˈne.na,,,bävʃvi,ˈnən,ˈpˠɑːʃtʲə,ˈpatn,bamˈbi.no,ˈplɛntɨ̞n,paːpa,ˈd͡ʑɛt͡s.kɔ,,kɪnt,ˈvɐɪ̯ˑkɐs̪,kɪnt,peˈði,ˈixo,ˈdɛtɛ,dɛˈtɛ,ɑ̃.fɑ̃,fiw,bɑːrn,bɑːrn,,rʲɪˈbʲɵnək,bäʁänä,kənt,kɪnd,jɛɾɛˈχɑ
we,ˈnɔʃ,ˈmíː,,tʃkʰin,mɪ,næ,vɛi̯,ˈmɪ,ˈmi,nus,vɪð,mɛ̄ːs,,,,,tʃvɛn,noˈzal.tɾəs,mˠɪdʲ,,ˈnoi,niː,,mɨ,ʃiɲ,viːɐ̯,mʲæːs,ʋɛi̯,e̞ˈmis,noˈsotɾos,niɛ,ˈni.ɛ,nu,noj,meː,viː,nɛ,mɨ,tʃkʰi,,,mɛŋkʰ
flow,,ˈtɛtʃi,,ɔzimzilu,tɛːt͡st,lizi,,,ˈci̯ɛt͡sc,,ˈrɛnːa,,,,,,dinɛbä,fluˈi,,,fluˈire,,,ˈpwɨ.nɔɲt͡ɕ,,ˈfliːsn̩,ˈbʲeːk.tʲɪ,ˈvlujə(n),ˈre.o,ˈflwiɾ,,tɛˈkə,ku.le,,,,,tʲet͡ɕ,ulä,flui,,hoˈsɛl
blood,ˈsɐ̃.ɡɨ,ˈkríː,bloːd,ditsχiri,krɛv,zisχ,bluə̯t,ˈkrɔu̯,ˈkr̩w,,plouːð,asinis,ˈɡwaːt,,,folʲ,sisχli,ˈsaŋk,fˠɪlʲ,plɔuːw,ˈsan.ɡwe,ˈɡwaːi̯d,,krɛf,,bluːt,krɒ͜úˑjæs,blut,ˈema,ˈsanɡɾe,kr̩f,krɤf,sɑ̃,ˈsɨn.d͡ʒe,bluː,,ɟ͡ʝak,krofʲ,zisχiri,blut,blʊt,ɑɾˈjun
give,ˈdaɾ,ˈdati,ɡiː,mɛtʃämu,ˈdaːvat,lihwdi,jaːn,,,,ˈcɛːva,duôt,ˈrɛĩ,,,,mitsɛmä,doˈna,ˈt̪ˠuːɾʲ,t͡ʃeːʋa,ˈda.re,r̥ɔi̯,,ˈda.vat͡ɕ,,ˈɡeːbən,ˈduɔtʲɪ,ˈɣeːvə(n),,ˈdaɾ,,ˈdavəm,dɔ.ne,da,,jeː,,dɐˈvatʲ,mɛtʃämä,,,tɑl
sand,ɐˈɾɐjɐ,ˈpèːsək,san,ʁumi,ˈpiːsɛk,kʰwiʃɛ,,pʲiˈsɔk,ˈpi̯ɛsɔk,ˈsaβlo,ˈsantʏr,,tʁɛs,ˈʃaβɾe̝,pʲaˈsok,ˈɡʲanʲax,kʰviʃä,ˈso.rə,ˈɡanʲəvˠ,,ˈsab.bja,,,ˈpʲa.sɛk,,zant,,zɑnt,,aˈɾena,,ˈpʲasək,sɑbl,niˈsip,sɑnd,,,pʲɪˈsok,kʰviʃä,sant,,ɑˈvɑz
there,ɐ.ˈi,ˈtám,dar,ɛkʰ,tam,ɛtʃɛtʃu,,ˈtɑm,ˈtam,,ˈθartna,tùɾ,,,,,ikʰ,əˈʎa,ənʲˈʃɪnʲ,,,ˈəna,,tam,,dɔrt,,daːr,e̞ˈci,aˈʎi,ˈtamu,,la,aˈko.lo,,dɛːr,,tam,tʰɛkʰ,dɑːr,,ɑjnˈtɛʁ
narrow,iʃ.ˈtɾɐj.tu,ˈòːzək,snɛvər,ndäri,ˈuːskiː,näχwtsʼi,,wʊˈzʲkɪi̯,ˈuːski,,ˈθrøyŋkʏr,ʃàuɾs,,,ˈvuskʲi,,vitsʼrɔ,əsˈtɾət,kuːŋ,,ˈstretːo,kɨːl,,ˈvɔ̃s.kʲi,kʰɯːɫ̪,ɛŋ,,nɑu,,es̺ˈtɾe.tʃo,,ˈtɛsɛn,e.tʁwa,strɨmt,,,,ˈuskʲɪj,intsʼrɔ,,,nɛʁ
root,ʁa.ˈis,kɔrɛˈnìːna,roːd,dʒidʒi,ˈkor̝ɛn,tsʼusχund,,ˈkɔrʲinʲ,ˈkɔrɛɲ,rraˈis,rouːt,,,raˈiθ,ˈkoranʲ,,pʰɛsvi,əˈrɛl,fʲɾʲeːvˠ,ɹɔuːt,raˈditʃe,ɡwrai̯ð,ʋeːru,ˈkɔ.ʐɛɲ,,ˈvʊʁt͡sl̩,ʃɐkʲˈn̪ʲɪs̪,ˈʋɔr.təl,,raˈiθ,,ˈkɔrɛn,ʁa.sin,,ruːt,,rəːɲ,ˈkorʲɪnʲ,dʒindʒi,,,ɑɾˈmɑt
small,pɪ.ˈke.nʊ,ˈmáːjxən,lilə,tʃʼutʼä,ˈmaliː,χɔχrä,,mɐˈlɛnʲkei̯,ˈmaliː,,smauːr,,,peˈkeno̝,maˈlʲenʲkʲi,,pʼätʼärä,pəˈtit,bʲɔɡ,,pikˈko.lo,baːχ,,ˈma.wɨ,pek,klaɪ̯n,ˈmaːʒɐs,klɛi̯n,miˈkro̞s,peˈkeɲo,maɫ,ˈmalək,pə.ti,mik,,ˈliːˌtɛn,ˈvɔɡəl,ˈmalʲɪnʲkʲɪj,tʃʼitʃʼɛ,,ˈkleɪn,ˈpʰɔkʰəɾ
snow,ˈnɛ.vɨ,,,mtʰviri,sɲiːx,musw,sniə,ˈsʲnʲiɦ,ˈsɲɛx,ˈnɛw,snjouːr,snìɛks,,ˈnɛβɪ,sʲnʲex,ˈʃnʲaxt̪ə,tʰɔvli,ˈnew,ˈʃnʲaxt̪ˠə,,ˈne.ve,ˈei̯ra,,ɕɲɛk,,ʃneː,sʲnʲjæɡɐs,sneːu̯,,ˈnjebe,,snʲak,nɛʒ,zəˈpadə,snøː,snøː,,sʲnʲek,tʰiri,sniu,,d͡zjun
left,iʃ.ˈkeɾ.ðu,,,kʼväntʃχäri,ˈlɛviː,lɛrtʰɛn,,,,,,kɾèjs,,,,,märtsχɛnä,əsˈkɛ.rə,clʲeː,,,χwiːθ,,ˈlɛ.vɨ,kʰʲaːrˠ,lɪŋk,,lɪŋks,,,,ˈlʲaf,ɡoʃ,stɨŋɡ,,,,ˈlʲevɨj,kʼvärtʃχäni,,,d͡zɑχ
laugh,ˈʁiɾ,,leː,dzitsini,smaːt,litswnäl,ˈlai̯tsjə,,ˈsmi̯ac sa,,ˈl̥aiːja,,,,,,sitsili,ˈriw.ɾə,ɡɑːɾʲ,,ˈri.de.re,,naʋːu,ɕmʲat͡ɕ ɕɛ,,ˈlaχn̩,,ˈlɑxə(n),,,sɛ ˈsmɛ.ɛ,,ʁiʁ,,,,cɛʃ,smʲɪˈjat͡sːə,dzitsä,ɫɐχ,,t͡sit͡sɑˈʁɛl
woman,muˈʎɛɾ,ˈʒèːnska,ˈkʰvenə,ɔχɔrdʒä,ˈʒɛna,zuräl,,ˈʒʲinkɐ,ˈʒe.na,ˈfenno,ˈkʰɔːna,,,muˈʎɛɾ,ʐanˈt͡ʂɨna,bɛᵈn,kʰäli,ˈdɔ.nə,bʲanˠ,,ˈdɔn.na,,,kɔˈbʲɛ.ta,b̥ɛn,fʁaʊ̯,ˈmoːtʲɛrʲɪs,vrɑu̯,ʝiˈne̞ka,muˈxeɾ,ˈʒɛna,ʒɛˈna,fam,feˈmeje,²kʋɪnːə,ˈkvɪnːˌa,ˈɡɾua,ˈʐɛnʲɕːɪnə,ɔsuri,,,kin
sea,maɾ,ˈmóːrjɛ,hav,zuʁä,mor̝ɛ,dzuʁwä,seː,,ˈmɔrɛ,,haːv,jūːɾa,ˈmoːʁ,,,,zʁvä,ˈmar,,hɛaːv,ˈmaːre,moːr,,ˈmɔ.ʐɛ,,meːɐ̯,ˈjuːrɐ,zeː,ˈθalasa,ˈmaɾ,,moˈrɛ,mɛʁ,ˈma.re,hɑːʋ,ɧøː,dɛt,ˈmorʲe,zʁvä,,,t͡sɔv
louse,pi.ˈo.ʎu,ˈúːʃ,,tʼi,ˈvɛʃ,tʼiʃ,,ˈwɔʃɐ,ˈvɔʃ,peˈzul,luːs,,ˈlɔw,,voʂ,,tʼili,ˈpoʎ,,lʉuːs,pi.ˈdɔk̚.kjo,ˈɬeɨ̯ɛn,,vɛʂ,,laʊ̯s,,lœy̯s,,ˈpjo.xo,ˈvɔʃka,ˈvɤʃkə,pu,,,,mɔr,voʂ,tʼi,,,vɔˈt͡ʃʰil
five,ˈsĩ.ku,péːt,,χutʰ,ˈpjɛt,wɔχuʃd,,ˈpjɑtʲ,ˈpɛc,siŋk,fɪmː,pìɛtsi,ˈpɛmp,,,kwɛɡ,χutʰi,ˈsiŋk,kuːɟ,fɪmː,ˈt͡ʃin.kwe,pɨ̞mp,aid̪u,pʲɛɲt͡ɕ,koːɡ̊ʲ,fʏnf,,vɛi̯f,ˈpe̞(n)de̞,ˈθinko,,,sɛ̃k,t͡ʃint͡ʃʲ,,fɛm,pɛs(ə),pʲætʲ,χutʰi,,fɪnf,hiŋɡ
earth,ˈtɛʁɐ,ˈzɛ̀ːmlja,joːr,lɛtʼä,ˈzɛmjɛ,gim,,zeˈmlʲɑ,ˈzɛm,,jœrð,zɛmɛ,,,zʲaˈmlʲa,,mitsʼä,ˈtɛ.rə,,jøːɹ,ˈtɛr.ra,,,ˈʑɛ.mʲa,,ˈeːɐ̯də,ˈʒʲæːmʲeː,ˈaːr.də,,ˈtje̞.ra̠,,zɛˈmʲa,tɛʁ,pəˈmɨnt,,juːɖ,ðɛ,zʲɪˈmlʲa,diχä,ˈɑːr.də,,hɔʁ
heart,ko.ɾa.ˈsɐ̃w̃,sərˈtséː,jɛrtə,guri,ˈsr̩t͡sɛ,gwi,hɛt,ˈsɛrt͡se,sr̩tsɛ,kɔr,ˈçar̥ta,sîɾts,ˈkalɔ̃n,,ˈsert͡sa,kriː,guli,ˈkɔr,kɾˠiː,ˈjaɹ̥ʈa,ˈkwɔːre,ˈkalɔn,,ˈsɛr.t͡sɛ,,hɛʁts,ʃʲɪrʲˈdʲɪs,ɦɑrt,karˈðʝa,koɾaˈθon,ˈsr̩t͡sɛ,sərˈt͡sɛ,kœʁ,ˈinimə,²jɑrtə,ˈjɛrˌta,ˈzɛməɾ,ˈsʲert͡sə,guri,,,siɾt
many,ˈmũj̃.tuʃ,ʋɛˈlìːkɔ,manɡə,didɔ,ˈmnoɦo,mäsærd,,bɐˈɦɑtɔ,,,ˈmarkʏr,dāūdz,,,,,bɛvri,ˈmolt,əˈl̪ˠɑːnˠ,ˈmɛŋkʊɹ,,,,ˈvʲɛ.lɛ,ˈiməɣ,ˈfiːlə,dɐuɡ,veːl,,ˈmut͡ʃos,ˈmnɔɡu,,bo.ku,mult͡sʲ,,,,ˈmnoɡə,brɛli,bajə,aˈsax,ʃɑt
suck,,,,ɔtsʼu,,litʃigw,,,,,ˈsjuːa,sùːkt,,t͡ʃuˈt͡ʃaɾ,smaktat͡sʲ,,tsʼɔvä,ʃuˈkla,sˠuːɟ,,,,,ssat͡ɕ,ˈtʲo.al,ˈzaʊ̯ɡən,ˈtʲʃʲʊlʲpʲtʲɪ,ˈzœy̯.ɣə(n),,t͡ʃuˈpaɾ,ˈt͡sit͡sa,,sy.se,ˈsu.d͡ʒe,,,θiθ,sɐˈsatʲ,tsʼuälä,,,t͡səˈt͡sɛl
spit,kuʃ.ˈpiɾ,,spøtɘ,ntʃʼkʼväläpʰä,ˈplɪvnou̯t,litʼbənɛ,,,ˈpʎuc,,ˈr̥aiːca,spʎāwt,,kusˈpiɾ,,,pʰurtʰχɛbä,,,,spuˈtare,,,plut͡ɕ,,ˈʃpʊkŋ̩,,,ˈfti.nɔ,eskuˈpiɾ,ˈpɫuka,,kʁa.ʃe,,,,,plʲɪˈvatʲ,pʰurtʼinuä,,,tʰəˈkʰɛl
say,di.ˈzeɾ,ˈrɛtʃi,,ɔtʰkʰu,r̝iːt͡st,likʰwisg,,,ˈɦɔvɔric,,ˈseiːja,satsîːt,,diˈθiɾ,ɣavaˈrɨt͡sʲ,,tʰkʰmä,ˈdi,ˈabˠəɾʲ,siːja,ˈdi.re,,,ˈmu.vʲit͡ɕ,ˈapɪɾʲ,zaːɡən,sɐˈkʲiːtʲɪ,ˈzɛɣə(n),,deˈθiɾ,,ˈkazvəm,diʁ,ˈzitʃe,²sæɪɑ,ˈsɛjːa,θɛm,ɡəvɐˈrʲitʲ,tʰkʰuälä,sɛː,ˈzɔ.ɡŋ̩,ɑˈsɛl
sew,,,syː,ɔtʃʼu,,liʃχbi,,,,,ˈsøyːma,ʃūːt,,,ʂɨt͡sʲ,,kʼɛrvä,kuˈzi,,,kuˈtʃire,,,ʂɨt͡ɕ,,ˈnɛːən,ˈsʲuːtʲɪ,ˈnaːjə(n),,ko.ˈser,,ˈʃijə,kudʁ,,,,,ʂɨtʲ,tʃʼälä,,,kɑˈɾɛl
other,ˈo(w).tɾu,ˈdrùːɡi,andrə,tʃkʰvä,ˈdruɦiː,iʃgɛn,,ˈinʃɪj,ˈdruɦiː,,,,ˈalː,,ˈjinʂɨ,,sχvä,,ˈɛlʲə,,ˈal.tro,ˈaraɬ,,ˈin.nɨ,ˈelə,ˈʔandəʀə,,ˈɑn.dər,,ˈotɾo,,druk,otʁ,alt,,,,drʊˈɡoj,ʃχvä,,,ɑjl
tooth,ˈdẽ.tɨ,ˈzóːp,tan,kʼibiri,zup,ʃdikʰ,,,ˈzup,,tʰœnː,zùops,,,,,kʼbili,ˈdent,ˈfʲiəkəlʲ,tʰɔnː,ˈdɛnte,dant,pan̪ːu,zɔmp,,t͡saːn,,tɑnt,ˈðɔndi,ˈdjente,,zɤp,dɑ̃,ˈdinte,tɑnː,ˈtand,,zup,kʼibiri,,tsɔn,ɑˈtɑm
dog,ˈkɐ̃w̃,ˈpə́s,hun,dʒɔʁɔri,pɛs,ʒɛʁ,huːn,,ˈpɛs,ˈɡus,ˈhʏntʏr,,,,,ˈmɔːðə,dzäʁli,ˈɡos,ˈmˠad̪ˠɾˠə,ˈhʊntʊɹ,ˈka.ne,kiː,kukːa,pʲɛs,kuː,hʊnt,ʂuə,ɦɔnt,ˈscilos,ˈpero,,ˈkutʃɛ,ʃjɛ̃,ˈkɨj.ne,,hɵnd,cɕɛn,sɐˈbakə,dʒɔʁɔri,ɦɔnt,hʊnt,ʃun
in,ẽj̃,ʋ,,,v,sgä,,,,,,,,,,,ʃi,ən,ɪ,ʊiː,ˈin,ən,loː,f,,ʔɪn,,ɪn,en,en,vɔ,vɤ,dɑ̃,ɨn,iː,iː,ˈnə,vɛ,,,,mɛt͡ʃʰ
and,ˈɛ,in,ˈɒw,dɔ,a,i,ɛn,ˈi,,,ɔːɣ,ùn,,,i,,dä,ˈi,ˈɑɡəsˠ,oː,e,,,i,,ʊnt,,ɛn,ce̞,ʝ,i,i,e,ʃi,oː,ɔ,ðɛ,i,dɔ,ɛn,ʊn,ɛv
wash,lɐˈvaɾ,,,ɔtʃχu,miːt,liʃqʼwdi,,,,,θvɔː,mazɡâːt,,,,,rɛtsχvä,rənˈta,nʲɪɟ,,,ˈɡɔlχɪ,,mɨt͡ɕ,,ˈvaʃən,,ˈʋɑsə(n),,,,,la.ve,,,,,mɨtʲ,rtʃχuälä,,,ləˈvɑl
bad,ʁuˈĩ,ˈsláp,dɔːli,pʼätʼi,ˈʃpatniː,χɔlä,,,ˈzɫiː,,ˈvɔntʏr,,,,ˈdrenːɨ,,tsudi,doˈlent,ˈd̪ˠʊnˠə,ˈɪtlʊɹ,kaˈtːiːvo,druːɡ,t͡ʃeɖːa,zwɨ,ˈt̪ɔnə,ʃlɛçt,ˈbloːɡɐs,slɛxt,kaˈkos,ˈmalo,,,mo.vɛ,rəw,,ˈdoː.lɪ(ɡ),,plɐˈxoj,gläχä,,,vɑt
dig,,kɔˈpàːti,ɡraːvə,ɔntʰχɔru,ˈkopat,libərdʒɛ,,,ˈkɔpac,,,ɾakt,,eskaˈβaɾ,,,tʰχrä,kəˈva,ˈt̪ˠɔxəlʲ,,skaˈvare,,,ˈkɔ.pat͡ɕ,,ˈɡʁaːbən,,ˈɣraːvə(n),,ekskaˈbaɾ,,,kʁø.ze,,,,,kɐˈpatʲ,ntʰχɔruä,,,pʰɔˈɾɛl
fruit,ˈfɾu.ta,ˈsáːdɛʃ,frɔɡt,χilä,ˈovot͡sɛ,χil,,,ˈɔvɔt͡si̯ɛ,,ˈauːvœxstʏr,âwɡlis,fʁwɛs,ˈfɾojta̝,,meːs,χili,,ˈt̪ˠɔɾˠə,,ˈfru.tːo,fruːɨ̯θ,paɳɖu,ˈɔ.vɔt͡s,,fʁʊxt,ˈvai̯sʲʊs,vrʏxt,,ˈfɾuta,,plɔt,fʁɥi,,,ˈfrɵkt,,plot,χili,,fʁʊχt,pəˈtuʁ
hunt,kɐ.ˈsaɾ,lɔˈʋiːti,ˈjaːɡə,äbdʒɔbä,ˈlovɪt,litʰχwær,,,,,ˈveiːða,,,,palʲaˈvat͡sʲ,,nädirɔbä,kəˈsa,ˈʃɛlʲɪɟ,,katˈtʃare,,,pɔˈlɔ.vat͡ɕ,ˈʃaɫ̪ak,ˈjaːɡən,mʲɛˈdʲʒʲotʲɪ,ˈjaːɣə(n),,kaˈθaɾ,,,ʃa.se,,,ˈjɑːˌɡa,,ɐˈxotʲɪt͡sə,nädiruä,,,vɔɾˈsɑl
wife,es.ˈpo.za,ˈʒɛ̀ːna,,ɔχɔrdʒä,ˈmanʒɛlka,χɛχw,,druˈʐɪnɑ,,ˈfenno,ˈeiːjɪn.kʰɔːna,sīɛ̄va,ˈɡwʁɛːk,esˈposa̝,ˈʐonka,,tsɔli,ˈdɔ.nə,bʲanˠ,,ˈspɔ.za,ɡuˈrai̯ɡ,,ˈʐɔ.na,,,,vrɑu̯,,esˈposa,ˈʒɛna,ʒɛˈna,fam,,,hɵ̄sːtrʉ̂ː,ˈɡɾua,ʐɨˈna,ɔsuri,,,kin
burn,ɐɾˈdeɾ,,,ɔtʃʼu,ˈɦor̝ɛt,liʃχi,,,,,ˈprɛnːa,dekt,,,ɣaˈret͡sʲ,,tsʼvä,,d̪ˠoːɟ,,,ˈɬɔsɡɪ,kaːlu,ˈpa.lʲit͡ɕ ɕɛ,ɫ̪ɔʃɡ̊ʲ,ˈbʀɛnən,,ˈbrɑndə(n),,aɾˈdeɾ,ˈɡɔɾi,,bʁy.le,,,,,ɡɐˈrʲetʲ,tʃʼuälä,,,ajɾˈvɛl
nose,nɐˈɾiʃ,ˈnóːs,ˈnɛːsə,tʃχindi,nos,nɛpʰχwnä,,,,,nɛːv,,ˈfriː,naˈɾiθ,,st̪rudʲnʲ,tsχviri,ˈnas,sˠɾˠoːnˠ,nøːs,ˈna.zo,truːɨ̯n,,nɔs,s̪t̪ɾɔːn,ˈnaːzə,,nøːs,ˈmiti,naˈɾiθ,,nɔs,ne,,,ˈnɛːsˌa,,nos,tʃχvindi,nɪøs,,kʰitʰ
all,ˈto.ðu,ˈʋə́s,alə,iri,ˈfʃɪxɲɪ,mæg,,,ˈfʃɛtɔk,tut,,,,,,,qʼvɛlä,ˈtot,ˈɪlʲə,ˈat.lʊɹ,ˈtutto,ɪˈɡɨːd,,ˈfʂɨ.stɛk,,al,ˈvʲɪ.sɐs,ɑl,,ˈtodos,ˈsitɛ,,tus,tot,,ˈalˌa,ɡjiθ(ə),vʲesʲ,ärdzä,,ˈalə,bɔˈlɔɾ
worm,ˈvɛɾ.mɨ,ˈtʃə́rw,,tsʼitsʼi,ˈt͡ʃɛrf,mətʼ,,,ˈt͡ʃɛrw,,ˈmaθkʏr,,pʁɛ̃,ˈbɛɾme̝,,beˈʃtʲeːɡ,tʃʼiä,ˈkuk,pʲeːʃtʲ,,ˈvɛrme,,,ˈrɔ.bak,,,,,sku.ˈli.ci,ɡuˈsano,,ˈtʃɛrvɛj,vɛʁ,,,,kɾimb,t͡ɕerfʲ,tʃʼiä,,,vɔɾtʰ
foot,ˈpɛ,stɔˈpàːlɔ,foːd,tʼäbu,ˈnoɦa,lägæäm,,,ˈnɔɦa,pɛ,,,,ˈpɛ,naˈɣa,,tʼɛrpʰi,ˈpɛw,kɔsˠ,ˈfɔuːtʊɹ,ˈpjɛde,troːɨ̯d,,ˈstɔ.pa,kʰas,fuːs,,vut,ˈpoði,pje,,stəˈpalo,pje,piˈt͡ʃjor,fuːt,fuːt,kəm.bə,nɐˈɡa,närtʃäkʼutʃχi,,fʊs,vɔtkʰ
pull,pu.ˈʃa(ɹ),,trɛkə,ɔzdimu,ˈtaːɦnou̯t,libid,,tʲɐˈɦɑte,ˈci̯aɦnuc,,ˈtraːɣa,,,,t͡sʲaˈɣat͡sʲ,,mɔkʰätʃvä,tiˈɾa,,,t̪iˈrare,,,ˈt͡ɕɔŋ.ɡnɔɲt͡ɕ,,ˈtsiːən,,ˈtrɛkə(n),,tiˈɾaɾ,,,ti.ʁe,,,,,tʲɪˈnutʲ,zindäpʰi,,,kʰɑˈʃɛl
mouth,ˈbo.kɐ,ˈùːsta,mon,pʼidʒi,ˈuːsta,pʼil,ˈmulə,ˈrɔt,ˈuːsta,buko,ˈmʏnːʏr,mutɛ,ˈɡɵ̃ː.nu,,rot,ˈbiəl,pʼiri,ˈbo.kə,bʲia̯l̪ˠ,,ˈbokka,keːɡ,noːru,ˈu.sta,piaɫ̪,mʊnt,bʊrˈnɐ,mɔnt,,ˈboka,,usˈta,buʃ,,,mɵn,ˈɡɔjə,rot,pʼidʒi,mɔnt,,bɛˈɾɑn
year,ˈɐ.nu,ˈlèːtɔ,,tsʼänä,rok,zæ,iə̯r,,ˈrɔk,,auːr,,ˈblwaː,,ɣot,blʲeːnʲ,tsʼɛli,ˈaɲ,bʲlʲiənʲ,ɔaːɹ,ˈan.no,,,rɔk,,jaː(ɐ̯),,jaːr,ˈxɾonos,ˈaɲo,,ɡɔˈdinə,a.ne,an,oːr,,,ɡot,tsʼänä,jɑːr,jɔʁ,tɑˈɾi
name,ˈno.mɨ,iˈméː,,dʒɔχɔ,ˈjmɛːno,ʒäχɛ,,iˈmjɑ,ˈmɛnɔ,,napn,vàːɾds,,,jiˈmʲa,,säχɛli,ˈnɔm,ˈanʲəmʲ,naun,ˈno.me,ˈɛnʊ,,ˈi.mʲɛ,,ˈnaːmə,ˈvɐrːdɐs,naːm,ˈo̞no̞ˌma,ˈnom.bɾe,,ˈimɛ,nɔ̃,ˈnu.me,,namn,ɛməɾ,ˈimʲə,säχɛli,,nɔmɛn,ɑˈnun
where,ˈõ.d͡ʒi,ˈkjèː,,sɔ,ɡdɛ,imɛg,,ˈdɛ,ˈɡɟɛ,ˈunt,,kùɾ,,ˈonde̝,,,säd,ˈon,,,ˈdove,,,ɡd͡ʑɛ,,voː,kʊr,ʋaːr,,ˈdonde,ˈkadɛ,,u,ˈunde,,dɛːr,,ɡdʲe,sɔ,,vʊ,vɔɾˈtɛʁ
human,u.ˈmɐ.nu,tʃlɔˈʋèːʃki,,kʼɔtʃi,ˈlɪtskiː,ämswäld,,,,,,,,,,,ädämiäni,uˈma,,,,,,ˈlut͡s.kʲi,,mɛnʃlɪç,,,,uˈma.no,,,y.mɛ̃,o.meˈnesk,,²mɛnsklɪ(ɡ),,t͡ɕɪlɐˈvʲet͡ɕɪskʲɪj,kʼɔtʃi,,,mɑɾtʰkɑˈjin
at,ˈa,pri,,,u,ʒi,,,,,,,,,,,zɛ,a,ə,ʊiː,a,ʊrθ,,u,,an,pɐs,ɔp,ˈston,en,vɔ,,a,la,poː,poː,ˈnə,vɛ,,,,
ear,o(w).ˈvi.ðu,uˈxóː,øːrə,qʼudʒi,ˈuxo,ʃdim,,ˈwuxɔ,ˈu.xɔ,awˈɾeʎo,ˈeira,àws,skwaʁn,,ˈvuxa,kleːʃ,qʼuri,oˈɾə.ʎə,klˠuəsˠ,ˈɔira,ɔˈrekkjo,klɨːst,tʃeʋi,ˈu.xɔ,,oːr,ɐʊˈsʲɪs,oːr,aˈfti,oˈido,ˈuvɔ,uˈxɔ,ɔ.ʁɛj,uˈre.ke,,øːra,,ˈuxə,ʔudʒi,ʊər,ˈɔɪ.əʁ,ɑˈkɑnd͡ʒ
animal,ˌɐ.ni.ˈmaw,ʒiˈʋáːw,dyːr,häjväni,ˈʒɪvot͡ʃɪx,tsχɔwɛl,,tʋɐˈrɪnɐ,ˈʒivɔt͡ʃiːx,,tiːr,dzîunìɛks,ˈlo.ɛ̃n,,,,tsχɔvɛli,ə.niˈmal,anʲəvʲiː,t͡ʃɔuːr,aniˈmale,aˈnɪvai̯l,,ˈzvʲɛ.ʐɛ,,tiːɐ̯,ɡʲiːˈʋuːnɐs,dir,ˈzo.o,aniˈmal,ʒiˈvɔtnɔ,ʒiˈvɔtno,a.ni.mal,a.niˈmal,,jʉːr,,ʐɨˈvotnəjə,tsχɔvɛli,,,kɛntʰɑˈni
kill,ma.ˈta(ʁ),uˈbìːti,,ɔqʼvilu,ˈzabiːt,lidgæri,,,ˈzabic,,ˈtrɛːpa,nâːvɛ̂ːt,,,,,kʼvlä,məˈta,ˈmˠaɾˠə,,utˈt͡ʃi.de.re,ɬaːð,,zaˈbʲi.jat͡ɕ,maɾav,ˈtøːtən,,ˈdoːdə(n),skoˈtono,maˈtaɾ,ˈubiva,oˈbivəm,ty.e,omoˈrɨ,,ˈdøːda,,ʊbʲɪˈvatʲ,ʔviluä,,ˈtɛjtn̩,spɑˈnɛl
liver,ˈfi.ɡɐ.du,ˈjèːtra,leːvər,dʒigɛri,ˈjaːtra,qʼwiʒɛ,,,ˈpɛtʃɛɲ,,ˈlɪːvʏr,aknas,ˈɑːvy,,ˈpʲet͡ʂanʲ,eːn,ʁvidzli,ˈfe.d͡ʒə,eː,ˈliːvʊɹ,ˈfeɡato,ˈavɨ̞,,vɔnˈtrɔ.ba,,ˈleːbɐ,,ˈleːvər,,ˈiɡado,ˈd͡ʒiɡɛr,ˈtʃɛrɛn drɔp,fwa,,ˈleːʋɛr,,,ˈpʲet͡ɕɪnʲ,tʃχɔntʃχi,,,ljɑɾtʰ
squeeze,,,,ɔzdimu,,litʰlɛ,,,,,,,,espɾeˈmeɾ,,,mɔtʃʼɛrä,əsˈpɾe.mə,,,,,,ˈɕt͡ɕi.skat͡ɕ,,ˈdʁʏkŋ̩,,ˈklɛmə(n),,ekspɾiˈmiɾ,,,pʁɛ.se,,,,,ʐːɨˈmatʲ,mɔntʃʼirä,,,sɛʁˈmɛl
fight,lu.ˈtaɾ,,,ɔkʼɔkʼidinu,ˈbojovat,litsuäl,,,ˈbɔjɔvac,,,,,,,,tʃχubi,ʎujˈta,t̪ˠɾˠɪdʲ,,lɔt.ˈta.re,,,ˈval.t͡ʂɨt͡ɕ,,kɛm(p)fən,,ˈstrɛi̯də(n),,peleˈaɾ,,,batʁ,,,,,ˈdrat͡sːə,tʃχupʼi,,,kərˈvɛl
right,d͡ʒiˈɾejtu,praˈʋìːtsa,rɛt,mädzgväni,ˈpraːvo,lɛrsgwɛn,,,,,ˈrjɛhtɪntɪ,,,,ˈprava,,märdʒvɛnä,ˈdɾət,,,,hau̯l,,ˈpra.vɔ,,ʁɛçt,,rɛxt,ðiˈceoma,deˈɾet͡ʃo,,,dʁwɑ,drept,rɛtː,,,ˈpravə,märdzgväni,,,iɾɑˈvuŋkʰ
long,ˈlõ.ɡu,ˈdɔ́ːwk,lanɡ,gundzɛ,ˈdlou̯ɦiː,dʒwɛdi,,ˈdɔu̯ɦei̯,ˈdl̩ɦiː,,ˈlaŋkʏr,,,,ˈdou̯ɣʲi,,grdzɛli,ʎuˈɲa,ˈfˠɑd̪ˠə,ˈlɛŋkʊɹ,ˈlunɡo,hiːr,,ˈdwu.ɡʲi,fad̪̊ə,laŋ(k),,lɑŋ,,ˈlarɡo,,ˈdɤlək,lɔ̃,luŋɡ,,lɔŋ,,ˈdlʲinːɨj,gindzɛ,,,jɛɾˈkɑɾ
not,nɐ̃w̃,ˈnɛ́,ekə,vär,nɛ,dɛmɛ,ˈnɛt,ˈnɛ,,,ˈɛhcɪ,,,ˈnʊŋ,nʲe,,är,ˈno,n̠ʲiː,ˈɪʰtʃːɪ,non,dɪm,,ɲɛ,,nɪçt,,nit,ðe̞,no,,nɛ,nə,nu,²ɪçːə,ˈɪnˌtɛ,nʊk,nʲɪ,vär,ni,nit,t͡ʃʰ
because,poʁ.ˈke,kɛr,,ɔkʰi,ˈprotoʒɛ,läχä,,bɔ,ˈprɛtɔʒɛ,,,,,,,,rädgän,pəɾˈkə,oːɾʲ,tʊiː,perˈke,ˈaχɔs,,bɔ,ˈɔir,vaɪ̯l,nʲɛs,ɔm.ˈdɑt,,ˈporke,,,paʁ.skə,ˈpen.tru kə,,,,pətɐˈmu‿ʂtə,räχäns,,,vɔɾɔfhɛˈtɛv
ash,,pɛˈpéːw,,nɔmtʃkʰä,ˈpopɛl,kʰæm,ˈjɪskə,ˈpɔpʲil,ˈpɔpɔɫ,,ˈaska,,ˈlyːdy,,ˈpopʲeɫ,,pʰɛrpʰli,,l̪ˠuə,ˈœska,,ˈɬɨ̞dʊ,buːɖida,ˈpɔ.pʲuw,,ˈaʃə,,ɑs,,θeˈniθa,,ˈpɛpɛl,sɑ̃dʁ,,,,,ˈpʲepʲɪl,nätʃʼvi,,,moˈχiɾ
rotten,ˈpo.ðɾɨ,ˈɡníːw,rɔdən,χtsäpʰɛri,ˈzɦɲɪliː,mɛkʰwrɛ,,,ˈɦɲiliː,,,,,ˈpoðɾe̝,ɣnʲiˈɫɨ,,dämpʼäli,,ˈl̪ˠɔfˠə,,,,,ˈzɡɲi.wɨ,,faʊ̯l,,rɔt,ˈsapços,,,,puʁi,ˈpu.tred,,,,ɡnʲɪˈloj,ʔɔrädili,,,pʰəˈtɑt͡s
dull,ˈsɛ.ɣu,ˈtɔ́p,sløːv,dʒängulä,ˈtʊpiː,luwrɛ,,,ˈtupiː,,,,,,tuˈpɨ,,blägvi,,,,,,,ˈtɛm.pɨ,,ʃtʊm(p)f,,bɔt,,ˈromo,,,e.mu.se,toˈt͡ʃit,,,,tʊˈpoj,dʒärguliä,,,butʰ
breathe,ʁɨʃ.pi.ˈɾaɾ,,ɔnə,ɔʃvänu,ˈdiːxat,liχwäntʼɛ,,,ˈdiːxac,,ˈanta,,,,,,suntʰkʰvä,rəs.piˈɾa,,,respiˈrare,anˈadlɨ̞,,ɔdˈdɨ.xat͡ɕ,,ˈaːtmən,,ˈaːdəmə(n),a.naˈpne.o,,,,ʁɛs.pi.ʁe,,,,,dɨˈʂatʲ,,,,ʃənˈt͡ʃʰɛl
fat,ɡoɹ.ˈdu.ɾa,,fet,jäʁi,,mətʃχim,,,tuk,,ˈfɪːta,,,,,,tsχimi,,sˠail̠ʲ,ˈfiːtɪ,ˈɡras.so,ˈbrastɛr,koʋːu,twuʂt͡ʂ,,fɛt,rʲɪəbɐˈlɐɪ̯ˑ,vɛt,ˈli.pos,ˈɡɾasa,,,ɡʁɛs,,,fɛt,,ʐɨr,gägäbi,,,t͡ʃɑɾp
sleep,duɾ.ˈmiɾ,ˈspaːti,,ndʒiri,spaːt,uʒ,,,ˈspac,,ˈsɔːva,ɡulɛ̂ːt,,,,,dzili,duɾˈmi,ˈkɔd̪ˠɪlʲ,,dorˈmire,ˈkəsɡɨ̞,,spat͡ɕ,,ˈʃlaːfn̩,,ˈslaː.pə(n),ciˈmame,dorˈmiɾ,,spʲɤ,dɔʁ.miʁ,dorˈmi,,soːva,,spatʲ,luri,,,kʰəˈnɛl
live,viˈveɾ,ʒiˈʋeːti,leːvə,skʰidälä,ʒiːt,lidrɛ,ˈlɪbjə,,ˈʒic,,ˈlɪːva,dzîːvuôt,,,,,tsχɔvrɛbä,ˈviw.ɾə,mˠaɾʲ,,ˈvi.ve.re,bɪu̯,,ʐɨt͡ɕ,,ˈleːbən,ɡiˈʋæntɪ,ˈleːvə(n),ˈzo,biˈbiɾ,,ʒiˈvɛjə,vivʁ,trəˈi,,leːva,jɛˈtɔj,ʐɨtʲ,rinä,,,ɑpˈɾɛl
leaf,ˈfo.ʎɐ,ˈlíːst,blad,pʰävri,ˈlɪst,bälɛ,,,ˈlist,ˈfɥɛʎo,løyːv,,ˈde.ljɛ̃n,ˈfo.ʎɐ,lʲist,ˈd̪olʲaɡ,pʰɔtʰɔli,ˈfu.ʎə,ˈdʲɪloːɡ,blɛaː,ˈfɔʎʎa,ˈdei̯lɛn,aːku,lʲiɕt͡ɕ,,blat,,blɑt,ˈfilo̞,ˈoxa,,,fœj,ˈfrun.zə,,,,lʲist,pʰurtsɛli,blɑːr,blat,tɛˈɾɛv
you,tu,ˈtíː,du,tʰkʰvän,tɪ,sgæ,doː,ˈtɪ,ˈti,ty,θu,tu,,,,u,tʰkʰvɛn,ˈtu,t̪ˠuː,tʰʉuː(w),t̪u,tiː,,tɨ,hu,duː,tʊ,jɛi̯,e̞ˈsi,ˈtu,ti,ti,ty,tu,dʉː,dʉː,ti,tɨ,tʰkʰvä,jəi,,du
how,ˈko.mu,kaˈkòː,,mutʃʼɔ,jak,imʒi,,,ˈjak,,,,,,,,rɔgɔr,ˈkɔm,ˈkʊnˠəsˠ,,ˈkome,sɨ̞t,,jak,,viː,kaɪˑp,ɦu,ˈpos,ˈkomo,ˈkakɔ,,kɔ.mɑ̃,kum,ˈkʊrlæɪs,hʉːr,si,kak,mutʃʼɔ,,,int͡ʃʰˈpɛs
white,ˈbɾɐ̃.ku,ˈbéːw,,χtʃɛ,ˈbiːliː,tʰɛtʰnɛ,vit,ˈbʲilei̯,ˈbi̯ɛli,,ˈxʷiːtʏr,bālts,,ˈbɾaŋkʊ,ˈbʲeɫɨ,,tʰɛtʰri,ˈblaŋk,bˠɑːn̪ˠ,ˈkvʊiːjtʊɹ,ˈbjaŋko,ɡwɨ̞n,,ˈbʲa.wɨ,kʲaɫ̪,vaɪs,ˈbaːltɐs,ʋɪt,ˈaspro̞s,ˈblanko,,bʲal,blɑ̃,alb,kʋiːt,,baːɾð,ˈbʲelɨj,tʃɛ,vət,vajs,əspiˈtɑk
if,sɨ,tʃɛ,ves,vänä,ˈjɛstlɪʒɛ,läχ,ɔs,,ak,,ɛːv,,,,,,tʰu,ˈsi,mˠɑː,,se,ɔs,,ˈjɛɕ.lʲi,,vɛn,jæj,ɑ(l)s,,si,ˈakɔ,,si,ˈda.kə,,ɔm,,ˈjes⁽ʲ⁾lʲɪ,vär,,,jɛˈtʰɛ
husband,ma.ˈɾi.du,ˈmóːʃ,mæn,kʰɔmɔli,ˈmanʒɛl,tʃʼæʃ,,t͡ʃɔlɔˈu̯ʲik,,,ˈeiːjɪn.maːðʏr,vīːɾs,ˈɡwaː,,muʂ,,kʰmäri,məˈɾit,fʲaɾˠ,ˈmɛaːvʊɹ,maˈri.to,ɡuːr,,mɔŋʂ,,,ˈʋʲiːrɐs,mɑn,,maˈɾido,maʃ,ˈmɤʃ,ma.ʁi,sots,,ˈmɑːˌkɛ,bur,muʂ,kʰɔmɔndʒi,,,ɑmuˈsin
fire,ˈfo.ɣu,ɔ̀ːɡənʲ,il,dätʃχuri,ˈoɦɛɲ,lɛmɛsg,fjuə̯r,wɔˈɦɔnʲ,ˈɔɦɛɲ,,ˈɛltʏr,uɡuns,ˈtɑ̃ːn,ˈlu.mɪ,aˈɣonʲ,,tsɛtsχli,ˈfɔk,ˈtʲɪnʲə,,ˈfwɔko,taːn,,ˈɔ.ɡʲɛɲ,ˈtʰʲenə,ˈfɔʏər,ʊɡˈnʲɪs,vyr,foˈtça,ˈfweɡo,,ˈɔɡən,fø,fok,ɛld,ˈɛld,zjaɾm,ɐˈɡonʲ,dätʃχiri,fyːr,,kəˈɾɑk
smell,ˈʃɐj.ɾu,,loɡt,ɔʃuru,ˈvuːɲɛ,likʰwni,,,,,lɪxt,,,,pax,,qʼnɔsvä,oˈlo,,,oˈdo.re,,,ˈza.pax,,ɡəˈʁʊχ,,ɣøːr,miɾoˈðʝa,,,,ɔ.dœʁ,,,,ɛːɹ,ˈzapəx,ʃuräpʰä,,,hɔt
walk,ɐ̃.ˈdaɾ,,ɡɔː,gɔlvä,jiːt,lizɛläl,,,ˈiːsc,,ˈkauŋka,iɛ̂t,,,,,siäruli,kə.miˈna,ʃuːlʲ,,kammiˈnare,ˈkɛrðɛd,,iɕt͡ɕ,,ˈlaʊ̯fən,ˈɛjːtʲɪ,ˈloːpə(n),,kamiˈnaɾ,ˈɔdi,ˈxɔdʲə,maʁ.ʃe,ˈmer.d͡ʒe,,ɡoː,ˈɛtsi,xɐˈdʲitʲ,gilulä,lʊəp,,kʰɑjˈlɛl
push,ẽ.pu.ˈʁaɾ,,skɔbɘ,mɛkʼäntʃʼinu,ˈtlat͡ʃɪt,likʰχɛ,ˈtrjoːə,,ˈtɫat͡ʃic,,ˈr̥ɪnta,,,,,,mitsʼɛvä,əmˈpə.ɲə,,,ˈspindʒere,,,pxat͡ɕ,,ˈdʁʏkŋ̩,,ˈdyu̯ə(n),,empuˈxaɾ,,,pu.se,,,²ɧʉːta,,tɐlˈkatʲ,ɛkʼɔkʼinä,,,həˈɾɛl
mother,mɐ̃j̃,ˈmàːti,,nänä,ˈmatka,di,,ˈmɑte,ˈmatka,ˈmajɾe,ˈmamːa,māːtɛ,ˈmãmː,ˈnaj,,maːɹ,dɛdä,ˈma.ɾə,ˈmˠɑːhəɾʲ,ˈmɔuwɪr,ˈma.dre,mam,,ˈmat.ka,ˈmaːhəɾʲ,ˈmʊtɐ,,ˈmu.dər,miˈtera,ˈmadɾe,,ˈmajkə,mɛʁ,ˈma.mə,,muːr,,matʲ,didä,,ˈmʊtəʁ,mɑjɾ
sharp,a.fi.ˈa.du,ˈòːstər,,mtʃʼkʼirulä,ˈostriː,bæsr,,,,,xʷasː,as,,,ˈvostrɨ,,bäsri,əz.moˈlat,ɟeːɾˠ,ˈkvasːʊr,affiˈlato,,,ˈɔ.strɨ,,ʃarf,ɐʃt̪ˈrʊs̪,sxɛrp,kofteˈros,aˈɡudo,,osˈtɤr,a.fi.le,as.kuˈt͡sit,,,,ˈostrɨj,kʼväntʰiri,,,suɾ
wet,muˈʎaðu,ˈmòːkər,vɔːd,ʃu,ˈmokriː,məʒir,,,ˈmokriː,,ˈvɔːtʏr,slapʲʃ,,,ˈmokrɨ,,svɛli,ˈmɔʎ,fʲlʲʊx,,baɲˈɲato,ɡwlɨːb,,ˈmɔ.krɨ,flux,nas,,nɑt,,moˈxado,,,mu.je,ud,,voːt,,ˈmokrɨj,ʃɔliri,,,tʰɑt͡sʰ
tail,ˈʁa.bu,ˈrɛ́p,haːlə,kʼudɛli,ɔtsas,hækʼwɛd,,,ˈxvɔst,,ˈhaːlɪ,astɛ,,ˈraβo̝,xvost,,kʼudi,ˈku.ə,ˈɾˠɨbˠəl̪ˠ,,ˈkoda,ˈkənfɔn,,ˈɔ.ɡɔn,,ʃvant͡s,,staːrt,,ˈkola,ˈɔpaʃka,,kø,ˈkʷadə,,svans,,xvost,kʼudɛli,,,pɔt͡ʃʰ
tie,ɐˈtaɾ,,benə,mɛkʼiru,ˈpr̝̊ɪvaːzat,libɛm,,,,,,,,,,,däbmä,,,,leˈɡare,,,ˈvʲɔ̃.zat͡ɕ,,ˈbɪndn̩,ˈrʲɪʃʲtʲɪ,ˈknoːpə(n),,aˈtaɾ,,,lje,,,,,ˈsvʲazɨvətʲ,dɔkʼiruä,,,kɑˈpɛl
dirty,ˈsu.ʒu,uˈmáːzan,beskit,lɛbɔni,ˈʃpɪnaviː,lətsʼid,,,,,ˈouːr̥eitn,nɛtīːɾs,,,ˈbrudnɨ,,tʃʼutʃʼqʼiäni,ˈbɾut,sˠəˈl̪ˠax,,ˈspɔrko,,,ˈbrud.nɨ,,ˈʃmʊt͡sɪç,,vœy̯l,,ˈsuθjo,,,sal,murˈdar,²ʃɪtːn̩,,,ˈɡrʲaznɨj,tsʼindämi,,,kɛχˈtɔt
three,ˈtɾeʃ,ˈtríːjɛ,,sum,tr̝ɪ,sɛmi,,trɪ,ˈtri,tres,θriːr,trîːs,,,,t̪riː,sämi,ˈtɾəs,tʲɾʲiː,trʊdʒɪr,tre,triː,muːɖu,tʂɨ,,dʁaɪ̯,,dri,ˈtri.a,tɾes,,,tʁwɑ,trej,,treː,tɾɛ,trʲi,sumi,,dʁaj,jɛˈɾɛkʰ
blow,suˈpɾaɾ,,blɛːsə,bäräpʰä,ˈvaːt,libɛlɛ,,,,,,,,,,,bɛrvä,buˈfa,ʃeːdʲ,,sofˈfjare,ˈχwəθɨ̞,,ˈdmu.xat͡ɕ,,ˈblaːzn̩,ˈpǔːsʲtʲɪ,ˈblaːzə(n),,,ˈduva,,su.fle,,,,,dutʲ,bäruä,,,pʰəˈt͡ʃʰɛl
correct,ku.ˈʁɛ.tu,praˈʋíːlən,,mtʰini,ˈspraːvniː,mɛgu,,,,,ˈrjɛht,paɾɛ̄īs,,,praˈvʲilʲnɨ,,stsʼɔri,koˈrɛk.tə,,,korˈrɛtto,ˈkəu̯ɪr,,pra.vʲiˈdwɔ.vɨ,,kɔˈʁɛkt,,,so̞ˈsto̞s,koˈreɡto,,ˈvɛrɛn,kɔʁɛkt,koˈrekt,,,,ˈpravʲɪlʲnɨj,tʰinu,,,t͡ʃiʃt
forest,floˈɾɛs.ta,ˈɡɔ́st,,gɛrmä,lɛs,tsχɛkʼ,,,ˈlɛs,,ˈskouːʏr,,ˈkwɑːt,ˈbɔske,lʲes,kiːlʲ,tʼqʼɛ,ˈbɔsk,kiːlʲ,,,ˈkɔɨ̯dwɪɡ,,las,ˈkʰɤʎə,valt,ˈmɪʂ.kɐs,ʋɑu̯t,ˈðasɔs,ˈboske,ˈʃuma,ɡoˈra,fɔ.ʁɛ,pə.ˈdu.ɾe,,skuːɡ,pyɫ,lʲes,tʼqʼä,bɔs,,ɑnˈtɑr
sun,ˈsɔɫ,ˈsóːntsɛ,soːl,mʒɔrä,ˈslunt͡sɛ,miʒ,,ˈsɔnt͡sɛ,ˈsɫ̩ŋkɔ,suˈlel,souːl,sāūle,,s̺ol,ˈsont͡sa,ɡriːn,mzɛ,ˈsɔl,ɟɾʲiənˠ,sɔuːl,ˈso.le,haɨ̯l,,ˈswɔɲ.t͡sɛ,,ˈzɔnə,ˈsɑuleː,,ˈi.ʎos,ˈsol,ˈsɔnt͡sɛ,ˈslɤntsɛ,sɔ.lɛj,ˈso̯are,suːl,suːl,,ˈsont͡sə,bʒä,,zʊn,ɑˈɾɛv
rain,ˈʃu.vɐ,ˈdə́ʃ,ˈʁɑɪ̯ˀn,mtʃʼimä,ˈdɛːʃc,utʃχɛ,rai̯n,dɔʃt͡ʃ,daːʃc,ˈplɥɛ(d)ʒo,ˈrɪkniŋk,liɛ̂tus,,ˈt͡ʃuβja̝,doʂt͡ʂ,flʲaː,tsʼvimä,ˈplu.ʒə,ˈbˠɑːʃtʲəx,ɹɛkn,ˈpjɔddʒa,ɡlau̯,,dɛʂt͡ʂ,ˈɯʃkʲə,ˈʁeːɡən,ljɛˈtʊs,ˈreː.ɣə(n),vɾoˈçi,ˈʎubja,dɔʃt,dɤʃt,plɥi,ˈplʷaje,,rɛŋn,ʃiː,doʂtʲ,tʃʼvɛmä,rɪə̯(n),,ɑnd͡zˈɾɛv
star,ɨʃˈtɾelɐ,ˈzʋèːzda,stjɛrnə,murutsχi,ˈɦvjɛzda,ämtʼqʼwæsg,,,ˈɦvi̯ɛzda,,ˈstjartna,zvàjɡznɛ,ste.ˈʁe.dɛ̃n,es̺ˈtɾelɐ,ˈzorka,,värskʼvlävi,əsˈtɾə.ʎə,ˈɾˠeːl̪ˠt̪ˠə,ˈʃœtna,ˈstel.la,ˈsɛrɛn,,ˈɡvʲaz.da,rˠeːɫ̪,ʃtɛʁn,ʒʋɐjɡʲʒʲˈdʲeː,stɛr,,esˈtɾeʎa,ˈd͡zvɛzda,zvɛzˈda,e.twal,,²stjɛrnə,²ɧæːɳa,yɫ,zvʲɪzˈda,murutsχi,,ˈʃtɛʁən,ˈɑstəʁ
night,ˈnoj.tɨ,noːtʃ,nad̥,sɛri,not͡s,lɛtʰ,ˈnaxt,ˈnʲit͡ʃ,ˈnɔt͡s,ˈnɥɛtʃ,nouʰt,nakts,,ˈnojt̪ɪ,not͡ʂ,ɛi,ʁämɛ,ˈnit,ˈiːhə,nɔʰtː,ˈnɔtːe,noːs,raːtri,nɔt͡s,,naxt,nɐkˈtɪs,nɑxt,ˈnixta,ˈnot͡ʃe,nɔc,nɔʃt,nɥi,ˈno̯ap.te,nɑtː,natː,ˈnaːt,not͡ɕ,sɛri,naχ,,ɡiˈʃɛɾ
he,ˈe.li,ˈɔ́n,han,ɛjä,on,ɛdʒi,hɛi̯,ˈʋʲin,ɔn,,ˈhanː,viɲʃ,,ˈel,jon,,is,ˈeʎ,ʃeː,,ˈlui,eːv,,ɔn,ɛ,ʔeːɐ̯,jɪs,ɦɛi̯,aˈftos,el,tɔj,t̪ɔj,il,,,hanː,,on,tʰinä,,,nɑ
fish,ˈpɐjʃɨ,ˈrìːba,fesk,tʃχɔmi,ˈrɪba,tsuz,fɪsk,ˈrɪbɐ,ˈriba,,ˈfɪskʏr,ziws,,ˈpejʃe̝,ˈrɨba,jiːst,tʰɛvzi,ˈpeʃ,iəsˠk,ˈfɪskʊɹ,ˈpeʃːe,pəsˈɡɔdɨ̯n,t͡ʃeːpa,ˈrɨ.ba,,fɪʃ,,vɪs,ˈp͡sari,ˈpeθ,,ˈribə,pwa.sɔ̃,ˈpeʃte,,fɪsk,pɛʃk,ˈrɨbə,tʃχɔmi,fəs,fɪʃ,d͡zuk
seed,sɨˈmẽtɨ,ˈsèːmɛ,sɛːd,tʰäsi,ˈsɛmɛno,læʃi,,ˈsʲimjɐ,ˈsɛmɛnɔ,,fraiː,,,seˈmɛnte̝,naˈsʲenʲːe,,tʰɛsli,ʎəˈvo,ʃiːl,fɹɛaː,ˈseme,haːd,,naˈɕɛ.ɲɛ,,ˈzaːmən,ˈsʲeːklɐ,zaːt,ˈspo̞ro̞s,,,ˈsɛmɛ,sə.mɑ̃s,səˈmɨntsə,frøː,,ˈfaːɾ,ˈsʲemʲə,tʰäsi,,ˈzɔɪ̯mn̩,sɛɾm
water,,,vand,tsʼkʼäri,ˈvoda,lits,ˈvɛtər,wɔˈdɑ,ˈvɔda,,vaʰtn,ûːdɛns,ˈduːʁ,ˈaw.ɡa,vaˈda,ˈuʃtʲə,tsʼqʼäli,ˈaj.ɡwə,ˈɪʃcɪ,vaʰtn,,duːr,,ˈvɔ.da,ˈɯʃkʲə,ˈva.sɐ,,ˈʋaːtər,neˈro,ˈaɡwa,,,o,ˈapə,ˈʋɑtn̩,ˈvatːɛn,ˈujə,vɐˈda,tsʼqʼäri,ˈvɑːtər,,d͡ʒuɾ
bird,ˈpa.sa.ɾu,ˈptítʃ,fuːl,kʼintʃi,ptaːk,næpʼr,,ˈptɑx,ˈftaːk,awˈsɛl,fʏkl,,,,,ˈoʒaɡ,tʃitʼi,ˈaw,eːnˠ,,uˈt͡ːʃɛlːo,aˈdɛrɨ̞n,pakʂi,ptak,ian,ˈfoːɡəl,ˈpɒʊk.ʃtʲɪs,ˈvoːɣəl,puˈli,ˈpaxaɾo,ˈpti.t͡sa,ˈptitsə,wa.zo,,fʉɡl,foːɡəl,zɔɡ,ˈptʲit͡sə,kʼvintʃä,,fɔjɡl,tʰərˈtʃʰun
sing,kɐ̃ˈtaɾ,ˈpɛ̀ːti,sønɡə,ɔbiru,ˈspiːvat,liʁräl,,sʲpʲiˈu̯ɑte,,,ˈsiɲca,dziɛ̂dâːt,,,,,mʁɛrä,kənˈta,kanˠ,,kanˈtaːre,ˈkanɨ̞,,ˈɕpʲɛ.vat͡ɕ,,ˈzɪŋən,dɐjˈnuɔtʲɪ,ˈzɪ.ŋə(n),,kanˈtaɾ,,ˈpɛjə,ʃɑ̃.te,kɨnˈta,²sʏŋːjɑ,,kənˈdɔj,pʲetʲ,birä,səŋ,ˈzɪn.ɡn̩,jɛɾˈkʰɛl
grass,ˈɡɾɐ̃mɐ,ˈtràːʋa,,tʼkʼä,ˈtraːva,mɛl,ɣɛːs,,ˈtraːva,ˈɛrβo,kraːs,,ˈɡɛwt,ˈɛɾβa̝,,feːə,bäläχi,ˈeɾ.bə,fʲeːɾˠ,kɹɛaːs,ˈɛrba,ˈɡlaswɛɬd,ɡaɖːi,ˈtra.va,ˈfiəɾ,ɡʁaːs,ʒoˈlʲeː,ɣrɑs,,ˈpas.to,,trɛˈva,ɛʁb,ˈjar.bə,ɡrɑːs,,baɾ,trɐˈva,tʼqʼä,,ɡʁɔz,χɔt
eat,ko.ˈme(ʁ),,spiːsə,ɔtʃʼkʼɔmu,jiːst,lizwɛb,,,,,,,,,,,tʃʼämä,məɲˈʒa,ɪ,,manˈdʒa.re,,,,,ˈʔɛsn̩,,,ˈtro̞o̞,koˈmeɾ,ˈjadɛ,,mɑ̃.ʒe,luˈa,,ˈɛːˌta,,jesʲtʲ,tʃʼkʼɔmuä,,,uˈtɛl
new,ˈno.vu,ˈnɔ́w,nyː,äʁäni,ˈnoviː,mäχɛ,nɛi̯,,ˈnɔviː,,niːr,jaûns,ˈne.ve,ˈnɔ.βʊ,,,äχäli,ˈnɔw,n̪ˠuə,nʊt͡ʃːʊɹ,ˈnwɔ.vo,ˈnɛu̯ɨ̞ð,kotːa,ˈnɔ.vɨ,uːɾ,nɔʏ̯,,niu̯,ˈne̞o̞s,ˈnwebo,,nɔf,nu.vo,now,,ny,ɾi,ˈnovɨj,äχäli,,,nɔɾ
with,kõ,s,mɛd,kʼälä,s,tsäχæn,,z,s,,,,,ko̝ŋ,,,tʰän,əmb,lʲɛ,viː,kon,a,,s,,mɪt,sʊ,mɛt,me̞,kon,,sɤ,a.vɛk,ku,meː,meː(d),mɛ,s,tsʼkʼɛlä,,,hɛt
two,ˈdojʃ,ˈdʋáː,toː,ʒur,dva,jɔri,,ˈdʋɑ,ˈdva.ja,,tʰveiːr,,,,dva,d̪eː,ɔri,ˈdos,d̪ˠoː,,ˈdu.e,daɨ̯,,dva,,t͡svaɪ̯,,tʋeː,ˈðiˌo̞,dos,,,dø,doj,,tvoː,dy,dva,ʒiri,tvɪə̯,tsvɛj,jɛɾˈku
fly,ˈmos.ka,ˈmùːxa,fluːə,ɔpʰutʰχinu,ˈmou̯xa,lipʼɛr,mɪx,,ˈmuxa,,ˈflʏːɣa,muʃa,,ˈmoska̝,,,pʰrɛnä,ˈmos.kə,kɪˈlʲoːɡ,ˈfluː(w)ʊ,,,iːɡa,ˈmu.xa,,ˈfliːɡə,,vlix,ˈmiɣa,ˈmoska,,muˈxa,muʃ,,²flʉːɡə,,,ˈmuxə,pʰurinuä,,,t͡ʃɑnt͡ʃ
hold,ˌse.ɡu.ˈɾa(ɹ),,,ɔkʰätʃu,dr̩ʒɛt,lirmi,hɔːdə,,ˈdr̩ʒac,,ˈhalta,tuɾɛ̂ːt,,,trɨˈmat͡sʲ,,dätʃʼɛrä,ə.ɡwənˈta,ˈkɪn̠ʲə,,teˈne.re,dal,,ˈtʂɨ.mat͡ɕ,kʰuːm,ˈhaltn̩,tʊˈɾʲeːtʲɪ,ˈɦɑu̯də(n),,aɡwanˈtaɾ,,,tə.niʁ,ˈt͡si.ne,,,mbaj,dʲɪrˈʐatʲ,däkʼinɛbä,ɦœu,,bərˈnɛl
fear,ˈme.du,ˈstráːx,,ʃkʼurinä,ˈstrax,mäqʼäl,,,strax,,ˈr̥aiðstla,bâjlɛs,ɔ̃n,,,,ʃiʃi,ˈpo,ˈaɡlˠə,,paˈu.ra,,,strax,,ʔaŋst,,ɑŋst,,ˈmjedo,,,pœʁ,ˈfrikə,,,ˈfɾik(ə),strax,ʃkʰurini,frɪəs,,vɑχ
salt,ˈsaɫ,ˈsóːw,salt,dʒumu,suːl,dʒim,,ˈsʲilʲ,ˈsɔʎ,,sal̥t,sàːls,,s̺al,,ˈsolan,märili,ˈsal,ˈsalˠən̪ˠ,sal̥t,ˈsale,ˈhalɛn,,sul,,zal(t)s,,zɑu̯t,aˈlati,sal,,,sɛl,ˈsa.re,,salt,ˈkɹi.pə,solʲ,dʒimu,,,ɑʁ
egg,ˈo.vu,ˈjàːjtsɛ,ɛːɡ,mäkʰväli,ˈvɛjt͡sɛ,ləgrɛ,aːi̯,,ˈvajt͡sɛ,,ˈɛkː,uōla,,ˈɔ.βʊ,ˈjajka,au,kʼvɛrtsχi,ˈɔw,uː,ɛkː,ˈwɔ.vo,uːɨ̯,ɡuɖːu,ˈja.jɔ,u,aɪ̯,,ɛi̯,ta.oˈa,ˈwebo,ˈjajt͡sɛ,jəiˈt͡sɛ,œf,ow,ɛɡː,ɛɡː,,(j)ɪjˈt͡so,märkʰväli,ˈəiər,,d͡zu
thin,ˈfi.nu,,,tʰitʰχu,ˈtɛŋkiː,dətʰχɛl,,,ˈcɛŋkɔ,,ˈθʏnːʏr,tiêws,,,ˈtonkʲi,,tʰχɛli,,keːl̪ˠ,,sotˈtile,ˈtɛnaɨ̯,,ˈt͡ɕɛn.kʲi,,dʏn,,,,ˈfino,ˈtɛnɔk,ˈtɤnək,mɛ̃s,slab,,,,ˈtonkʲɪj,tʰχitʰχu,,,bɑˈɾɑk
hair,kɐ.ˈβe.lu,ˈláːs,,tʰɔmä,ˈvlasɪ,pʰätʰw,,wɔˈlɔsʲːɐ,,,hauːr,mats,,kaˈβ̞elʊ,ˈvoɫas,,tʰmä,kəˈbəʎ,ɡɾˠuəɟ,hɔaːɹ,,ɡwaːɬd,,ˈvwɔ.sɨ,,haːɐ̯,,ɦaːr,,kaˈbeʎo,ˈkɔsa,koˈsa,ʃə.vø,,hoːr,hoːr,ˈcimɛ,ˈvoləsɨ,tʰumä,,hɔʁ,
bite,muɾˈðeɾ,,biːdə,ɔkʼibinu,ˈkou̯sat,liqʰɛpʰ,,,,,ˈpiːta,kuôst,,,kuˈsat͡sʲ,,kʼbɛtʃä,mo.səˈɡa,,,ˈmɔrdere,knɔj,,,,ˈbaɪ̯sn̩,,ˈbɛi̯tə(n),ðaŋˈɡono,,ɔdˈɡrizuva,ot̪ˈxapvəm,mɔʁdʁ,muʃˈka,,,kafˈʃɔj,ɐtˈkusɨvətʲ,χitʃuä,,,kəˈtsɛl
yellow,ɐ.mɐ.ˈɾɛ.lu,ruˈmɛ́n,ɡuːl,säri,ˈʒlutiː,qʼwitʰɛl,,ˈʒɔu̯tei̯,ˈʒɫ̩tiː,,ˈkʏːlʏr,dzæ̀ltæns,,,ˈʐou̯tɨ,,qʼvitʰɛli,ˈɡɾɔk,bˠiː,ˈkuːlʊɹ,ˈdʒal.lo,ˈmɛlɨ̞n,,ˈʐuw.tɨ,ˈb̥ujə,ɡɛlp,,ɣeːl,,amaˈɾiʎo,,ʒɤlt,ʒon,ˈɡal.ben,,ɡʉːl,,ˈʐoltɨj,ʔvintʰɛli,χɪə̯l,,dɛˈʁin
tongue,ˈlĩ.ɡwɐ,ˈjɛ̀ːzik,tɔnɡə,nɛnä,ˈjazɪk,nin,,jɐˈzɪk,ˈja.zik,ˈleŋɡo,ˈtʰuŋka,mɛ̀ːlɛ,ˈtɛwt,,jaˈzɨk,ˈtʃɛnʲə,ɛnä,ˈʎəŋ.ɡwə,ˈtʲaŋə,ˈtʰʊŋka,ˈliŋ.ɡwa,ˈtavɔd,,ˈjɛ̃.zɨk,tʰʲɛŋɡə,ˈtsʊŋə,,tɔŋ,ˈɣlosa,ˈlenɡwa,ˈjazik,ɛˈzik,lɑ̃ɡ,ˈlimbə,,ˈtɵŋˌa,ˈɟʑuhə,(j)ɪˈzɨk,ninä,,tsʊŋ(ɡ),lɛˈzu
head,kɐ.ˈβe.sɐ,ˈɡlàːʋa,hoːvəd,dudi,ˈɦlava,tʰχwim,ˈholə,ɦɔlɔˈu̯ɑ,ɦɫava,kap,hœːvʏθ,ɡâlva,pɛ̃n,ˈtɛsta̝,ɣaɫaˈva,caun,tʰävi,ˈkap,caun̪ˠ,hœtː,ˈtɛs.ta,pɛn,tala,ˈɡwɔ.va,,kɔpf,,ɦoːft,ce̞ˈfali,kaˈbeθa,,ɡləˈva,tɛt,kap,,ˈhʉːˌvɵd,kɔkə,ɡəlɐˈva,dudi,,,ɡəˈluχ
breast,ˈsɐj.u,,brøst,gjɔnkʰsi,pr̩s,mutʃʼwɛd,,,ˈpr̩sɲiːk,,prjoust,,,,,,mkʼɛrdi,ˈpit,,brœst,ˈse.no,brɔn,t͡ʃan̪ːu,pʲɛrɕ,kʰʲiəx,bʁʊst,,bɔrst,ˈstiθos,ˈpet͡ʃo,ˈɡrada,ɡərˈda,sɛ̃,pjept,,,,ɡrutʲ,kʼidiri,bɔ(ː)rs,,kuɾt͡skʰ
play,ʒu.ˈɣaɾ,iˈɡraːti,lajə,gɛlätʃämu,ɦraːt,liʃmɛ,,ˈɦrɑte,ˈɦrac,,ˈleiːka,,,,,,däkʼvrä,ʒuˈɡa,ˈɪmʲəɾʲ,,d͡ʒoˈkä.re,ˈχwaraɨ̯,,ɡrat͡ɕ,,ˈʃpiːlən,ˈʒɐjsʲtʲɪ,ˈspeːlə(n),,xuˈɡaɾ,,iˈɡrajə,ʒwe,,,,,ɪˈɡratʲ,mɛgämä,,,χɑˈʁɑl
sky,ˈsɛw,nɛˈbóː,,tsä,ˈnɛbɛ,dɛts,,,ˈɲɛbɔ,,ˈhɪːmɪnː,,ˈo.abl,ˈθɛ.ʊ,ˈnʲeba,,tsä,ˈsɛl,eːɾˠ,ˈhiːmɪn,ˈt͡ʃɛ.lo,ˈau̯ɨ̞r,,ˈɲɛ.bɔ,,ˈhɪml̩,dɐŋˈɡʊs,ˈɦeː.məl,,firmaˈmento,,nɛˈbɛ,sjɛl,t͡ʃer,,,,ˈnʲebə,tsä,lœχ,,jɛɾˈkiŋkʰ
eye,ˈo.ʎu,ɔˈkóː,øjə,tʰɔli,ˈoko,tʰɛ,ɪə̯x,ˈɔkɔ,ˈɔkɔ,,ˈøyːɣa,ats,ˈla.ɡat,ˈoʎʊ,ˈvoka,suːlʲ,tʰväli,ˈuʎ,sˠuːlʲ,ˈɛiːja,ˈɔk.kjo,ˈɬəɡad,kan̪ːu,ˈɔ.kɔ,s̪uːl,ˈaʊ̯ɡə,ɐˈkʲɪs,oːx,ˈmati,ˈoxo,ˈɔkɔ,oˈkɔ,œj,okʲ,²æʉɡə,ˈøːˌɡa,sɒj,ɡlas,tʰɔli,oəχ,,ɑt͡ʃʰkʰ
rub,ˌes.fɾe.ˈɡa(ɻ),,,ɔkʰurtʃɔlu,tr̝̊iːt,liχdʒənɛ,,ˈtɛrte,,,,,,,,,χäχuni,fɾəˈɡa,ˈkɪmʲɪlʲ,,strofiˈnare,,,tʂɛt͡ɕ,,ˈʀaɪ̯bnˌ,,ˈvrɛi̯və(n),triˈvo,,,,fʁɔ.te,freˈka,,,fəɾˈkɔj,tʲɪˈrʲetʲ,tʃirkʰɔli,,,
green,ˈveɾ.ðɨ,zɛˈlɛ́n,ɡrœn,χäntʃʼɛni,ˈzɛlɛniː,jərʒi,ɣriə̯n,zeˈlɛnei̯,ˈze̞.ɫe̞.niː,ˈbert,kraitn,zaʎʃ,,ˈbeɾðe̝,zʲaˈlʲonɨ,,mtsʼvänɛ,ˈvɛɾt,ɡlˠasˠ,,ˈver.de,ɡwɨ̞rð,,ʑɛˈlɔ.nɨ,ˈuəɲə,ɡʁyːn,,ɣrun,ˈpɾasinos,ˈberde,,zɛˈlɛn,vɛʁ,ˈver.de,,ɡrøːn,ˈɟɛlbəɾ,zʲɪˈlʲɵnɨj,tsʼvänɛ,,ɡʁin,kɑˈnɑt͡ʃʰ
bone,ˈo.su,ˈkóːst,knɔɡlə,qʼvili,kost,dʒidʒw,,,ˈkɔsc,ˈɔs,ˈpeiːn,,ˈas.kɔrn,ˈɔso̝,kosʲt͡sʲ,kreːw,dzväli,ˈɔs,knɑːvʲ,bain,ˈɔsso,,,kɔɕt͡ɕ,,ˈknɔχn,ˈkä̂ˑʊ̯ɫɐs̪,beːn,o̞ˈsto̞,ˈweso,,kɔst,ɔs,os,bæɪn,ˈbeːn,,kosʲtʲ,dzväli,,,vɔsˈkɔɾ
snake,ˈkɔ.bɾa,ˈkàːtʃa,,tsʼitsʼilä,ɦat,hwidʒ,,,ˈɦat,,ˈstnauːkʏr,tʃūska,ˈnaɛr,ˈsɛɾpe̝,zʲmʲaˈja,,gvɛli,ˈseɾp,ˈn̪ˠæhəɾʲ,,serˈpɛn.te,nei̯dr,paːmu,vɔŋʂ,,ˈʃlaŋə,ɡʲiːˈʋaːtʲeː,slɑŋ,ˈfiði,serˈpjente,,zmiˈja,sɛʁ.pɑ̃,ˈʃarpe,,ˈʊrm,ˈɟ͡ʝaɾpəɹ,zmʲɪˈja,gvɛri,slɑŋ,ʃlaŋ(ɡ),ɔt͡sʰ
black,ˈne.ɡɾu,ˈtʃə̀rn,soɐ̯d̥,utʃä,ˈt͡ʃɛrniː,mɛʃχɛ,,ˈt͡ʃɔrnei̯,ˈt͡ʃi̯er.ni,,ˈsvar̥tʏr,mǣlns,ˈdyː,ˈneɣɾʊ,ˈt͡ʂornɨ,,ʃävi,ˈnə.ɡɾə,d̪ˠʊvˠ,ˈsvaɻ̥ʈʊɹ,ˈne.ro,dɨː,,ˈt͡ʂar.nɨ,t̪ʊv,ʃvarts,ˈjûə.dɐs,zʋɑrt,ˈmavros,ˈneɡɾo,,,nwaʁ,ˈne.ɡru,,svart,zi,ˈt͡ɕɵrnɨj,utʃä,,,sɛv
rope,ˈkɔɾ.dɐ,,tɔv,tʰɔkʼi,,tʰækʼw,,,ˈɫanɔ,,ˈreiːpɪ,àwkla,kɔrdɛn,,vʲaˈrou̯ka,,tʰɔkʼi,ˈkɔɾ.də,tʲiad̪ˠ,,ˈkɔrda,r̥aːf,,ˈlʲi.na,,zaɪ̯l,,,,ˈkwerda,ˈjaʒɛ,vəˈʒɛ,kɔʁd,,,,liˈtaɾ,vʲɪˈrʲɵfkə,tʰɔkʼi,,,pɑˈɾɑn
neck,pɨʃ.ˈko.su,ˈʋráːt,hals,dʒinikʰi,kr̩k,kʼintʃχ,,ˈʃɪjɐ,kr̩k,,hauls,,,pesˈkoθo̝,,,kʼisɛri,ˈkɔʎ,ˈmˠɪnɑːl,,ˈkɔl.lo,ɡʊðv,,ˈʂɨ.ja,,hals,ˈkä̌ːklɐs̪,,,ˈkweʎo,vrat,ˈʃijə,ku,ɡɨt,hɑls,,ˈcafə,ˈʂɛjə,kʼisɛri,,haldz,viz
few,ˈpow.kuʃ,mâlo,fɔː,mtsikʰä,ˈmaːlo,mɔid,,ˈmɑlo,ˈmaːlo,,,,,,,,tsɔtʼä,ˈpɔk,bʲɔɡ,,ˈpɔ.ko,əˈχədɨ̞ɡ,,ˈma.wɔ,,ˈveːnɪç,,ˈʋɛi̯nəx,ˈliɣos,,ˈmaɫku,,pø,puˈt͡sin,,foː,,nʲɪˈmnoɡʲɪj,tʃʼitʃʼɛ,,,kʰitʃʰ
lie,mẽ.ˈti.ɾɐ,ˈláːʃ,løɡn,dɔndʒiru,lɛʃ,liqʼwrɛ,,,ˈkɫamstvɔ,,ˈlɪːjɪ,,,,,,tsʼɔlä,mənˈti.də,bʲɾʲeːɡ,,buˈd͡ʒi.a,,,ˈkwam.stfɔ,,ˈlyːɡə,ˈmʲæːɫas,ˈløː.ɣə(n),,menˈtiɾa,,ɫəˈʒa,mɑ̃.sɔ̃ʒ,,,lœŋn,,loʂ,dɔndʒirä,,,sut
come,ˈviɾ,ˈprìːti,kɔmə,mɔlvä,ˈpr̝̊ɪxaːzɛt,liqʰɛd,,,,,ˈkʰɔːma,nāːkt,,,,,mɔsvlä,vəˈni,t̪ˠaɾˠ,,veˈnire,doːd,,pʂɨˈxɔ.d͡ʑit͡ɕ,hikʲ,ˈkɔmən,ɐˈtʲɛjːtʲɪ,ˈkoːmə(n),ˈeɾxome,beˈniɾ,,,və.niʁ,veˈni,,ˈkɔmːa,,prʲɪxɐˈdʲitʲ,mɔulä,kɔm,ˈkʊmən,ɡɑl
wipe,ˌes.fɾe.ˈɡa(ɻ),,veskɘ,ɔtsʼimidu,ˈuciːrat,likʼwtsæni,,,,ejsyˈɣa,,slāwtsîːt,,,,,tsʼmɛndä,ə.ʃuˈɡa,ˈkɪmʲɪlʲ,,aʃʃuˈɡare,,,vɨˈt͡ɕɛ.rat͡ɕ,,ˈvɪʃn̩,,ˈveː.ɣə(n),,limˈpjaɾ,ˈbriʃɛ,,e.sɥi.je,,,,,vɨtʲɪˈratʲ,tsʼiminduä,,,səɾˈpʰɛl
freeze,ʒe.ˈla(ɻ),,,ɔqʼinu,ˈzmr̩zˌnɔʊ̯t,likʼwrɛmi,,,,,ˈfrjouːsa,,,ʃeˈaɾ,,,gäqʼinvä,,,,dʒeˈlare,,,zaˈmar.zat͡ɕ,rˠɔː,ɡəˈfʁiːʁən,,bəˈvrizə(n),,eˈlaɾ,,,ʒə.le,,,,,zəmʲɪrˈzatʲ,ʔinuä,,,
when,ˈkwɐ̃.du,ˈɡdàːj,vɔrnɔːr,mundɛs,ɡdɪ,ʃɔmä,,kɔˈlɪ,,,,,,,,,rɔdis,ˈkwan,kəˈhɪnʲ,,ˈkwando,prɨːd,,ˈkʲɛ.dɨ,,van,kɐˈdɐ,ʋɑˈneːr,ˈpote,ˈkwando,ˈkɔɡa,,kɑ̃,kɨnd,,,,kɐɡˈda,muʒäms,,,jɛɾpʰ
one,ˈũ,,,är,ˈjɛdɛn,ɛʃχu,,oˈdɪn,ˈjɛdɛn,,eitn,viɛ̂ns,ˈỹː.nãn,,,nɛːn,ɛrtʰi,ˈun,iːnˠ,,ˈuno,ɨːn,okaʈi,ˈjɛ.dɛn,ɯːn,aɪ̯ns,,eːn,ˈe̞na,ˈuno,,,œ̃,ˈu.nu,,ɛt,ɲə,ɐˈdʲin,ärtʰi,,,mɛk
skin,ˈpɛ.lɨ,ˈkòːʒa,,tʼkʼɛbi,ˈkuːʒɛ,kʼæn,,,ˈkɔʒa,pɛl,huːð,âːda,ˈkʁoːχɛn,,ˈskura,ˈkraːɣən,kʼäni,ˈpeʎ,ˈkɾˠacən̪ˠ,,ˈpɛlle,kroːɨ̯n,tʃarmamu,ˈsku.ra,,haʊt,ˈôːd̪ɐ,ɦœy̯t,ˈðɛɾma,,,ˈkɔʒə,po,ˈpjele,,hʉːd,ləkuɹə,ˈkoʐə,tʼqʼɛbi,,heɪt,mɑʃk
swim,nɐˈðaɾ,ˈplaːʋati,svœmə,ɔntʃviru,ˈplavat,likʰni,ˈsvɪm.mə,,ˈpɫaːvac,,ˈsɪnta,pɛ̄ldɛ̂ːt,,,,,tsurvä,nəˈda,sˠn̪ˠɑːvˠ,,nwoˈtare,ˈnɔvjɔ,iːd̪u,ˈpwɨ.vat͡ɕ,,ˈʃvɪmən,ˈpɫɒʊ̯ˑkʲtʲɪ,ˈzʋɛ.mə(n),,naˈdaɾ,,,na.ʒe,,²sʏmjɑ,,nɔˈtɔj,ˈplavətʲ,ntʃuruä,,,lɔˈʁɑl
back,ˈkɔs.tas,ˈxərbət,,kʼäpʼulä,ˈzaːda,tʃʼätʃʼær,rɛːx,,ˈxr̩baːt,,paːk,,ˈkɛjn,ˈlombo̝,ˈsʲpʲina,d̪riːm,zurgi,əsˈkə.nə,d̪ˠɾˠiːmʲ,,ˈskjɛna,,,ˈplɛ.t͡sɨ,kʰuːɫ̪,ˈʁʏkn̩,ˈn̪ʊɡɐrɐ,rʏx,,esˈpal.da,ɡr̩p,ɡrɤp,do,,,rʏɡ,ʃpiːn,spʲɪˈna,ɔtʃʼiʃi,rœχ,,mɛt͡ʃʰkʰ
fog,nɨ.ˈvwɐj.ɾu,məˈɡlá,tɔːɡə,mpʼulä,mɫ̩ɦa,bintʼw,,,ˈɦmɫa,ˈnɛβlo,ˈθɔːka,,,ˈnɛβo̯a̝,,kʲeː,nisli,ˈbɔj.ɾə,coː,ˈtʰoːʰka,ˈnebbja,,,mɡwa,,ˈneːbl̩,ˈruːkɐs,mɪst,,,ˈmaɡla,məˈɡɫa,bʁu.jaʁ,ˈt͡ʃe̯a.t͡sə,,,ˈmjɛɡuɫ,tʊˈman,nirsi,,,mɑrɑˈχuʁ
lake,ˈla.ɣu,ˈjéːzɛrɔ,søː,tʼɔbä,ˈjɛzɛro,tʼɔb,,ˈɔzerɔ,ˈjazɛrɔ,,vaʰtn,æzæɾs,,ˈlaɣo̝,ˈvozʲera,laːx,tʼbä,ˈʎak,l̪ˠɔx,vaʰtn,ˈlaɡo,ɬɨ̞n,sarasːu,jɛˈʑɔ.rɔ,,zeː,ˈæːʒʲɛɾɐs,meːr,,ˈla.ɡo,,ˈɛzɛro,lak,,,ɧøː,liˈcɛn,ˈozʲɪrə,tʼɔbä,,,lit͡ʃ
mountain,mõ.ˈtɐ.ɲɐ,ɡɔ̀ːra,bjɛrv,gɔlä,ˈɦora,läχw,bɛrx,ɦɔˈrɑ,ˈɦɔra,,fjatl,kâlns,,monˈtaɲa̝,,slʲuː,mtʰä,,ʃlʲiəvˠ,fjatl,monˈtaɲɲa,ˈmənɨ̞ð,,ˈɡu.ra,,bɛrk,ˈka͡l.nɐs,bɛrx,ˈo̞ro̞s,monˈtaɲa,,pləniˈna,mɔ̃.taɲ,ˈmuntɛ,fjɛlː,bɛrj,mal,ɡɐˈra,gɔlä,,,lɛr
I,ˈew,,jaj,mä,jaː,mi,ɪk,ˈjɑ,ˈja,ˈjew,jɛɣ,ɛs,,ˈew,,miː,mɛ,ˈʒɔ,mʲeː,eː,ˈi.o,miː,,ja,mi,ɪç,ɐʂ,ɪk,eˈɣo,ɟ͡ʝo,jas,as,ʒə,jew,eːɡ,ˈjɑː(ɡ),ˈun,ja,mä,ɛk,ɪχ,jɛs
stick,ˈpaʊ,,kɛp,bigä,ɦuːl,pʰäu,,,,,ˈstaːvʏr,,,,,,dʒɔχi,,ˈbˠat̪ˠə,,basˈtone,,,kʲij,,ʃtaːp,lɐzˈdɐ,,,,stap,ˈprɤtʃkə,bɑ.tɔ̃,,,ɕɛp,,ˈpalkə,bigä,,,pʰɑjt
man,ˈɔmẽɪ̯,ˈtʃlɔ̀ːʋɛk,,kʼɔtʃi,ˈt͡ʃlovjɛk,märɛ,ˈminskə,,ˈt͡ʃɫɔvɛk,,ˈmanːɛsca,tsìlvæ̀ːks,,ˈɔmɪ,t͡ʂaɫaˈvʲek,,kʼätsi,ˈɔ.mə,ˈd̪ˠɪnʲə,,ˈwɔ.mo,dɨːn,,ˈt͡ʂwɔ.vʲɛk,t̪ɯɲə,mɛnʃ,ʒmoˈɡʊs,mɛns,ˈanθɾɔpɔs,ˈombɾe,ˈt͡ʃɔvɛk,tʃoˈvɛk,ɔm,om,²mɛnːɛʃə,mɛnːɪɧa,ɲɛˈɽi,t͡ɕɪlɐˈvʲek,kʼɔtʃi,,mɛnt͡ʃ,mɑɾtʰ
vomit,vu.mi.ˈtaɾ,,,ɔntʰχɔru,,litʼχunɛ,,,,,ˈaiːla,,,,,,rtsʼqʼɛvä,vo.miˈta,ˈaʃɪɟ,,vomiˈtare,,,vɨ.mʲɔˈtɔ.vat͡ɕ,,ˌyːbɐˈɡeːbən,,,,,ˈpɔvraca,,vɔ.miʁ,,,,,blʲɪˈvatʲ,rtsʼqʼiälä,,,
fall,kɐˈiɾ,ˈpaːsti,,gɛntʰχinu,ˈpadat,liwɛχ,,ˈpadatɪ,,,ˈfatla,,,,,,dätsɛmä,ˈkaw.ɾə,tʲɪtʲ,fatl,kaˈdere,ˈsərθjɔ,,ˈspa.dat͡ɕ,t̪uʰtʲ,ˈfaln̩,,ˈvɑlə(n),,kaˈeɾ,,ˈpad̪əm,tɔ̃.be,kəˈde̯a,,falːa,ˈbiɛ,ˈpadətʲ,dɔntʰχäpʰä,fal,,əŋkˈnɛl
stone,ˈpɛ.dɾɐ,ˈkàːmən,,kʰvä,ˈkaːmɛn,bætʃ,stiə̯n,,ˈkamɛɲ,ˈpɛjɾo,steitn,,,ˈpɛðɾɐ,,klaːx,kʰvä,ˈpe.dɾə,klˠɔx,,ˈpjɛtra,ˈkarɛɡ,,ˈka.mʲɛɲ,,ʃtaɪn,,steːn,,ˈpjedɾa,,ˈkamək,pjɛʁ,,,,ɡuɾ,ˈkamʲɪnʲ,kʰuä,,,kʰɑɾ
far,ˈlõ.ʒɨ,ˈdàːlɛtʃ,,mɛndrä,ˈdalɛkiː,dʒwɛdiä,,,,,,tâːls,,,daˈlʲokʲi,,ʃɔri,ʎuˈɲa,ˈfˠɑd̪ˠə,,lonˈtano,pɛɬ,,daˈlɛ.kʲi,,fɛʁn,,vɛr,makriˈa,,,dəˈlɛtʃɛn,lwɛ̃.tɛ̃,deˈpar.te,,,,dɐˈlʲɵkʲɪj,ʃɔri,,,hɛˈru
straight,ˈʁɛ.tu,,,duzi,ˈpr̝̊iːmiː,mɛtsʼwin,,,,,peitn,,,,praˈmɨ,,stsʼɔri,,ˈdʲiːɾʲəx,,dritto,,,ˈprɔ.stɨ,tʲiːɾʲəx,ɡəˈraːdə,,rɛxt,,,,,dʁwɑ,drept,,,,prʲɪˈmoj,tʰini,,,uˈʁiʁ
river,ˈʁi.u,ˈrèːka,,ɔrubä,ˈr̝ɛka,tʃʼälæ,,rʲiˈkɑ,ˈri̯ɛka,ˈrriw,fljouːt,,ˈstɛːr,ˈri.o̝,raˈka,aunʲ,mdinärɛ,ˈriw,əunʲ,ɔaː,ˈfju.me,ˈavɔn,n̪ad̪i,ˈʐɛ.ka,,flʊs,ˈʊpʲeː,riːˈviːr,,ˈri.o̞,,rɛˈkɤ,flœv,rɨw,,fluːd,,rʲɪˈka,mältsʼqʼäri,rəˈfiːr,,ɡɛt
what,u ˌki,ˈkàːj,vad,mu,t͡so,mæ,,ʃtʃɔ,ˈt͡ʃɔ,,xʷaːð,,ˈpe.tʁa,,ʂto,,rä,ˈkə,kad̪ˠ,kvɛaːʰt,,beːθ,,t͡sɔ,tʲeː,vas,,ʋɑt,,ˈke,,kɐkˈvɔ,kwa,t͡ʃe,kʋɑː,vɑː(d),tʃfaɹ(ə),ʂto,mu,vat,vɔs,int͡ʃʰ
scratch,ko.ˈsa(ɻ),,,ɔʁätsʼkʼu,,lipʰχäntʃʼwä,,,,,,,,,ˈdrapat͡sʲ,,pʰχätʃʼnä,,,,,,,ˈdra.pat͡ɕ,,ˈkʀat͡sn̩,,,ˈksino,rasˈkaɾ,,,ɡʁa.te,,,,,t͡sɐˈrapətʲ,tsχäbäruä,,,kʰɛɾˈtsɛl
they,ˈe.lɨʃ,ˈɔ̀ːni,di,ɛntʰɛpʰɛ,ˈoɲɪ,ɛdʒær,ja,wɔˈnɪ,ˈɔɲi,,θeiːr,,,,,,isini,ˈeʎs,ʃiəd̪ˠ,tʰaiːɹ,,huːɨ̯,,ˈɔ.ɲi,iət̪,ziː,jæ,zɛi̯,,ˈeʎos,tiɛ,t̪ɛ,il,jej,,dɔm,aˈta,ɐˈnʲi,tʰinɛpʰi,,,nəˈɾɑŋkʰ
short,ˈkuɾ.tu,ˈkràːtək,kɔrt,mkʼulɛ,ˈkraːtkiː,kʼudæ,,kɔˈrɔtkei̯,ˈkraːtki,,ˈstʏhtʏr,îːs,,,kaˈrotkʲi,,mɔkʼlɛ,ˈkuɾt,ɟaːɾˠ,,ˈkorto,bɨ̞r,,ˈkrut.kʲi,ˈkɤɾʲɪtʲ,kʊʁt͡s,,kɔrt,,ˈkorto,ˈkratɔk,ˈkɤs,kuʁ,skurt,,kɔrt,,kɐˈrotkʲɪj,kʼuntʼä,,,kɑɾt͡ʃ
ice,ˈʒe.lu,ˈléːt,iːs,buzi,lɛt,kʼwärɛm,iːs,,ˈʎat,,iːs,lædus,,ˈʃe.ʊ,lʲot,,qʼinuli,ˈʒɛl,əiɾʲ,ˈʊiːsʊɹ,ˈɡjat.t͡ʃo,jaː,,lut,,aɪ̯s,,ɛi̯s,ˈpaɣos,ˈɟ͡ʝelo,mras,lɛt,ɡlas,,iːs,,,lʲɵt,ʔini,ə̟i̯s,,sɑˈrujt͡sʰ
sit,iʃ.ˈtaɾ,ˈsɛdèːti,seðə,dɔχunu,ˈsɛɟɛt,lisgwrɛ,,seˈdʲite,,,ˈsɪːtja,,,,,,dʒdɔmä,ˈsɛw.ɾə,sˠɪɟ,,seˈdere,ˈei̯sdɛð,,ˈɕɛ.d͡ʑɛt͡ɕ,,ˈzɪtsn̩,sʲeːˈdʲeːtʲɪ,ˈzɪtə(n),ˈkaθome,senˈtaɾ,,sɛˈdʲɤ,,,,,ulɛm,sʲɪˈdʲetʲ,dɔχunä,,,nəsˈtɛl
cloud,ˈnu.vɐj̃,ɔˈbláːk,,pʼulä,mrak,mɛrɛ,,,,,sciː,,ˈku.mul,,ˈxmara,,ʁrubɛli,,ˈsˠkamˠəl̪ˠ,skʊt͡ʃː,ˈnu.vo.la,ˈkʊmʊl,,ˈxmu.ra,ɲiaɫ̪,ˈvɔlkə,,ʋɔlk,ˈsinɛfɔ,,,,ny.aʒ,nor,ʃyː,,,ˈobləkə,munäpʰä,vɔlk,,ɑmp
warm,,ˈtɔ̀ːpəw,,tʼibu,ˈtɛpliː,tʼɛbdi,vaːrm,,ˈcɛpliː,,,sīlts,,ˈkɛnt̪ɪ,ˈt͡sʲopɫɨ,,tʰbili,kəˈlent,tʲɛ,,ˈkaldo,,,ˈt͡ɕɛ.pwɨ,,vaʁm,ˈʃʲɪltɐs,ʋɑr(ə)m,ze̞ˈsto̞s,kaˈljente,,ˈtɔpəl,ʃo,kald,,varm,,ˈtʲɵplɨj,tʼibu,,,d͡ʒɛɾm
guts,,,,tʃʼu,,tʃʼintʃʼil,,,,,,,,,,,nätsʼlävi,,ˈɪn̠ʲiː,,,,,,,ˈaɪ̯nɡəvaɪ̯də,,,,,ˈt͡srɛva,,ɑ̃t.ʁaj,,,,,kʲɪʂˈkʲi,tʃʼi,,,pʰoɾoˈtikʰ
thou,tu,ˈtíː,du,si,tɪ,si,,ˈtɪ,ˈti,,θu,,,,,,ʃɛn,ˈtu,t̪ˠuː,tʰʉuː(w),t̪u,tiː,,tɨ,hu,duː,tʊ,ɣɛi̯,,ˈtu,ti,ti,ty,tu,,dʉː,,tɨ,si,,,du
feather,,pɛˈróː,fjeːr,bundʁä,ˈpɛːro,pʼintʼqʼil,,peˈrɔ,,,fjœːðʏr,spālva,,ˈplumɐ,,,bumbuli,,ˈclʲɛtʲə,ˈfjøːvʊɹ,ˈpjuma,plɨː,iːka,ˈpʲu.rɔ,,ˈfeːdəʁ,,veːr,,ˈpluma,,,plym,fulɡ,fjøːr,,,pʲɪˈro,burdʁä,,,pʰɛˈtuɾ
four,ˈkwa.tɾu,ˈʃtìːrjɛ,fiːrə,ɔtʰχɔ,ˈt͡ʃtɪr̝ɪ,wɔʃtʰχw,,t͡ʃoˈtɪrɪ̞,ˈʃtiri,ˈkatre,ˈfjouːrir,tsætri,,,t͡ʂaˈtɨrɨ,kʲeːə(r),ɔtʰχi,ˈkwa.tɾə,ˈcahəɾʲ,ˈfʊiːɹa,ˈkwat.tro,ˈpɛdwar,n̪aːl̪uɡu,ˈt͡ʂtɛ.rɨ,,fiːɐ̯,kʲɛt̪ʊˈrʲɪ,vir,ˈte̞se̞ˌra,ˈkwatɾo,,,katʁ,ˈpa.tru,,ˈfyːˌra,ˈkatəɾ,t͡ɕɪˈtɨrʲe,ɔtʰχi,,fiʀ,t͡ʃʰɔɾs
stab,,,,ɔtsigu,,liswɛm,,,,,,,,,,,rtʃʼɔbä,ə.pu.ɲəˈla,,,puɲɲaˈlare,,,,,ˈʃtɛçn̩,,ˈsteːkə(n),,apuɲaˈlaɾ,,,pwa.ɲaʁ.de,,,,,zɐˈkalɨvətʲ,tsikʼäpʰä,,,χoˈtsʰɛl
know,sɐ.ˈbeɾ,,,ɔtʃkʰinu,ˈvjɛɟɛt,mäχäl,,ˈznɑte,ˈvɛɟi̯ɛc,,ˈvɪːta,zinâːt,,,ˈvʲedat͡sʲ,,tsɔdnä,səˈbə,,,saˈpeː.re,ˈmɛdrɨ̞,,ˈvʲɛ.d͡ʑɛt͡ɕ,,ˈvɪsn̩,ʒɪˈnoː.tʲɪ,ˈʋeːtə(n),ˈksɛ.ɾɔ,saˈbeɾ,,,savwaʁ,ʃti,,veːta,di,znatʲ,rtʃkʰinä,vɪət,vɪsn̩,ɡitɛˈnɑl
wing,ˈa.zɐ,ˈkrìːlɔ,,msvä,kr̝̊iːdlo,kʼäbərdʒ,,,ˈkriːdɫɔ,,ˈvaiŋkʏr,spàːɾns,ˈas.kɛl,aː,krɨˈɫo,ˈskiːən,pʰrtʰä,ˈa.lə,ˈʃcɪhɑːn,ˈvɔŋkʊɹ,ˈala,ˈadai̯n,rekːa,ˈskʂɨ.dwɔ,,ˈflyːɡl̩,,,,ˈala,,kriˈlɔ,ɛl,,,ˈvɪŋˌɛ,kɾa,krɨˈlo,suä,,,tʰɛv
hit,ɡow.pe.ˈaɾ,,slɔː,gɛtʃämu,,liqʼɛr,,,ˈudri̯ɛc,,stlauː,,,,,,rtʼqʼmä,kol.pəˈʒa,,,kolˈpire,ˈtarɔ,,uˈdɛ.ʐat͡ɕ,ˈbuɪl,ˈʃlaːɡən,,ˈraːkə(n),,,,,fʁa.pe,,,,,ʊdɐˈrʲætʲ,mɛgämä,,,χəˈpʰɛl
knee,ʒu.ˈe.ʎu,kɔˈlèːnɔ,,burgili,ˈkolɛno,kʰutʰul,,,ˈkɔlɛnɔ,(d)ʒeˈnul,n̥jɛː,tsɛlis,ˈɡliːn,ʃeˈonʎo̝,kaˈlʲena,ɡlʲuːnʲ,muχli,ʒəˈnoʎ,ɡl̪ˠuːnʲ,knɛaː,dʒiˈnɔkkjo,,,kɔˈla.nɔ,,kniː,ˈkʲæ̌ːlʲɪs,kni,ˈɣɔnatɔ,roˈdiʎa,,koˈlʲano,ʒə.nu,dʒeˈnunkʲ,,,,kɐˈlʲenə,birguli,,knɪ,t͡suŋk
throw,lɐ̃.ˈsaɾ,,,ɔstʰɔmilu,,likʼwänɛ,,,,,ˈkʰasta,mest,,,,,srɔlä,ʎənˈsa,kɑh,kʰasta,,ˈtavlɨ̞,,ˈʐu.t͡sat͡ɕ,ˈtʃʰilikʲ,ˈvɛʁfən,ˈmʲɛsʲtʲɪ,ˈʋɛrpə(n),,,,,ʒə.te,,,,,brɐˈsatʲ,ʔɔtʰämä,,,nɛˈtɛl
flower,ˈfloʁ,ˈtsʋéːt,,pʰukʰiri,ˈkvjɛt,muʁwæ,blom,ˈkʋʲitkɐ,ˈkvɛt,,plouːm,,blœ̃w,,,,qʼvävili,ˈflɔ,bˠl̪ˠɑː,ˈblɔuma,,ˈblɔdɨ̞n,puʋːu,kfʲat,,ˈblyːtə,,blum,ˈanθɔs,ˈfloɾ,,t͡svʲat,flœʁ,flo̯are,bluːm,blʊ.ma,ˈlulɛ,t͡svʲɪˈtok,pʼɛuli,,blʊm,t͡sɑˈʁik
turn,,,drajə,ɔkʰtʰu,ˈtot͡ʃɪt,lisipʼ,,,,,,,,,,,tʼriäli,ʒiˈɾa,kɑsˠ,,dʒiˈrare,,,,,ˈdʁeːən,,ˈdraːi̯ə(n),,xiˈɾaɾ,,,tuʁ.ne,,,,,vrɐˈɕːat͡sːə,rtʰäpʰä,,,ʃəɾdʒˈvɛl
bark,,ˈlùːbjɛ,bark,tʼkʼɛbi,ˈkuːra,tʼɛpʰ,,,ˈku̯o.ra,,ˈpœr̥kʏr,,,,kaˈra,ruːs,kʰɛrkʰi,əsˈkɔɾ.sə,ɾˠuːsˠk,ˈpœɹ̥kʊɹ,korˈtettʃa,ˈr̥ɪskl̩,,ˈkɔ.ra,,ˈbɔʁkə,ʒʲɪəˈvʲěː,sxɔrs,,korˈteθa,,koˈra,e.kɔʁs,,,,,kɐˈra,tʼqʼɛbi,bɑs,,kɛˈʁɛv
thick,iʃ.ˈpe.su,ˈdɛ̀ːbɛw,tyk,pʼɛdʒi,ˈtlustiː,sgɛl,,,ˈtɫ̩stiː,,ˈθjɛhtʏr,,,,ˈtou̯stɨ,,skʰɛli,,tʲuː,t͡ʃʰʏʰkːʊɹ,ˈspes.so,teːu̯,,ˈɡru.bɨ,tʰʲu,dɪk,,dɪk,,ˈɡɾweso,,dɛˈbɛl,e.pɛ,ɡros,çʊkː,ɕɔk,,ˈtolstɨj,ʃχu,,,hɑst
wide,ˈlaɾ.ɡu,,,mbɔli,ˈʃɪrokiː,mäʃri,,ʃeˈrɔkei̯,,,ˈpreiːðʏr,plats,,,ʂɨˈrokʲi,,pʰärtʰɔ,,ˈl̠ʲahənˠ,ˈpɹaijʊɹ,ˈlarɡo,ˈɬədan,,ʂɛˈrɔ.kʲi,,bʀaɪ̯t,,,,ˈaɲ.tʃo,,ʃiˈrɔk,laʁʒ,larɡ,,viːd,ˈɟ͡ʝɛ.ɾə,ʂɨˈrokʲɪj,pʰärtʰɛ,,,lɑjn
that,ˈe.sɨ,,dən,ɛjä,ˈtamtɛn,ɛdʒi,,,tɛn,,,tas,,,toj,,is,əˈkəʃ,ənˠ,,ˈkwello,ˈhʊnʊ,aː,ˈtam.tɛn,ʃɪn,ˈjeːnɐ,,dɑt,,ˈese,,ˈɔnzi,sə,aˈt͡ʃela,,dɛnː,,tot,tʰinä,,,ɑjd
full,ˈʃɐj.u,ˈpɔ́ːwn,fuld,jɔpʰʃä,pl̩niː,gwɛʃi,,ˈpɔu̯nei̯,pl̩niː,,ˈfʏtɬʏr,pīlns,,ˈt͡ʃeo̝,ˈpou̯nɨ,lɛdn,sävsɛ,ˈplə,l̪ˠɑːnˠ,ˈfʊtlʊɹ,ˈpjɛno,ɬau̯n,,ˈpɛw.nɨ,lɑːn,fɔl,,vɔl,ˈpliris,,,ˈpɤlɛn,plɛ̃,plin,,fɵl,,ˈpolnɨj,ɛpʰʃä,fɔl,,ˈlikʰə
here,ɐˈki,ˈtúːkaj,,äkʰ,ˈtoto,ämɛtʃu,,,,,çɛːr,,,,,,äkʰ,əˈki,,,kwa,,,tu,,hiːɐ,tʃʲɛ,ɦir,,aˈki,ˈtuka,ˈtuk,i.si,aˈit͡ʃʲ,,hæːr,,zʲdʲesʲ,tʰäkʰ,,,ɑjsˈtɛʁ
tree,ˈaɾ.vu.ɾɨ,drɛˈʋóː,trɛː,ndʒä,strom,mɛgɛm,bɪə̯m,,strɔm,,tʰrjɛː,kùoks,ɡwe,,ˈdreva,ˈbilʲə,χɛ,ˈa.bɾə,kɾˠaun̪ˠ,tɹɛaː,ˈal.be.ro,ˈkɔɨ̯dɛn,t͡ʃeʈːu,ˈdʐɛ.vɔ,,baʊ̯m,ˈmʲæːdʲɪs,boːm,ˈðe̞n.dro̞,ˈarbol,,dərˈvɔ,aʁbʁ,ˈarbore,,,,ˈdʲerʲɪvə,dʒä,bʊəm,bɔjm,t͡sɑr
wind,ˈvẽ.tu,,ʋend,iχi,ˈviːtr̩,bikʰw,,ˈʋʲiter,ˈvi̯ɛtɔr,,ˈvɪntʏr,vɛ̄ːjʃ,ˈɑːvɛl,ˈbento̝,,ɡiː,kʰäri,,ɡeː,ˈvɪntʊɹ,ˈvɛn.to,,,vʲatr,,vɪnt,ˈʋʲeːjɛs,ʋɪnt,,ˈbjento,ˈvɛtɛr,ˈvʲatər,vɑ̃,,,vɪnd,ɛːɹ,ˈvʲetʲɪr,bɔriä,,,kʰɑˈmi
who,kẽ(j̃),ˈɡdòː,vɛm,min,ɡdo,jær,,ˈxtɔ,kto̞,,xʷɛːr,,piv,,xto,,vin,ˈki,ceː,kvøːr,k̟i,puːɨ̯,,ktɔ,koː,veːɐ̯,,ʋi,,ˈkjen,kɔj,kɔj,ki,,,,kuʃ,kto,mi,,,ɔv
horn,ˈʃi.fɾɨ,ˈróːk,,kʰrä,ˈrox,mitʃʼw,,,ˈrɔx,,hɔrtn,ɾaks,,ˈkɔɾno̝,,,rkʰä,ˈba.ɲə,əiɾˠk,hɔtn,ˈkɔr.no,kɔrn,,ruk,,hɔrn,ˈrä̌ːɡɐs̪,ɦoːrn,,ˈkwerno,,,kɔʁn,korn,hʊrn,,,rok,kʰä,,,jɛʁd͡ʒˈjuɾ
