word,de,nl,af,en,yi,fy,no,sv,da,is,fo,lv,lt,pl,cs,sk,sl,bg,mk,be,uk,ru,pt,gl,es,ca,oc,fr,it,ro,ga,cy,br,gd,gv,sq,hy,el,ka,xmf,lzz,sva,te
I,ɪç,ɪk,ɛk,aɪ,ɪχ,ɪk,eːɡ,ˈjɑː(ɡ),jaj,jɛɣ,eː,ɛs,ɐʂ,ja,jaː,ˈja,,as,jas,,ˈjɑ,ja,ˈew,ˈew,ɟ͡ʝo,ˈʒɔ,ˈjew,ʒə,ˈi.o,jew,mʲeː,miː,,mi,miː,ˈun,jɛs,eˈɣo,mɛ,mä,mä,mi,
thou,duː,ɣɛi̯,,ðaʊ,,,,dʉː,du,θu,tʰʉuː(w),,tʊ,tɨ,tɪ,ˈti,ˈtíː,ti,ti,,ˈtɪ,tɨ,tu,,ˈtu,ˈtu,,ty,t̪u,tu,t̪ˠuː,tiː,,hu,,,du,,ʃɛn,si,si,si,
he,ʔeːɐ̯,ɦɛi̯,,ˈhiː,,hɛi̯,,hanː,han,ˈhanː,,viɲʃ,jɪs,ɔn,on,ɔn,ˈɔ́n,t̪ɔj,tɔj,jon,ˈʋʲin,on,ˈe.li,ˈel,el,ˈeʎ,,il,ˈlui,,ʃeː,eːv,,ɛ,,,nɑ,aˈftos,is,tʰinä,ɛjä,ɛdʒi,
we,viːɐ̯,ʋɛi̯,,wiː,,vɛi̯,meː,viː,,vɪð,,mɛ̄ːs,mʲæːs,mɨ,mɪ,ˈmi,ˈmíː,ˈni.ɛ,niɛ,,ˈmɪ,mɨ,ˈnɔʃ,,noˈsotɾos,noˈzal.tɾəs,nus,nu,ˈnoi,noj,mˠɪdʲ,niː,,ʃiɲ,,nɛ,mɛŋkʰ,e̞ˈmis,tʃvɛn,tʃkʰi,tʃkʰin,næ,
you,duː,jɛi̯,jəi,juː,,doː,dʉː,dʉː,du,θu,tʰʉuː(w),tu,tʊ,tɨ,tɪ,ˈti,ˈtíː,ti,ti,,ˈtɪ,tɨ,tu,,ˈtu,ˈtu,ty,ty,t̪u,tu,t̪ˠuː,tiː,,hu,u,ti,du,e̞ˈsi,tʰkʰvɛn,tʰkʰvä,tʰkʰvän,sgæ,
they,ziː,zɛi̯,,ðeɪ,,ja,,dɔm,di,θeiːr,tʰaiːɹ,,jæ,ˈɔ.ɲi,ˈoɲɪ,ˈɔɲi,ˈɔ̀ːni,t̪ɛ,tiɛ,,wɔˈnɪ,ɐˈnʲi,ˈe.lɨʃ,,ˈeʎos,ˈeʎs,,il,,jej,ʃiəd̪ˠ,huːɨ̯,,iət̪,,aˈta,nəˈɾɑŋkʰ,,isini,tʰinɛpʰi,ɛntʰɛpʰɛ,ɛdʒær,
this,ˈdiːzər,ˈdeːzə,dɨt,ðɪs,,,,,,ˈθɛsːɪ,,ʃis,,tɛn,ˈtɛnto,,ˈtáː,ˈt̪ɔzi,ˈɔvɔj,,,ˈɛtət,ˈɛʃ.tɨ,,ˈeste,əˈkəst,,sə,ˈkwes.to,aˈt͡ʃest,ʃɔ,hʊn,,ʃɔ,,ky,ɑjs,aˈftos,ɛs,tʰɛnä,äjä,äli,iː
that,ˈjeːnɐ,dɑt,,ˈðæt,,,,dɛnː,dən,,,tas,,ˈtam.tɛn,ˈtamtɛn,tɛn,,ˈɔnzi,,toj,,tot,ˈe.sɨ,,ˈese,əˈkəʃ,,sə,ˈkwello,aˈt͡ʃela,ənˠ,ˈhʊnʊ,,ʃɪn,,,ɑjd,,is,tʰinä,ɛjä,ɛdʒi,aː
here,hiːɐ,ɦir,,hɪə(ɹ),,,,hæːr,,çɛːr,,,tʃʲɛ,tu,ˈtoto,,ˈtúːkaj,ˈtuk,ˈtuka,,,zʲdʲesʲ,ɐˈki,,aˈki,əˈki,,i.si,kwa,aˈit͡ʃʲ,,,,,,,ɑjsˈtɛʁ,,äkʰ,tʰäkʰ,äkʰ,ämɛtʃu,
there,dɔrt,daːr,dɑːr,ðɛə(ɹ),,,,dɛːr,dar,ˈθartna,,tùɾ,,tam,tam,ˈtam,ˈtám,,ˈtamu,,ˈtɑm,tam,ɐ.ˈi,,aˈʎi,əˈʎa,,la,,aˈko.lo,ənʲˈʃɪnʲ,ˈəna,,,,,ɑjnˈtɛʁ,e̞ˈci,ikʰ,tʰɛkʰ,ɛkʰ,ɛtʃɛtʃu,
who,veːɐ̯,ʋi,,hw,,,,,vɛm,xʷɛːr,kvøːr,,,ktɔ,ɡdo,kto̞,ˈɡdòː,kɔj,kɔj,xto,ˈxtɔ,kto,kẽ(j̃),,ˈkjen,ˈki,,ki,k̟i,,ceː,puːɨ̯,piv,koː,,kuʃ,ɔv,,vin,mi,min,jær,
what,vas,ʋɑt,vat,wɔt,vɔs,,kʋɑː,vɑː(d),vad,xʷaːð,kvɛaːʰt,,,t͡sɔ,t͡so,ˈt͡ʃɔ,ˈkàːj,kɐkˈvɔ,,ʂto,ʃtʃɔ,ʂto,u ˌki,,ˈke,ˈkə,,kwa,,t͡ʃe,kad̪ˠ,beːθ,ˈpe.tʁa,tʲeː,,tʃfaɹ(ə),int͡ʃʰ,,rä,mu,mu,mæ,
where,voː,ʋaːr,,ʍɛə(ɹ),vʊ,,,dɛːr,,,,kùɾ,kʊr,ɡd͡ʑɛ,ɡdɛ,ˈɡɟɛ,ˈkjèː,,ˈkadɛ,,ˈdɛ,ɡdʲe,ˈõ.d͡ʒi,ˈonde̝,ˈdonde,ˈon,ˈunt,u,ˈdove,ˈunde,,,,,,,vɔɾˈtɛʁ,,säd,sɔ,sɔ,imɛg,
when,van,ʋɑˈneːr,,ʍɛn,,,,,vɔrnɔːr,,,,kɐˈdɐ,ˈkʲɛ.dɨ,ɡdɪ,,ˈɡdàːj,,ˈkɔɡa,,kɔˈlɪ,kɐɡˈda,ˈkwɐ̃.du,,ˈkwando,ˈkwan,,kɑ̃,ˈkwando,kɨnd,kəˈhɪnʲ,prɨːd,,,,,jɛɾpʰ,ˈpote,rɔdis,muʒäms,mundɛs,ʃɔmä,
how,viː,ɦu,,haʊ,,,ˈkʊrlæɪs,hʉːr,,,,,kaɪˑp,jak,jak,ˈjak,kaˈkòː,,ˈkakɔ,,,kak,ˈko.mu,,ˈkomo,ˈkɔm,,kɔ.mɑ̃,ˈkome,kum,ˈkʊnˠəsˠ,sɨ̞t,,,,si,int͡ʃʰˈpɛs,ˈpos,rɔgɔr,mutʃʼɔ,mutʃʼɔ,imʒi,
not,nɪçt,nit,ni,nɒt,nit,ˈnɛt,²ɪçːə,ˈɪnˌtɛ,ekə,ˈɛhcɪ,ˈɪʰtʃːɪ,,,ɲɛ,nɛ,,ˈnɛ́,nɛ,,nʲe,ˈnɛ,nʲɪ,nɐ̃w̃,ˈnʊŋ,no,ˈno,,nə,non,nu,n̠ʲiː,dɪm,,,,nʊk,t͡ʃʰ,ðe̞,är,vär,vär,dɛmɛ,
all,al,ɑl,,ɔːl,ˈalə,,,ˈalˌa,alə,,ˈat.lʊɹ,,ˈvʲɪ.sɐs,ˈfʂɨ.stɛk,ˈfʃɪxɲɪ,ˈfʃɛtɔk,ˈʋə́s,,ˈsitɛ,,,vʲesʲ,ˈto.ðu,,ˈtodos,ˈtot,tut,tus,ˈtutto,tot,ˈɪlʲə,ɪˈɡɨːd,,,,ɡjiθ(ə),bɔˈlɔɾ,,qʼvɛlä,ärdzä,iri,mæg,
many,ˈfiːlə,veːl,bajə,ˈmɛni,aˈsax,,,,manɡə,ˈmarkʏr,ˈmɛŋkʊɹ,dāūdz,dɐuɡ,ˈvʲɛ.lɛ,ˈmnoɦo,,ʋɛˈlìːkɔ,,ˈmnɔɡu,,bɐˈɦɑtɔ,ˈmnoɡə,ˈmũj̃.tuʃ,,ˈmut͡ʃos,ˈmolt,,bo.ku,,mult͡sʲ,əˈl̪ˠɑːnˠ,,,ˈiməɣ,,,ʃɑt,,bɛvri,brɛli,didɔ,mäsærd,
some,,ʋɑt,,sʌm,,,,ˈnoːˌ(ɡ)ra,noən,,,,,ˈtrɔ.xɛ,ˈɲɛkolɪk,ˈɲi̯ɛkɔʎkɔ,,,,,ˈkilʲka,nʲɪˈmnoɡə,al.ˈɡũʃ,,,,,dy,,,ɾˠəɪn̠ʲtʲ,,,,,,,,zɔgi,nämtʰinɛ,bäzi,ɛrχi,
few,ˈveːnɪç,ˈʋɛi̯nəx,,fjuː,,,,foː,fɔː,,,,,ˈma.wɔ,ˈmaːlo,ˈmaːlo,mâlo,,ˈmaɫku,,ˈmɑlo,nʲɪˈmnoɡʲɪj,ˈpow.kuʃ,,,ˈpɔk,,pø,ˈpɔ.ko,puˈt͡sin,bʲɔɡ,əˈχədɨ̞ɡ,,,,,kʰitʃʰ,ˈliɣos,tsɔtʼä,tʃʼitʃʼɛ,mtsikʰä,mɔid,
other,ˈʔandəʀə,ˈɑn.dər,,ˈʌðə(ɹ),,,,,andrə,,,,,ˈin.nɨ,ˈdruɦiː,ˈdruɦiː,ˈdrùːɡi,druk,,ˈjinʂɨ,ˈinʃɪj,drʊˈɡoj,ˈo(w).tɾu,,ˈotɾo,,,otʁ,ˈal.tro,alt,ˈɛlʲə,ˈaraɬ,ˈalː,ˈelə,,,ɑjl,,sχvä,ʃχvä,tʃkʰvä,iʃgɛn,
one,aɪ̯ns,eːn,,wʌn,,,,ɛt,,eitn,,viɛ̂ns,,ˈjɛ.dɛn,ˈjɛdɛn,ˈjɛdɛn,,,,,oˈdɪn,ɐˈdʲin,ˈũ,,ˈuno,ˈun,,œ̃,ˈuno,ˈu.nu,iːnˠ,ɨːn,ˈỹː.nãn,ɯːn,nɛːn,ɲə,mɛk,ˈe̞na,ɛrtʰi,ärtʰi,är,ɛʃχu,okaʈi
two,t͡svaɪ̯,tʋeː,tvɪə̯,tuː,tsvɛj,,,tvoː,toː,tʰveiːr,,,,dva,dva,ˈdva.ja,ˈdʋáː,,,dva,ˈdʋɑ,dva,ˈdojʃ,,dos,ˈdos,,dø,ˈdu.e,doj,d̪ˠoː,daɨ̯,,,d̪eː,dy,jɛɾˈku,ˈðiˌo̞,ɔri,ʒiri,ʒur,jɔri,
three,dʁaɪ̯,dri,,θɹiː,dʁaj,,,treː,,θriːr,trʊdʒɪr,trîːs,,tʂɨ,tr̝ɪ,ˈtri,ˈtríːjɛ,,,,trɪ,trʲi,ˈtɾeʃ,,tɾes,ˈtɾəs,tres,tʁwɑ,tre,trej,tʲɾʲiː,triː,,,t̪riː,tɾɛ,jɛˈɾɛkʰ,ˈtri.a,sämi,sumi,sum,sɛmi,muːɖu
four,fiːɐ̯,vir,,fɔː,fiʀ,,,ˈfyːˌra,fiːrə,ˈfjouːrir,ˈfʊiːɹa,tsætri,kʲɛt̪ʊˈrʲɪ,ˈt͡ʂtɛ.rɨ,ˈt͡ʃtɪr̝ɪ,ˈʃtiri,ˈʃtìːrjɛ,,,t͡ʂaˈtɨrɨ,t͡ʃoˈtɪrɪ̞,t͡ɕɪˈtɨrʲe,ˈkwa.tɾu,,ˈkwatɾo,ˈkwa.tɾə,ˈkatre,katʁ,ˈkwat.tro,ˈpa.tru,ˈcahəɾʲ,ˈpɛdwar,,,kʲeːə(r),ˈkatəɾ,t͡ʃʰɔɾs,ˈte̞se̞ˌra,ɔtʰχi,ɔtʰχi,ɔtʰχɔ,wɔʃtʰχw,n̪aːl̪uɡu
five,fʏnf,vɛi̯f,,faɪv,fɪnf,,,fɛm,,fɪmː,fɪmː,pìɛtsi,,pʲɛɲt͡ɕ,ˈpjɛt,ˈpɛc,péːt,,,,ˈpjɑtʲ,pʲætʲ,ˈsĩ.ku,,ˈθinko,ˈsiŋk,siŋk,sɛ̃k,ˈt͡ʃin.kwe,t͡ʃint͡ʃʲ,kuːɟ,pɨ̞mp,ˈpɛmp,koːɡ̊ʲ,kwɛɡ,pɛs(ə),hiŋɡ,ˈpe̞(n)de̞,χutʰi,χutʰi,χutʰ,wɔχuʃd,aid̪u
big,ɡʁoːs,,,bɪɡ,,,,ˈvɵkˌsɛn,,,,,,dɔˈrɔ.swɨ,,,,,ˈɡɔlɛm,,ʋeˈlɪkei̯,bɐlʲˈʂoj,mɐjˈɔɾ,,maˈɟ͡ʝoɾ,ˈɡɾan,,ɡʁɑ̃,ˈɡran.de,,,,,,,,mɛt͡s,,didi,didi,didi,χɔʃä,
long,laŋ(k),lɑŋ,,ˈlɒŋ,,,,lɔŋ,lanɡ,ˈlaŋkʏr,ˈlɛŋkʊɹ,,,ˈdwu.ɡʲi,ˈdlou̯ɦiː,ˈdl̩ɦiː,ˈdɔ́ːwk,ˈdɤlək,,ˈdou̯ɣʲi,ˈdɔu̯ɦei̯,ˈdlʲinːɨj,ˈlõ.ɡu,,ˈlarɡo,ʎuˈɲa,,lɔ̃,ˈlunɡo,luŋɡ,ˈfˠɑd̪ˠə,hiːr,,fad̪̊ə,,,jɛɾˈkɑɾ,,grdzɛli,gindzɛ,gundzɛ,dʒwɛdi,
wide,bʀaɪ̯t,,,waɪd,,,,viːd,,ˈpreiːðʏr,ˈpɹaijʊɹ,plats,,ʂɛˈrɔ.kʲi,ˈʃɪrokiː,,,ʃiˈrɔk,,ʂɨˈrokʲi,ʃeˈrɔkei̯,ʂɨˈrokʲɪj,ˈlaɾ.ɡu,,ˈaɲ.tʃo,,,laʁʒ,ˈlarɡo,larɡ,ˈl̠ʲahənˠ,ˈɬədan,,,,ˈɟ͡ʝɛ.ɾə,lɑjn,,pʰärtʰɔ,pʰärtʰɛ,mbɔli,mäʃri,
thick,dɪk,dɪk,,θɪk,,,çʊkː,ɕɔk,tyk,ˈθjɛhtʏr,t͡ʃʰʏʰkːʊɹ,,,ˈɡru.bɨ,ˈtlustiː,ˈtɫ̩stiː,ˈdɛ̀ːbɛw,dɛˈbɛl,,ˈtou̯stɨ,,ˈtolstɨj,iʃ.ˈpe.su,,ˈɡɾweso,,,e.pɛ,ˈspes.so,ɡros,tʲuː,teːu̯,,tʰʲu,,,hɑst,,skʰɛli,ʃχu,pʼɛdʒi,sgɛl,
heavy,ʃveːɐ̯,zʋaːr,,ˈhɛ.vi,,swiər,tʊŋː,tɵŋ,tɔnɡ,ˈθuŋkʏr,,smaks,sʊŋˈkʊs,ˈt͡ɕɛŋ.ʂkʲi,ˈcɛʃkiː,ˈcaʃ.kiː,ˈtɛ̀ːʒək,ˈtɛʒək,ˈtɛʒɔk,ˈt͡sʲaʂkʲi,ʋɐˈʒkɪi̯,tʲɪˈʐolɨj,pɨ.ˈza.ðu,,peˈsado,,,luʁ,peˈsante,ɡrew,t̪ˠɾˠuːmˠ,trʊm,,,,,ˈtsɑnəɾ,,mdzimɛ,mɔnkʼä,mɔnkʼä,gwæmi,
small,klaɪ̯n,klɛi̯n,,smɔːl,ˈkleɪn,,,ˈliːˌtɛn,lilə,smauːr,,,ˈmaːʒɐs,ˈma.wɨ,ˈmaliː,ˈmaliː,ˈmáːjxən,ˈmalək,maɫ,maˈlʲenʲkʲi,mɐˈlɛnʲkei̯,ˈmalʲɪnʲkʲɪj,pɪ.ˈke.nʊ,peˈkeno̝,peˈkeɲo,pəˈtit,,pə.ti,pikˈko.lo,mik,bʲɔɡ,baːχ,,pek,,ˈvɔɡəl,ˈpʰɔkʰəɾ,miˈkro̞s,pʼätʼärä,tʃʼitʃʼɛ,tʃʼutʼä,χɔχrä,
short,kʊʁt͡s,kɔrt,,ʃɔːt,,,,kɔrt,kɔrt,ˈstʏhtʏr,,îːs,,ˈkrut.kʲi,ˈkraːtkiː,ˈkraːtki,ˈkràːtək,ˈkɤs,ˈkratɔk,kaˈrotkʲi,kɔˈrɔtkei̯,kɐˈrotkʲɪj,ˈkuɾ.tu,,ˈkorto,ˈkuɾt,,kuʁ,ˈkorto,skurt,ɟaːɾˠ,bɨ̞r,,ˈkɤɾʲɪtʲ,,,kɑɾt͡ʃ,,mɔkʼlɛ,kʼuntʼä,mkʼulɛ,kʼudæ,
narrow,ɛŋ,nɑu,,ˈnæɹoʊ,,,,,snɛvər,ˈθrøyŋkʏr,,ʃàuɾs,,ˈvɔ̃s.kʲi,ˈuːskiː,ˈuːski,ˈòːzək,ˈtɛsɛn,,ˈvuskʲi,wʊˈzʲkɪi̯,ˈuskʲɪj,iʃ.ˈtɾɐj.tu,,es̺ˈtɾe.tʃo,əsˈtɾət,,e.tʁwa,ˈstretːo,strɨmt,kuːŋ,kɨːl,,kʰɯːɫ̪,,,nɛʁ,,vitsʼrɔ,intsʼrɔ,ndäri,näχwtsʼi,
thin,dʏn,,,ˈθɪn,,,,,,ˈθʏnːʏr,,tiêws,,ˈt͡ɕɛn.kʲi,ˈtɛŋkiː,ˈcɛŋkɔ,,ˈtɤnək,ˈtɛnɔk,ˈtonkʲi,,ˈtonkʲɪj,ˈfi.nu,,ˈfino,,,mɛ̃s,sotˈtile,slab,keːl̪ˠ,ˈtɛnaɨ̯,,,,,bɑˈɾɑk,,tʰχɛli,tʰχitʰχu,tʰitʰχu,dətʰχɛl,
woman,fʁaʊ̯,vrɑu̯,,ʊ,,,²kʋɪnːə,ˈkvɪnːˌa,ˈkʰvenə,ˈkʰɔːna,,,ˈmoːtʲɛrʲɪs,kɔˈbʲɛ.ta,ˈʒɛna,ˈʒe.na,ˈʒèːnska,ʒɛˈna,ˈʒɛna,ʐanˈt͡ʂɨna,ˈʒʲinkɐ,ˈʐɛnʲɕːɪnə,muˈʎɛɾ,muˈʎɛɾ,muˈxeɾ,ˈdɔ.nə,ˈfenno,fam,ˈdɔn.na,feˈmeje,bʲanˠ,,,b̥ɛn,bɛᵈn,ˈɡɾua,kin,ʝiˈne̞ka,kʰäli,ɔsuri,ɔχɔrdʒä,zuräl,
man,mɛnʃ,mɛns,,mæn,mɛnt͡ʃ,ˈminskə,²mɛnːɛʃə,mɛnːɪɧa,,ˈmanːɛsca,,tsìlvæ̀ːks,ʒmoˈɡʊs,ˈt͡ʂwɔ.vʲɛk,ˈt͡ʃlovjɛk,ˈt͡ʃɫɔvɛk,ˈtʃlɔ̀ːʋɛk,tʃoˈvɛk,ˈt͡ʃɔvɛk,t͡ʂaɫaˈvʲek,,t͡ɕɪlɐˈvʲek,ˈɔmẽɪ̯,ˈɔmɪ,ˈombɾe,ˈɔ.mə,,ɔm,ˈwɔ.mo,om,ˈd̪ˠɪnʲə,dɨːn,,t̪ɯɲə,,ɲɛˈɽi,mɑɾtʰ,ˈanθɾɔpɔs,kʼätsi,kʼɔtʃi,kʼɔtʃi,märɛ,
human,mɛnʃlɪç,,,ˈ(h)juːmən,,,,²mɛnsklɪ(ɡ),,,,,,ˈlut͡s.kʲi,ˈlɪtskiː,,tʃlɔˈʋèːʃki,,,,,t͡ɕɪlɐˈvʲet͡ɕɪskʲɪj,u.ˈmɐ.nu,,uˈma.no,uˈma,,y.mɛ̃,,o.meˈnesk,,,,,,,mɑɾtʰkɑˈjin,,ädämiäni,kʼɔtʃi,kʼɔtʃi,ämswäld,
child,kɪnt,kɪnt,kənt,t͡ʃaɪld,kɪnd,bɛːn,bɑːrn,bɑːrn,barn,ˈpartn,ˈpatn,bæ̀ːɾns,ˈvɐɪ̯ˑkɐs̪,ˈd͡ʑɛt͡s.kɔ,ˈɟiːcɛ,ˈɟi̯e.ca,ɔˈtrɔ́k,dɛˈtɛ,ˈdɛtɛ,,deˈtɪnɐ,rʲɪˈbʲɵnək,ˈfi.ʎu,ˈne.na,ˈixo,ˈnən,,ɑ̃.fɑ̃,bamˈbi.no,fiw,ˈpˠɑːʃtʲə,ˈplɛntɨ̞n,,,,,jɛɾɛˈχɑ,peˈði,bävʃvi,bäʁänä,bɛrɛ,bɛpʰʃw,paːpa
wife,,vrɑu̯,,waɪf,,,,hɵ̄sːtrʉ̂ː,,ˈeiːjɪn.kʰɔːna,,sīɛ̄va,,ˈʐɔ.na,ˈmanʒɛlka,,ˈʒɛ̀ːna,ʒɛˈna,ˈʒɛna,ˈʐonka,druˈʐɪnɑ,ʐɨˈna,es.ˈpo.za,esˈposa̝,esˈposa,ˈdɔ.nə,ˈfenno,fam,ˈspɔ.za,,bʲanˠ,ɡuˈrai̯ɡ,ˈɡwʁɛːk,,,ˈɡɾua,kin,,tsɔli,ɔsuri,ɔχɔrdʒä,χɛχw,
husband,,mɑn,,ˈhʌzbənd,,,,ˈmɑːˌkɛ,mæn,ˈeiːjɪn.maːðʏr,ˈmɛaːvʊɹ,vīːɾs,ˈʋʲiːrɐs,mɔŋʂ,ˈmanʒɛl,,ˈmóːʃ,ˈmɤʃ,maʃ,muʂ,t͡ʃɔlɔˈu̯ʲik,muʂ,ma.ˈɾi.du,,maˈɾido,məˈɾit,,ma.ʁi,maˈri.to,sots,fʲaɾˠ,ɡuːr,ˈɡwaː,,,bur,ɑmuˈsin,,kʰmäri,kʰɔmɔndʒi,kʰɔmɔli,tʃʼæʃ,
mother,ˈmʊtɐ,ˈmu.dər,,ˈmʌðə(ɹ),ˈmʊtəʁ,,,muːr,,ˈmamːa,ˈmɔuwɪr,māːtɛ,,ˈmat.ka,ˈmatka,ˈmatka,ˈmàːti,ˈmajkə,,,ˈmɑte,matʲ,mɐ̃j̃,ˈnaj,ˈmadɾe,ˈma.ɾə,ˈmajɾe,mɛʁ,ˈma.dre,ˈma.mə,ˈmˠɑːhəɾʲ,mam,ˈmãmː,ˈmaːhəɾʲ,maːɹ,,mɑjɾ,miˈtera,dɛdä,didä,nänä,di,
father,ˈfaːtɐ,ˈvaː.dər,fɑːdər,ˈfɑː.ðə(ɹ),ˈfɔtəʁ,hai̯t,,,,ˈfaːðɪr,ˈfɛaːjɪɹ,tǣːws,ˈtʲeːvɐs,ˈɔj.t͡ɕɛt͡s,ˈotɛt͡s,ˈɔcɛt͡s,ˈɔ̀ːtʃɛ,bɐˈʃta,,ˈbat͡sʲka,ˈbɑtʲkɔ,ɐˈtʲet͡s,paj,,ˈpadɾe,ˈpa.ɾə,ˈpajɾe,pɛʁ,ˈpa.dre,ˈta.tə,ˈahəɾʲ,taːd,ˈtɑːt,ˈahəɾʲ,ˈeːar,baba,hɑjɾ,paˈteras,mämä,mumä,bäbä,mu,
animal,tiːɐ̯,dir,,ˈænɪməl,,,,jʉːr,dyːr,tiːr,t͡ʃɔuːr,dzîunìɛks,ɡʲiːˈʋuːnɐs,ˈzvʲɛ.ʐɛ,ˈʒɪvot͡ʃɪx,ˈʒivɔt͡ʃiːx,ʒiˈʋáːw,ʒiˈvɔtno,ʒiˈvɔtnɔ,,tʋɐˈrɪnɐ,ʐɨˈvotnəjə,ˌɐ.ni.ˈmaw,,aniˈmal,ə.niˈmal,,a.ni.mal,aniˈmale,a.niˈmal,anʲəvʲiː,aˈnɪvai̯l,ˈlo.ɛ̃n,,,,kɛntʰɑˈni,ˈzo.o,tsχɔvɛli,tsχɔvɛli,häjväni,tsχɔwɛl,
fish,fɪʃ,vɪs,fəs,ˈfɪʃ,fɪʃ,fɪsk,,fɪsk,fesk,ˈfɪskʏr,ˈfɪskʊɹ,ziws,,ˈrɨ.ba,ˈrɪba,ˈriba,ˈrìːba,ˈribə,,ˈrɨba,ˈrɪbɐ,ˈrɨbə,ˈpɐjʃɨ,ˈpejʃe̝,ˈpeθ,ˈpeʃ,,pwa.sɔ̃,ˈpeʃːe,ˈpeʃte,iəsˠk,pəsˈɡɔdɨ̯n,,,jiːst,pɛʃk,d͡zuk,ˈp͡sari,tʰɛvzi,tʃχɔmi,tʃχɔmi,tsuz,t͡ʃeːpa
bird,ˈfoːɡəl,ˈvoːɣəl,,bɜːd,fɔjɡl,,fʉɡl,foːɡəl,fuːl,fʏkl,,,ˈpɒʊk.ʃtʲɪs,ptak,ptaːk,ˈftaːk,ˈptítʃ,ˈptitsə,ˈpti.t͡sa,,ˈptɑx,ˈptʲit͡sə,ˈpa.sa.ɾu,,ˈpaxaɾo,ˈaw,awˈsɛl,wa.zo,uˈt͡ːʃɛlːo,,eːnˠ,aˈdɛrɨ̞n,,ian,ˈoʒaɡ,zɔɡ,tʰərˈtʃʰun,puˈli,tʃitʼi,kʼvintʃä,kʼintʃi,næpʼr,pakʂi
dog,hʊnt,ɦɔnt,ɦɔnt,dɒɡ,hʊnt,huːn,,hɵnd,hun,ˈhʏntʏr,ˈhʊntʊɹ,,ʂuə,pʲɛs,pɛs,ˈpɛs,ˈpə́s,ˈkutʃɛ,,,,sɐˈbakə,ˈkɐ̃w̃,,ˈpero,ˈɡos,ˈɡus,ʃjɛ̃,ˈka.ne,ˈkɨj.ne,ˈmˠad̪ˠɾˠə,kiː,,kuː,ˈmɔːðə,cɕɛn,ʃun,ˈscilos,dzäʁli,dʒɔʁɔri,dʒɔʁɔri,ʒɛʁ,kukːa
louse,laʊ̯s,lœy̯s,,laʊs,,,,,,luːs,lʉuːs,,,vɛʂ,ˈvɛʃ,ˈvɔʃ,ˈúːʃ,ˈvɤʃkə,ˈvɔʃka,voʂ,ˈwɔʃɐ,voʂ,pi.ˈo.ʎu,,ˈpjo.xo,ˈpoʎ,peˈzul,pu,pi.ˈdɔk̚.kjo,,,ˈɬeɨ̯ɛn,ˈlɔw,,,mɔr,vɔˈt͡ʃʰil,,tʼili,tʼi,tʼi,tʼiʃ,
snake,ˈʃlaŋə,slɑŋ,slɑŋ,ˈsneɪk,ʃlaŋ(ɡ),,,ˈʊrm,,ˈstnauːkʏr,,tʃūska,ɡʲiːˈʋaːtʲeː,vɔŋʂ,ɦat,ˈɦat,ˈkàːtʃa,zmiˈja,,zʲmʲaˈja,,zmʲɪˈja,ˈkɔ.bɾa,ˈsɛɾpe̝,serˈpjente,ˈseɾp,,sɛʁ.pɑ̃,serˈpɛn.te,ˈʃarpe,ˈn̪ˠæhəɾʲ,nei̯dr,ˈnaɛr,,,ˈɟ͡ʝaɾpəɹ,ɔt͡sʰ,ˈfiði,gvɛli,gvɛri,tsʼitsʼilä,hwidʒ,paːmu
worm,,,,wɜːm,,,,,,ˈmaθkʏr,,,,ˈrɔ.bak,ˈt͡ʃɛrf,ˈt͡ʃɛrw,ˈtʃə́rw,ˈtʃɛrvɛj,,,,t͡ɕerfʲ,ˈvɛɾ.mɨ,ˈbɛɾme̝,ɡuˈsano,ˈkuk,,vɛʁ,ˈvɛrme,,pʲeːʃtʲ,,pʁɛ̃,,beˈʃtʲeːɡ,kɾimb,vɔɾtʰ,sku.ˈli.ci,tʃʼiä,tʃʼiä,tsʼitsʼi,mətʼ,
tree,baʊ̯m,boːm,bʊəm,tɹiː,bɔjm,bɪə̯m,,,trɛː,tʰrjɛː,tɹɛaː,kùoks,ˈmʲæːdʲɪs,ˈdʐɛ.vɔ,strom,strɔm,drɛˈʋóː,dərˈvɔ,,ˈdreva,,ˈdʲerʲɪvə,ˈaɾ.vu.ɾɨ,,ˈarbol,ˈa.bɾə,,aʁbʁ,ˈal.be.ro,ˈarbore,kɾˠaun̪ˠ,ˈkɔɨ̯dɛn,ɡwe,,ˈbilʲə,,t͡sɑr,ˈðe̞n.dro̞,χɛ,dʒä,ndʒä,mɛgɛm,t͡ʃeʈːu
forest,valt,ʋɑu̯t,bɔs,ˈfɒɹɪst,,,,skuːɡ,,ˈskouːʏr,,,ˈmɪʂ.kɐs,las,lɛs,ˈlɛs,ˈɡɔ́st,ɡoˈra,ˈʃuma,lʲes,,lʲes,floˈɾɛs.ta,ˈbɔske,ˈboske,ˈbɔsk,,fɔ.ʁɛ,,pə.ˈdu.ɾe,kiːlʲ,ˈkɔɨ̯dwɪɡ,ˈkwɑːt,ˈkʰɤʎə,kiːlʲ,pyɫ,ɑnˈtɑr,ˈðasɔs,tʼqʼɛ,tʼqʼä,gɛrmä,tsχɛkʼ,
stick,ʃtaːp,,,stɪk,,,,ɕɛp,kɛp,ˈstaːvʏr,,,lɐzˈdɐ,kʲij,ɦuːl,,,ˈprɤtʃkə,stap,,,ˈpalkə,ˈpaʊ,,,,,bɑ.tɔ̃,basˈtone,,ˈbˠat̪ˠə,,,,,,pʰɑjt,,dʒɔχi,bigä,bigä,pʰäu,
fruit,fʁʊxt,vrʏxt,,fɹuːt,fʁʊχt,,,ˈfrɵkt,frɔɡt,ˈauːvœxstʏr,,âwɡlis,ˈvai̯sʲʊs,ˈɔ.vɔt͡s,ˈovot͡sɛ,ˈɔvɔt͡si̯ɛ,ˈsáːdɛʃ,plɔt,,,,plot,ˈfɾu.ta,ˈfɾojta̝,ˈfɾuta,,,fʁɥi,ˈfru.tːo,,ˈt̪ˠɔɾˠə,fruːɨ̯θ,fʁwɛs,,meːs,,pəˈtuʁ,,χili,χili,χilä,χil,paɳɖu
seed,ˈzaːmən,zaːt,,siːd,ˈzɔɪ̯mn̩,,frøː,,sɛːd,fraiː,fɹɛaː,,ˈsʲeːklɐ,naˈɕɛ.ɲɛ,ˈsɛmɛno,ˈsɛmɛnɔ,ˈsèːmɛ,ˈsɛmɛ,,naˈsʲenʲːe,ˈsʲimjɐ,ˈsʲemʲə,sɨˈmẽtɨ,seˈmɛnte̝,,ʎəˈvo,,sə.mɑ̃s,ˈseme,səˈmɨntsə,ʃiːl,haːd,,,,ˈfaːɾ,sɛɾm,ˈspo̞ro̞s,tʰɛsli,tʰäsi,tʰäsi,læʃi,
leaf,blat,blɑt,blɑːr,liːf,blat,,,,blad,løyːv,blɛaː,,,lʲiɕt͡ɕ,ˈlɪst,ˈlist,ˈlíːst,,,lʲist,,lʲist,ˈfo.ʎɐ,ˈfo.ʎɐ,ˈoxa,ˈfu.ʎə,ˈfɥɛʎo,fœj,ˈfɔʎʎa,ˈfrun.zə,ˈdʲɪloːɡ,ˈdei̯lɛn,ˈde.ljɛ̃n,,ˈd̪olʲaɡ,,tɛˈɾɛv,ˈfilo̞,pʰɔtʰɔli,pʰurtsɛli,pʰävri,bälɛ,aːku
root,ˈvʊʁt͡sl̩,ˈʋɔr.təl,,ɹuːt,,,ruːt,,roːd,rouːt,ɹɔuːt,,ʃɐkʲˈn̪ʲɪs̪,ˈkɔ.ʐɛɲ,ˈkor̝ɛn,ˈkɔrɛɲ,kɔrɛˈnìːna,ˈkɔrɛn,,ˈkoranʲ,ˈkɔrʲinʲ,ˈkorʲɪnʲ,ʁa.ˈis,raˈiθ,raˈiθ,əˈrɛl,rraˈis,ʁa.sin,raˈditʃe,,fʲɾʲeːvˠ,ɡwrai̯ð,,,,rəːɲ,ɑɾˈmɑt,,pʰɛsvi,dʒindʒi,dʒidʒi,tsʼusχund,ʋeːru
bark,ˈbɔʁkə,sxɔrs,bɑs,bɑːk,,,,,bark,ˈpœr̥kʏr,ˈpœɹ̥kʊɹ,,ʒʲɪəˈvʲěː,ˈkɔ.ra,ˈkuːra,ˈku̯o.ra,ˈlùːbjɛ,koˈra,,kaˈra,,kɐˈra,,,korˈteθa,əsˈkɔɾ.sə,,e.kɔʁs,korˈtettʃa,,ɾˠuːsˠk,ˈr̥ɪskl̩,,,ruːs,,kɛˈʁɛv,,kʰɛrkʰi,tʼqʼɛbi,tʼkʼɛbi,tʼɛpʰ,
flower,ˈblyːtə,blum,,ˈflaʊ.ə,blʊm,blom,bluːm,blʊ.ma,,plouːm,ˈblɔuma,,,kfʲat,ˈkvjɛt,ˈkvɛt,ˈtsʋéːt,t͡svʲat,,,ˈkʋʲitkɐ,t͡svʲɪˈtok,ˈfloʁ,,ˈfloɾ,ˈflɔ,,flœʁ,,flo̯are,bˠl̪ˠɑː,ˈblɔdɨ̞n,blœ̃w,,,ˈlulɛ,t͡sɑˈʁik,ˈanθɔs,qʼvävili,pʼɛuli,pʰukʰiri,muʁwæ,puʋːu
grass,ɡʁaːs,ɣrɑs,,ɡɹɑːs,ɡʁɔz,ɣɛːs,ɡrɑːs,,,kraːs,kɹɛaːs,,ʒoˈlʲeː,ˈtra.va,ˈtraːva,ˈtraːva,ˈtràːʋa,trɛˈva,,,,trɐˈva,ˈɡɾɐ̃mɐ,ˈɛɾβa̝,ˈpas.to,ˈeɾ.bə,ˈɛrβo,ɛʁb,ˈɛrba,ˈjar.bə,fʲeːɾˠ,ˈɡlaswɛɬd,ˈɡɛwt,ˈfiəɾ,feːə,baɾ,χɔt,,bäläχi,tʼqʼä,tʼkʼä,mɛl,ɡaɖːi
rope,zaɪ̯l,,,ɹəʊp,,,,,tɔv,ˈreiːpɪ,,àwkla,,ˈlʲi.na,,ˈɫanɔ,,vəˈʒɛ,ˈjaʒɛ,vʲaˈrou̯ka,,vʲɪˈrʲɵfkə,ˈkɔɾ.dɐ,,ˈkwerda,ˈkɔɾ.də,,kɔʁd,ˈkɔrda,,tʲiad̪ˠ,r̥aːf,kɔrdɛn,,,liˈtaɾ,pɑˈɾɑn,,tʰɔkʼi,tʰɔkʼi,tʰɔkʼi,tʰækʼw,
skin,haʊt,ɦœy̯t,,skɪn,heɪt,,,hʉːd,,huːð,,âːda,ˈôːd̪ɐ,ˈsku.ra,ˈkuːʒɛ,ˈkɔʒa,ˈkòːʒa,ˈkɔʒə,,ˈskura,,ˈkoʐə,ˈpɛ.lɨ,,,ˈpeʎ,pɛl,po,ˈpɛlle,ˈpjele,ˈkɾˠacən̪ˠ,kroːɨ̯n,ˈkʁoːχɛn,,ˈkraːɣən,ləkuɹə,mɑʃk,ˈðɛɾma,kʼäni,tʼqʼɛbi,tʼkʼɛbi,kʼæn,tʃarmamu
meat,flaɪ̯ʃ,vleːs,fləis,miːt,flɛɪʃ,flai̯s,çøːt,ɕœtː,,kʰjœːt,t͡ʃʰøːʰt,ɡaʎa,,ˈmʲɛ̃.sɔ,ˈmaso,ˈmæso,mɛˈsóː,mɛˈsɔ,,ˈmʲasa,ˈmjɑsɔ,ˈmʲasə,ˈkaɻ.ne,,ˈkarne,ˈkaɾn,,vjɑ̃d,ˈkar.ne,ˈkarne,fʲoːlʲ,kiːɡ,,,feːlʲ,miʃ,mis,ˈkre̞as,χɔrtsi,χɔrtsi,χɔrtsi,lɛʁw,
blood,bluːt,blut,blut,blʌd,blʊt,bluə̯t,bluː,,bloːd,plouːð,plɔuːw,asinis,krɒ͜úˑjæs,krɛf,krɛv,ˈkr̩w,ˈkríː,krɤf,kr̩f,,ˈkrɔu̯,krofʲ,ˈsɐ̃.ɡɨ,,ˈsanɡɾe,ˈsaŋk,,sɑ̃,ˈsan.ɡwe,ˈsɨn.d͡ʒe,fˠɪlʲ,ˈɡwaːi̯d,ˈɡwaːt,,folʲ,ɟ͡ʝak,ɑɾˈjun,ˈema,sisχli,zisχiri,ditsχiri,zisχ,
bone,ˈknɔχn,beːn,,boʊn,,,bæɪn,ˈbeːn,knɔɡlə,ˈpeiːn,bain,,ˈkä̂ˑʊ̯ɫɐs̪,kɔɕt͡ɕ,kost,ˈkɔsc,ˈkóːst,kɔst,,kosʲt͡sʲ,,kosʲtʲ,ˈo.su,ˈɔso̝,ˈweso,ˈɔs,ˈɔs,ɔs,ˈɔsso,os,knɑːvʲ,,ˈas.kɔrn,,kreːw,,vɔsˈkɔɾ,o̞ˈsto̞,dzväli,dzväli,qʼvili,dʒidʒw,
fat,fɛt,vɛt,,fæt,,,,fɛt,fet,ˈfɪːta,ˈfiːtɪ,,rʲɪəbɐˈlɐɪ̯ˑ,twuʂt͡ʂ,,tuk,,,,,,ʐɨr,ɡoɹ.ˈdu.ɾa,,ˈɡɾasa,,,ɡʁɛs,ˈɡras.so,,sˠail̠ʲ,ˈbrastɛr,,,,,t͡ʃɑɾp,ˈli.pos,tsχimi,gägäbi,jäʁi,mətʃχim,koʋːu
egg,aɪ̯,ɛi̯,ˈəiər,ɛɡ,,aːi̯,ɛɡː,ɛɡː,ɛːɡ,ˈɛkː,ɛkː,uōla,,ˈja.jɔ,ˈvɛjt͡sɛ,ˈvajt͡sɛ,ˈjàːjtsɛ,jəiˈt͡sɛ,ˈjajt͡sɛ,ˈjajka,,(j)ɪjˈt͡so,ˈo.vu,ˈɔ.βʊ,ˈwebo,ˈɔw,,œf,ˈwɔ.vo,ow,uː,uːɨ̯,,u,au,,d͡zu,ta.oˈa,kʼvɛrtsχi,märkʰväli,mäkʰväli,ləgrɛ,ɡuɖːu
horn,hɔrn,ɦoːrn,,hɔːn,,,hʊrn,,,hɔrtn,hɔtn,ɾaks,ˈrä̌ːɡɐs̪,ruk,ˈrox,ˈrɔx,ˈróːk,,,,,rok,ˈʃi.fɾɨ,ˈkɔɾno̝,ˈkwerno,ˈba.ɲə,,kɔʁn,ˈkɔr.no,korn,əiɾˠk,kɔrn,,,,,jɛʁd͡ʒˈjuɾ,,rkʰä,kʰä,kʰrä,mitʃʼw,
tail,ʃvant͡s,staːrt,,teɪl,,,,svans,haːlə,ˈhaːlɪ,,astɛ,,ˈɔ.ɡɔn,ɔtsas,ˈxvɔst,ˈrɛ́p,,ˈɔpaʃka,xvost,,xvost,ˈʁa.bu,ˈraβo̝,ˈkola,ˈku.ə,,kø,ˈkoda,ˈkʷadə,ˈɾˠɨbˠəl̪ˠ,ˈkənfɔn,,,,,pɔt͡ʃʰ,,kʼudi,kʼudɛli,kʼudɛli,hækʼwɛd,
feather,ˈfeːdəʁ,veːr,,ˈfɛð.ə(ɹ),,,fjøːr,,fjeːr,fjœːðʏr,ˈfjøːvʊɹ,spālva,,ˈpʲu.rɔ,ˈpɛːro,,pɛˈróː,,,,peˈrɔ,pʲɪˈro,,ˈplumɐ,ˈpluma,,,plym,ˈpjuma,fulɡ,ˈclʲɛtʲə,plɨː,,,,,pʰɛˈtuɾ,,bumbuli,burdʁä,bundʁä,pʼintʼqʼil,iːka
hair,haːɐ̯,ɦaːr,,hɛə,hɔʁ,,hoːr,hoːr,,hauːr,hɔaːɹ,mats,,ˈvwɔ.sɨ,ˈvlasɪ,,ˈláːs,koˈsa,ˈkɔsa,ˈvoɫas,wɔˈlɔsʲːɐ,ˈvoləsɨ,kɐ.ˈβe.lu,kaˈβ̞elʊ,kaˈbeʎo,kəˈbəʎ,,ʃə.vø,,,ɡɾˠuəɟ,ɡwaːɬd,,,,ˈcimɛ,,,tʰmä,tʰumä,tʰɔmä,pʰätʰw,
head,kɔpf,ɦoːft,,hɛd,,ˈholə,,ˈhʉːˌvɵd,hoːvəd,hœːvʏθ,hœtː,ɡâlva,,ˈɡwɔ.va,ˈɦlava,ɦɫava,ˈɡlàːʋa,ɡləˈva,,ɣaɫaˈva,ɦɔlɔˈu̯ɑ,ɡəlɐˈva,kɐ.ˈβe.sɐ,ˈtɛsta̝,kaˈbeθa,ˈkap,kap,tɛt,ˈtɛs.ta,kap,caun̪ˠ,pɛn,pɛ̃n,,caun,kɔkə,ɡəˈluχ,ce̞ˈfali,tʰävi,dudi,dudi,tʰχwim,tala
ear,oːr,oːr,ʊər,ɪə̯,ˈɔɪ.əʁ,,,øːra,øːrə,ˈeira,ˈɔira,àws,ɐʊˈsʲɪs,ˈu.xɔ,ˈuxo,ˈu.xɔ,uˈxóː,uˈxɔ,ˈuvɔ,ˈvuxa,ˈwuxɔ,ˈuxə,o(w).ˈvi.ðu,,oˈido,oˈɾə.ʎə,awˈɾeʎo,ɔ.ʁɛj,ɔˈrekkjo,uˈre.ke,klˠuəsˠ,klɨːst,skwaʁn,,kleːʃ,,ɑˈkɑnd͡ʒ,aˈfti,qʼuri,ʔudʒi,qʼudʒi,ʃdim,tʃeʋi
eye,ˈaʊ̯ɡə,oːx,oəχ,aɪ,,ɪə̯x,²æʉɡə,ˈøːˌɡa,øjə,ˈøyːɣa,ˈɛiːja,ats,ɐˈkʲɪs,ˈɔ.kɔ,ˈoko,ˈɔkɔ,ɔˈkóː,oˈkɔ,ˈɔkɔ,ˈvoka,ˈɔkɔ,ɡlas,ˈo.ʎu,ˈoʎʊ,ˈoxo,ˈuʎ,,œj,ˈɔk.kjo,okʲ,sˠuːlʲ,ˈɬəɡad,ˈla.ɡat,s̪uːl,suːlʲ,sɒj,ɑt͡ʃʰkʰ,ˈmati,tʰväli,tʰɔli,tʰɔli,tʰɛ,kan̪ːu
nose,ˈnaːzə,nøːs,nɪøs,nəʊz,,,,ˈnɛːsˌa,ˈnɛːsə,nɛːv,nøːs,,,nɔs,nos,,ˈnóːs,nɔs,,,,nos,nɐˈɾiʃ,naˈɾiθ,naˈɾiθ,ˈnas,,ne,ˈna.zo,,sˠɾˠoːnˠ,truːɨ̯n,ˈfriː,s̪t̪ɾɔːn,st̪rudʲnʲ,,kʰitʰ,ˈmiti,tsχviri,tʃχvindi,tʃχindi,nɛpʰχwnä,
mouth,mʊnt,mɔnt,mɔnt,maʊθ,,ˈmulə,,mɵn,mon,ˈmʏnːʏr,,mutɛ,bʊrˈnɐ,ˈu.sta,ˈuːsta,ˈuːsta,ˈùːsta,usˈta,,rot,ˈrɔt,rot,ˈbo.kɐ,,ˈboka,ˈbo.kə,buko,buʃ,ˈbokka,,bʲia̯l̪ˠ,keːɡ,ˈɡɵ̃ː.nu,piaɫ̪,ˈbiəl,ˈɡɔjə,bɛˈɾɑn,,pʼiri,pʼidʒi,pʼidʒi,pʼil,noːru
tooth,t͡saːn,tɑnt,,tuːθ,tsɔn,,tɑnː,ˈtand,tan,tʰœnː,tʰɔnː,zùops,,zɔmp,zup,ˈzup,ˈzóːp,zɤp,,,,zup,ˈdẽ.tɨ,,ˈdjente,ˈdent,,dɑ̃,ˈdɛnte,ˈdinte,ˈfʲiəkəlʲ,dant,,,,,ɑˈtɑm,ˈðɔndi,kʼbili,kʼibiri,kʼibiri,ʃdikʰ,pan̪ːu
tongue,ˈtsʊŋə,tɔŋ,,tʌŋ,tsʊŋ(ɡ),,,ˈtɵŋˌa,tɔnɡə,ˈtʰuŋka,ˈtʰʊŋka,mɛ̀ːlɛ,,ˈjɛ̃.zɨk,ˈjazɪk,ˈja.zik,ˈjɛ̀ːzik,ɛˈzik,ˈjazik,jaˈzɨk,jɐˈzɪk,(j)ɪˈzɨk,ˈlĩ.ɡwɐ,,ˈlenɡwa,ˈʎəŋ.ɡwə,ˈleŋɡo,lɑ̃ɡ,ˈliŋ.ɡwa,ˈlimbə,ˈtʲaŋə,ˈtavɔd,ˈtɛwt,tʰʲɛŋɡə,ˈtʃɛnʲə,ˈɟʑuhə,lɛˈzu,ˈɣlosa,ɛnä,ninä,nɛnä,nin,
fingernail,ˈfɪŋɐnaːɡl̩,,,ˈfɪŋɡɚˌneɪl,,,,,najl,nœkl,,,,pazˈnɔ.kʲɛt͡ɕ,,ˈɲɛxt,ˈnóːxt,ˈnɔkət,nɔkt,paˈznoɣat͡sʲ,,ˈnoɡətʲ,ˈu.ɲɐ,,ˈu.ɲa,ˈuŋ.ɡlə,,ɔ̃ɡl,ˈun.ɡja,,,,,,,,jɛˈʁunɡ,ˈniçi,pʰrtʃχili,birtsχä,butsχä,tsχä,ɡoːru
foot,fuːs,vut,,fʊt,fʊs,,fuːt,fuːt,foːd,,ˈfɔuːtʊɹ,,,ˈstɔ.pa,ˈnoɦa,ˈnɔɦa,stɔˈpàːlɔ,stəˈpalo,,naˈɣa,,nɐˈɡa,ˈpɛ,ˈpɛ,pje,ˈpɛw,pɛ,pje,ˈpjɛde,piˈt͡ʃjor,kɔsˠ,troːɨ̯d,,kʰas,,kəm.bə,vɔtkʰ,ˈpoði,tʼɛrpʰi,närtʃäkʼutʃχi,tʼäbu,lägæäm,
leg,baɪ̯n,beːn,,lɛɡ,fʊs,skoŋk,bæɪn,ˈbeːn,beːn,ˈfouːtʏr,,kāːja,,ˈnɔ.ɡa,ˈnoɦa,ˈnɔɦa,nɔ̀ːɡa,krak,,naˈɣa,,nɐˈɡa,ˈpɛɾ.nɐ,,ˈpjerna,ˈka.mə,ˈkambo,ʒɑ̃b,ˈɡamba,,kɔsˠ,koːɨ̯s,ˈɡɑːr,kʰas,,kəm.bə,vɔtkʰ,ˈpoði,pʰɛχi,kʼutʃχi,kʼutʃχɛ,tʃʼiʃχ,kaːlu
knee,kniː,kni,,niː,knɪ,,,,,n̥jɛː,knɛaː,tsɛlis,ˈkʲæ̌ːlʲɪs,kɔˈla.nɔ,ˈkolɛno,ˈkɔlɛnɔ,kɔˈlèːnɔ,koˈlʲano,,kaˈlʲena,,kɐˈlʲenə,ʒu.ˈe.ʎu,ʃeˈonʎo̝,roˈdiʎa,ʒəˈnoʎ,(d)ʒeˈnul,ʒə.nu,dʒiˈnɔkkjo,dʒeˈnunkʲ,ɡl̪ˠuːnʲ,,ˈɡliːn,,ɡlʲuːnʲ,,t͡suŋk,ˈɣɔnatɔ,muχli,birguli,burgili,kʰutʰul,
hand,hant,ɦɑnt,,hænd,hant,,hɑnd,hand,hɔnˀ,hœnt,hɔnt,ɾùoka,ɾɐŋˈkɐ,ˈrɛŋ.ka,ˈruka,ˈruka,rɔ̀ːka,rəˈka,,,rʊˈkɑ,rʊˈka,ˈmɐ̃w̃,,ˈmano,ˈma,ma,mɛ̃,ˈmaːno,ˈmɨ.nə,l̪ˠɑːvˠ,ɬaːu̯,ˈdɔʁn,ɫ̪ãːv,,dɔɹ,d͡zɛrkʰ,ˈçeɾi,χɛli,χɛ,χɛ,ʃi,
wing,ˈflyːɡl̩,,,wɪŋ,,,,ˈvɪŋˌɛ,,ˈvaiŋkʏr,ˈvɔŋkʊɹ,spàːɾns,,ˈskʂɨ.dwɔ,kr̝̊iːdlo,ˈkriːdɫɔ,ˈkrìːlɔ,kriˈlɔ,,krɨˈɫo,,krɨˈlo,ˈa.zɐ,aː,ˈala,ˈa.lə,,ɛl,ˈala,,ˈʃcɪhɑːn,ˈadai̯n,ˈas.kɛl,,ˈskiːən,kɾa,tʰɛv,,pʰrtʰä,suä,msvä,kʼäbərdʒ,rekːa
belly,baʊ̯x,bœy̯k,,bɛli,bɔɪχ,,,²mɑːɡɛ,,ˈmaːjɪ,,,,bʐux,ˈbr̝ɪxo,ˈbruxɔ,ˈtrèːbux,koˈrɛm,mɛf,,,ʐɨˈvot,bɐ.ˈʁi.ɡɐ,banˈduʎo̝,bäˈriɣä,ˈbuk,,vɑ̃tʁ,ˈpan.t͡ʃa,,ˈbˠɔlˠəɡ,,ˈkofː,,,,pʰɔɾ,,mutsɛli,kʰɔrä,kʰɔrbä,qʰæd,poʈːa
guts,ˈaɪ̯nɡəvaɪ̯də,,,ɡʌts,,,,,,,,,,,,,,,ˈt͡srɛva,,,kʲɪʂˈkʲi,,,,,,ɑ̃t.ʁaj,,,ˈɪn̠ʲiː,,,,,,pʰoɾoˈtikʰ,,nätsʼlävi,tʃʼi,tʃʼu,tʃʼintʃʼil,
neck,hals,,,nɛk,haldz,,hɑls,,hals,hauls,,,ˈkä̌ːklɐs̪,ˈʂɨ.ja,kr̩k,kr̩k,ˈʋráːt,ˈʃijə,vrat,,ˈʃɪjɐ,ˈʂɛjə,pɨʃ.ˈko.su,pesˈkoθo̝,ˈkweʎo,ˈkɔʎ,,ku,ˈkɔl.lo,ɡɨt,ˈmˠɪnɑːl,ɡʊðv,,,,ˈcafə,viz,,kʼisɛri,kʼisɛri,dʒinikʰi,kʼintʃχ,
back,ˈʁʏkn̩,rʏx,rœχ,bæk,,rɛːx,,rʏɡ,,paːk,,,ˈn̪ʊɡɐrɐ,ˈplɛ.t͡sɨ,ˈzaːda,ˈxr̩baːt,ˈxərbət,ɡrɤp,ɡr̩p,ˈsʲpʲina,,spʲɪˈna,ˈkɔs.tas,ˈlombo̝,esˈpal.da,əsˈkə.nə,,do,ˈskjɛna,,d̪ˠɾˠiːmʲ,,ˈkɛjn,kʰuːɫ̪,d̪riːm,ʃpiːn,mɛt͡ʃʰkʰ,,zurgi,ɔtʃʼiʃi,kʼäpʼulä,tʃʼätʃʼær,
breast,bʁʊst,bɔrst,bɔ(ː)rs,bɹɛst,,,,,brøst,prjoust,brœst,,,pʲɛrɕ,pr̩s,ˈpr̩sɲiːk,,ɡərˈda,ˈɡrada,,,ɡrutʲ,ˈsɐj.u,,ˈpet͡ʃo,ˈpit,,sɛ̃,ˈse.no,pjept,,brɔn,,kʰʲiəx,,,kuɾt͡skʰ,ˈstiθos,mkʼɛrdi,kʼidiri,gjɔnkʰsi,mutʃʼwɛd,t͡ʃan̪ːu
heart,hɛʁts,ɦɑrt,,hɑːt,,hɛt,²jɑrtə,ˈjɛrˌta,jɛrtə,ˈçar̥ta,ˈjaɹ̥ʈa,sîɾts,ʃʲɪrʲˈdʲɪs,ˈsɛr.t͡sɛ,ˈsr̩t͡sɛ,sr̩tsɛ,sərˈtséː,sərˈt͡sɛ,ˈsr̩t͡sɛ,ˈsert͡sa,ˈsɛrt͡se,ˈsʲert͡sə,ko.ɾa.ˈsɐ̃w̃,,koɾaˈθon,ˈkɔr,kɔr,kœʁ,ˈkwɔːre,ˈinimə,kɾˠiː,ˈkalɔn,ˈkalɔ̃n,,kriː,ˈzɛməɾ,siɾt,karˈðʝa,guli,guri,guri,gwi,
liver,ˈleːbɐ,ˈleːvər,,lɪvə(ɹ),,,ˈleːʋɛr,,leːvər,ˈlɪːvʏr,ˈliːvʊɹ,aknas,,vɔnˈtrɔ.ba,ˈjaːtra,ˈpɛtʃɛɲ,ˈjèːtra,ˈtʃɛrɛn drɔp,ˈd͡ʒiɡɛr,ˈpʲet͡ʂanʲ,,ˈpʲet͡ɕɪnʲ,ˈfi.ɡɐ.du,,ˈiɡado,ˈfe.d͡ʒə,,fwa,ˈfeɡato,,eː,ˈavɨ̞,ˈɑːvy,,eːn,,ljɑɾtʰ,,ʁvidzli,tʃχɔntʃχi,dʒigɛri,qʼwiʒɛ,
drink,ˈtʁɪŋkən,ˈdrɪŋkə(n),,dɹɪŋk,,ˈdrɪŋkə,,drɪkːa,drekə,ˈtrɛhka,ˈtɾɛʰkːa,dzɛɾ̂t,ˈɡʲɛrʲ.tʲɪ,pʲit͡ɕ,piːt,ˈpic,ˈpiːti,ˈpijə,ˈpi.ɛ,,,pʲitʲ,be.ˈbeɾ,,beˈβeɾ,ˈbəw.ɾə,ˈbewre,bwaʁ,ˈbe.re,be̯a,oːl̪ˠ,ˈəvɛd,ˈe.vɑ̃,ɔːɫ̪,,pi,χəˈmɛl,ˈpi.no,smä,ʃumä,ɔʃu,litʰrɛ,
eat,ˈʔɛsn̩,,,iːt,,,,ˈɛːˌta,spiːsə,,,,,,jiːst,,,,ˈjadɛ,,,jesʲtʲ,ko.ˈme(ʁ),,koˈmeɾ,məɲˈʒa,,mɑ̃.ʒe,manˈdʒa.re,luˈa,ɪ,,,,,,uˈtɛl,ˈtro̞o̞,tʃʼämä,tʃʼkʼɔmuä,ɔtʃʼkʼɔmu,lizwɛb,
bite,ˈbaɪ̯sn̩,ˈbɛi̯tə(n),,baɪt,,,,,biːdə,ˈpiːta,,kuôst,,,ˈkou̯sat,,,ot̪ˈxapvəm,ɔdˈɡrizuva,kuˈsat͡sʲ,,ɐtˈkusɨvətʲ,muɾˈðeɾ,,,mo.səˈɡa,,mɔʁdʁ,ˈmɔrdere,muʃˈka,,knɔj,,,,kafˈʃɔj,kəˈtsɛl,ðaŋˈɡono,kʼbɛtʃä,χitʃuä,ɔkʼibinu,liqʰɛpʰ,
suck,ˈzaʊ̯ɡən,ˈzœy̯.ɣə(n),,sʌk,,,,,,ˈsjuːa,,sùːkt,ˈtʲʃʲʊlʲpʲtʲɪ,ssat͡ɕ,,,,,ˈt͡sit͡sa,smaktat͡sʲ,,sɐˈsatʲ,,t͡ʃuˈt͡ʃaɾ,t͡ʃuˈpaɾ,ʃuˈkla,,sy.se,,ˈsu.d͡ʒe,sˠuːɟ,,,ˈtʲo.al,,θiθ,t͡səˈt͡sɛl,,tsʼɔvä,tsʼuälä,ɔtsʼu,litʃigw,
spit,ˈʃpʊkŋ̩,,,spɪt,,,,,spøtɘ,ˈr̥aiːca,,spʎāwt,,plut͡ɕ,ˈplɪvnou̯t,ˈpʎuc,,,ˈpɫuka,,,plʲɪˈvatʲ,kuʃ.ˈpiɾ,kusˈpiɾ,eskuˈpiɾ,,,kʁa.ʃe,spuˈtare,,,,,,,,tʰəˈkʰɛl,ˈfti.nɔ,pʰurtʰχɛbä,pʰurtʼinuä,ntʃʼkʼväläpʰä,litʼbənɛ,
vomit,ˌyːbɐˈɡeːbən,,,ˈvɒmɪt,,,,,,ˈaiːla,,,,vɨ.mʲɔˈtɔ.vat͡ɕ,,,,,ˈpɔvraca,,,blʲɪˈvatʲ,vu.mi.ˈtaɾ,,,vo.miˈta,,vɔ.miʁ,vomiˈtare,,ˈaʃɪɟ,,,,,,,,rtsʼqʼɛvä,rtsʼqʼiälä,ɔntʰχɔru,litʼχunɛ,
blow,ˈblaːzn̩,ˈblaːzə(n),,bləʊ,,,,,blɛːsə,,,,ˈpǔːsʲtʲɪ,ˈdmu.xat͡ɕ,ˈvaːt,,,,ˈduva,,,dutʲ,suˈpɾaɾ,,,buˈfa,,su.fle,sofˈfjare,,ʃeːdʲ,ˈχwəθɨ̞,,,,,pʰəˈt͡ʃʰɛl,,bɛrvä,bäruä,bäräpʰä,libɛlɛ,
breathe,ˈaːtmən,ˈaːdəmə(n),,bɹiːð,,,,,ɔnə,ˈanta,,,,ɔdˈdɨ.xat͡ɕ,ˈdiːxat,ˈdiːxac,,,,,,dɨˈʂatʲ,ʁɨʃ.pi.ˈɾaɾ,,,rəs.piˈɾa,,ʁɛs.pi.ʁe,respiˈrare,,,anˈadlɨ̞,,,,,ʃənˈt͡ʃʰɛl,a.naˈpne.o,suntʰkʰvä,,ɔʃvänu,liχwäntʼɛ,
laugh,ˈlaχn̩,ˈlɑxə(n),ɫɐχ,laːf,,ˈlai̯tsjə,,,leː,ˈl̥aiːja,,,,ɕmʲat͡ɕ ɕɛ,smaːt,ˈsmi̯ac sa,,,sɛ ˈsmɛ.ɛ,,,smʲɪˈjat͡sːə,ˈʁiɾ,,,ˈriw.ɾə,,ʁiʁ,ˈri.de.re,,ɡɑːɾʲ,,,,,cɛʃ,t͡sit͡sɑˈʁɛl,,sitsili,dzitsä,dzitsini,litswnäl,naʋːu
see,ˈzeː.ən,zin,,siː,,,ʃoː,seː,seː,ˈsjauː,ˈsʊt͡ʃːa,ɾɛdzɛ̂ːt,mɐˈtʲîːtʲɪ,ˈvʲi.d͡ʑɛt͡ɕ,ˈvɪɟɛt,ˈviɟi̯ɛc,ˈʋiːdɛti,ˈviʒdəm,ˈɡlɛda,ˈbat͡ʂɨt͡sʲ,ˈbɑt͡ʃete,ˈvʲidʲɪtʲ,veɾ,,ˈbeɾ,ˈvəw.ɾə,,vwaʁ,veˈde.re,veˈde̯a,fʲɛc,ɡwɛld,,,,,tɛsˈnɛl,ˈvlepo,χɛdvä,rtsʼqʼɛbä,ɔtsʼkʼɔmilu,lisgdi,
hear,ˈhøːrən,ˈɦoːrə(n),,hɪə(ɹ),,ˈjɛ(ː)rə,,,høːrə,ˈheiːra,,dzìɾdɛ̂ːt,,ˈswɨ.ʂɛt͡ɕ,ˈslɪʃɛt,,,ˈtʃuvəm,,,ˈt͡ʃute,ˈslɨʂətʲ,owˈviɾ,ɔˈiɾ,oˈiɾ,sənˈti,,ɑ̃.tɑ̃dʁ,,,klˠɔʃ,ˈkləu̯ɛd,,,,,ləˈsɛl,aˈkuo,smɛnä,rtʃkʰilä,ɔʃkʼinu,səmæn,
know,ˈvɪsn̩,ˈʋeːtə(n),vɪət,nəʊ,vɪsn̩,,,veːta,,ˈvɪːta,,zinâːt,ʒɪˈnoː.tʲɪ,ˈvʲɛ.d͡ʑɛt͡ɕ,ˈvjɛɟɛt,ˈvɛɟi̯ɛc,,,,ˈvʲedat͡sʲ,ˈznɑte,znatʲ,sɐ.ˈbeɾ,,saˈbeɾ,səˈbə,,savwaʁ,saˈpeː.re,ʃti,,ˈmɛdrɨ̞,,,,di,ɡitɛˈnɑl,ˈksɛ.ɾɔ,tsɔdnä,rtʃkʰinä,ɔtʃkʰinu,mäχäl,
think,ˈdɛŋkən,ˈdɛŋkə(n),dəŋk,θɪŋk,,,,,,ˈhʏxsa,,,,ˈmɨɕ.lɛt͡ɕ,ˈpr̝̊ɛmiːʃlɛt,ˈmisli̯ɛc,ˈmiːsliti,,,,ˈdumɐte,ˈdumətʲ,pẽˈsaɾ,,penˈsaɾ,pənˈsa,,pɑ̃.se,,ɡɨnˈdi,capˠ,ˈmɛðʊl,,,,mɛnˈdɔj,mətɑˈt͡sɛl,ˈsceftome,pʰikʰri,gurtʃämä,ɔsimädu,liskʼɔrɛ,
smell,ɡəˈʁʊχ,ɣøːr,,smɛl,,,,,loɡt,lɪxt,,,,ˈza.pax,ˈvuːɲɛ,,,,,pax,,ˈzapəx,ˈʃɐj.ɾu,,,oˈlo,,ɔ.dœʁ,oˈdo.re,,,,,,,ɛːɹ,hɔt,miɾoˈðʝa,qʼnɔsvä,ʃuräpʰä,ɔʃuru,likʰwni,
fear,ʔaŋst,ɑŋst,frɪəs,fɪə,,,,,,ˈr̥aiðstla,,bâjlɛs,,strax,ˈstrax,strax,ˈstráːx,,,,,strax,ˈme.du,,ˈmjedo,ˈpo,,pœʁ,paˈu.ra,ˈfrikə,ˈaɡlˠə,,ɔ̃n,,,ˈfɾik(ə),vɑχ,,ʃiʃi,ʃkʰurini,ʃkʼurinä,mäqʼäl,
sleep,ˈʃlaːfn̩,ˈslaː.pə(n),,sliːp,,,,soːva,,ˈsɔːva,,ɡulɛ̂ːt,,spat͡ɕ,spaːt,ˈspac,ˈspaːti,spʲɤ,,,,spatʲ,duɾ.ˈmiɾ,,dorˈmiɾ,duɾˈmi,,dɔʁ.miʁ,dorˈmire,dorˈmi,ˈkɔd̪ˠɪlʲ,ˈkəsɡɨ̞,,,,,kʰəˈnɛl,ciˈmame,dzili,luri,ndʒiri,uʒ,
live,ˈleːbən,ˈleːvə(n),,lɪv,,ˈlɪbjə,,leːva,leːvə,ˈlɪːva,,dzîːvuôt,ɡiˈʋæntɪ,ʐɨt͡ɕ,ʒiːt,ˈʒic,ʒiˈʋeːti,ʒiˈvɛjə,,,,ʐɨtʲ,viˈveɾ,,biˈbiɾ,ˈviw.ɾə,,vivʁ,ˈvi.ve.re,trəˈi,mˠaɾʲ,bɪu̯,,,,jɛˈtɔj,ɑpˈɾɛl,ˈzo,tsχɔvrɛbä,rinä,skʰidälä,lidrɛ,
die,ˈʃtɛʁbən,ˈdoːtxaːn,,daɪ,,,,,dø,ˈteiːja,,mīɾt,ˈmʲɪrʲ.tʲɪ,uˈmʲɛ.rat͡ɕ,ˈumr̝iːt,ˈumri̯ɛc,,oˈmiɾəm,,,,ʊmʲɪˈratʲ,mu.ˈʁeɾ,,,muˈɾi,,mu.ʁiʁ,moˈrire,muˈri,,,,,,vdɛs,mɛrˈnɛl,peˈθeno,sikʼvdili,ʁurä,ʁurä,dägrä,
kill,ˈtøːtən,ˈdoːdə(n),,kɪl,ˈtɛjtn̩,,,ˈdøːda,,ˈtrɛːpa,,nâːvɛ̂ːt,,zaˈbʲi.jat͡ɕ,ˈzabiːt,ˈzabic,uˈbìːti,oˈbivəm,ˈubiva,,,ʊbʲɪˈvatʲ,ma.ˈta(ʁ),,maˈtaɾ,məˈta,,ty.e,utˈt͡ʃi.de.re,omoˈrɨ,ˈmˠaɾˠə,ɬaːð,,maɾav,,,spɑˈnɛl,skoˈtono,kʼvlä,ʔviluä,ɔqʼvilu,lidgæri,
fight,kɛm(p)fən,ˈstrɛi̯də(n),,faɪt,,,,,,,,,,ˈval.t͡ʂɨt͡ɕ,ˈbojovat,ˈbɔjɔvac,,,,,,ˈdrat͡sːə,lu.ˈtaɾ,,peleˈaɾ,ʎujˈta,,batʁ,lɔt.ˈta.re,,t̪ˠɾˠɪdʲ,,,,,,kərˈvɛl,,tʃχubi,tʃχupʼi,ɔkʼɔkʼidinu,litsuäl,
hunt,ˈjaːɡən,ˈjaːɣə(n),,hʌnt,,,,ˈjɑːˌɡa,ˈjaːɡə,ˈveiːða,,,mʲɛˈdʲʒʲotʲɪ,pɔˈlɔ.vat͡ɕ,ˈlovɪt,,lɔˈʋiːti,,,palʲaˈvat͡sʲ,,ɐˈxotʲɪt͡sə,kɐ.ˈsaɾ,,kaˈθaɾ,kəˈsa,,ʃa.se,katˈtʃare,,ˈʃɛlʲɪɟ,,,ˈʃaɫ̪ak,,,vɔɾˈsɑl,,nädirɔbä,nädiruä,äbdʒɔbä,litʰχwær,
hit,ˈʃlaːɡən,ˈraːkə(n),,hɪt,,,,,slɔː,stlauː,,,,uˈdɛ.ʐat͡ɕ,,ˈudri̯ɛc,,,,,,ʊdɐˈrʲætʲ,ɡow.pe.ˈaɾ,,,kol.pəˈʒa,,fʁa.pe,kolˈpire,,,ˈtarɔ,,ˈbuɪl,,,χəˈpʰɛl,,rtʼqʼmä,mɛgämä,gɛtʃämu,liqʼɛr,
cut,,ˈsnɛi̯də(n),,kʌt,,,,ˈɧæːˌra,skɛːrə,ˈscɛːra,,ɡrīɛ̄st,,t͡ɕɔɲt͡ɕ,ˈr̝ɛzat,ˈrɛzac,rézati,,,,,ˈrʲezətʲ,kuɾˈtaɾ,,,təˈʎa,,ku.pe,taʎˈʎare,,ɟaːɾˠ,ˈtɔrɪ,,kʲaːrˠ,,,kətˈɾɛl,,tʃʼrä,tʃʼkʼiruä,ɔtʃʼkʼiru,likʰtʃɛ,
split,ˈʃpaltn̩,,,splɪt,,,,deːla,,ˈkʰlɔpna,,,,ˈd͡ʑɛ.lʲit͡ɕ,,,,,,,,rəɕːɪˈplʲætʲ,pɐɾ.ˈtiɾ,,parˈtiɾ,pəɾˈti,,fɑ̃dʁ,ˈfɛndere,,,,,,,,,,qʼɔpʰä,rtʰuälä,ɔrtʰu,lirdɛ,
stab,ˈʃtɛçn̩,ˈsteːkə(n),,stæb,,,,,,,,,,,,,,,,,,zɐˈkalɨvətʲ,,,apuɲaˈlaɾ,ə.pu.ɲəˈla,,pwa.ɲaʁ.de,puɲɲaˈlare,,,,,,,,χoˈtsʰɛl,,rtʃʼɔbä,tsikʼäpʰä,ɔtsigu,liswɛm,
scratch,ˈkʀat͡sn̩,,,skɹætʃ,,,,,,,,,,ˈdra.pat͡ɕ,,,,,,ˈdrapat͡sʲ,,t͡sɐˈrapətʲ,ko.ˈsa(ɻ),,rasˈkaɾ,,,ɡʁa.te,,,,,,,,,kʰɛɾˈtsɛl,ˈksino,pʰχätʃʼnä,tsχäbäruä,ɔʁätsʼkʼu,lipʰχäntʃʼwä,
dig,ˈɡʁaːbən,ˈɣraːvə(n),,dɪɡ,,,,,ɡraːvə,,,ɾakt,,ˈkɔ.pat͡ɕ,ˈkopat,ˈkɔpac,kɔˈpàːti,,,,,kɐˈpatʲ,,eskaˈβaɾ,ekskaˈbaɾ,kəˈva,,kʁø.ze,skaˈvare,,ˈt̪ˠɔxəlʲ,,,,,,pʰɔˈɾɛl,,tʰχrä,ntʰχɔruä,ɔntʰχɔru,libərdʒɛ,
swim,ˈʃvɪmən,ˈzʋɛ.mə(n),,swɪm,,ˈsvɪm.mə,²sʏmjɑ,,svœmə,ˈsɪnta,,pɛ̄ldɛ̂ːt,ˈpɫɒʊ̯ˑkʲtʲɪ,ˈpwɨ.vat͡ɕ,ˈplavat,ˈpɫaːvac,ˈplaːʋati,,,,,ˈplavətʲ,nɐˈðaɾ,,naˈdaɾ,nəˈda,,na.ʒe,nwoˈtare,,sˠn̪ˠɑːvˠ,ˈnɔvjɔ,,,,nɔˈtɔj,lɔˈʁɑl,,tsurvä,ntʃuruä,ɔntʃviru,likʰni,iːd̪u
fly,ˈfliːɡə,vlix,,flaɪ,,mɪx,²flʉːɡə,,fluːə,ˈflʏːɣa,ˈfluː(w)ʊ,muʃa,,ˈmu.xa,ˈmou̯xa,ˈmuxa,ˈmùːxa,muˈxa,,,,ˈmuxə,ˈmos.ka,ˈmoska̝,ˈmoska,ˈmos.kə,,muʃ,,,kɪˈlʲoːɡ,,,,,,t͡ʃɑnt͡ʃ,ˈmiɣa,pʰrɛnä,pʰurinuä,ɔpʰutʰχinu,lipʼɛr,iːɡa
walk,ˈlaʊ̯fən,ˈloːpə(n),lʊəp,wɔːk,,,,ɡoː,ɡɔː,ˈkauŋka,,iɛ̂t,ˈɛjːtʲɪ,iɕt͡ɕ,jiːt,ˈiːsc,,ˈxɔdʲə,ˈɔdi,,,xɐˈdʲitʲ,ɐ̃.ˈdaɾ,,kamiˈnaɾ,kə.miˈna,,maʁ.ʃe,kammiˈnare,ˈmer.d͡ʒe,ʃuːlʲ,ˈkɛrðɛd,,,,ˈɛtsi,kʰɑjˈlɛl,,siäruli,gilulä,gɔlvä,lizɛläl,
come,ˈkɔmən,ˈkoːmə(n),kɔm,kʌm,ˈkʊmən,,,ˈkɔmːa,kɔmə,ˈkʰɔːma,,nāːkt,ɐˈtʲɛjːtʲɪ,pʂɨˈxɔ.d͡ʑit͡ɕ,ˈpr̝̊ɪxaːzɛt,,ˈprìːti,,,,,prʲɪxɐˈdʲitʲ,ˈviɾ,,beˈniɾ,vəˈni,,və.niʁ,veˈnire,veˈni,t̪ˠaɾˠ,doːd,,hikʲ,,,ɡɑl,ˈeɾxome,mɔsvlä,mɔulä,mɔlvä,liqʰɛd,
lie,ˈlyːɡə,ˈløː.ɣə(n),,laɪ̯,,,,lœŋn,løɡn,ˈlɪːjɪ,,,ˈmʲæːɫas,ˈkwam.stfɔ,lɛʃ,ˈkɫamstvɔ,ˈláːʃ,ɫəˈʒa,,,,loʂ,mẽ.ˈti.ɾɐ,,menˈtiɾa,mənˈti.də,,mɑ̃.sɔ̃ʒ,buˈd͡ʒi.a,,bʲɾʲeːɡ,,,,,,sut,,tsʼɔlä,dɔndʒirä,dɔndʒiru,liqʼwrɛ,
sit,ˈzɪtsn̩,ˈzɪtə(n),,sɪt,,,,,seðə,ˈsɪːtja,,,sʲeːˈdʲeːtʲɪ,ˈɕɛ.d͡ʑɛt͡ɕ,ˈsɛɟɛt,,ˈsɛdèːti,sɛˈdʲɤ,,,seˈdʲite,sʲɪˈdʲetʲ,iʃ.ˈtaɾ,,senˈtaɾ,ˈsɛw.ɾə,,,seˈdere,,sˠɪɟ,ˈei̯sdɛð,,,,ulɛm,nəsˈtɛl,ˈkaθome,dʒdɔmä,dɔχunä,dɔχunu,lisgwrɛ,
stand,ˈʃteː.ən,staːn,,stænd,,ˈsteən,,,,ˈstanta,,stāːvɛ̂ːt,,stat͡ɕ,staːt,ˈstaːc,,,,,,stɐˈjætʲ,pɨɾ.mɐ.nɨ.ˈseɾ,,,,,ɛ.tʁə d(ə).bu,,,ʃasˠ,ˈsɛvɨ̞ɬ,,,,ri,kɑŋɡˈnɛl,ˈstekome,dgɔmä,gɛrinä,dɔdginu,lignɛ,
turn,ˈdʁeːən,ˈdraːi̯ə(n),,tɜːn,,,,,drajə,,,,,,ˈtot͡ʃɪt,,,,,,,vrɐˈɕːat͡sːə,,,xiˈɾaɾ,ʒiˈɾa,,tuʁ.ne,dʒiˈrare,,kɑsˠ,,,,,,ʃəɾdʒˈvɛl,,tʼriäli,rtʰäpʰä,ɔkʰtʰu,lisipʼ,
fall,ˈfaln̩,ˈvɑlə(n),fal,fɔːl,,,,falːa,,ˈfatla,fatl,,,ˈspa.dat͡ɕ,ˈpadat,,ˈpaːsti,ˈpad̪əm,,,ˈpadatɪ,ˈpadətʲ,kɐˈiɾ,,kaˈeɾ,ˈkaw.ɾə,,tɔ̃.be,kaˈdere,kəˈde̯a,tʲɪtʲ,ˈsərθjɔ,,t̪uʰtʲ,,ˈbiɛ,əŋkˈnɛl,,dätsɛmä,dɔntʰχäpʰä,gɛntʰχinu,liwɛχ,
give,ˈɡeːbən,ˈɣeːvə(n),,ɡɪv,,jaːn,,jeː,ɡiː,ˈcɛːva,t͡ʃeːʋa,duôt,ˈduɔtʲɪ,ˈda.vat͡ɕ,ˈdaːvat,,ˈdati,ˈdavəm,,,,dɐˈvatʲ,ˈdaɾ,,ˈdaɾ,doˈna,,dɔ.ne,ˈda.re,da,ˈt̪ˠuːɾʲ,r̥ɔi̯,ˈrɛĩ,,,,tɑl,,mitsɛmä,mɛtʃämä,mɛtʃämu,lihwdi,
hold,ˈhaltn̩,ˈɦɑu̯də(n),ɦœu,həʊld,,hɔːdə,,,,ˈhalta,,tuɾɛ̂ːt,tʊˈɾʲeːtʲɪ,ˈtʂɨ.mat͡ɕ,dr̩ʒɛt,ˈdr̩ʒac,,,,trɨˈmat͡sʲ,,dʲɪrˈʐatʲ,ˌse.ɡu.ˈɾa(ɹ),,aɡwanˈtaɾ,ə.ɡwənˈta,,tə.niʁ,teˈne.re,ˈt͡si.ne,ˈkɪn̠ʲə,dal,,kʰuːm,,mbaj,bərˈnɛl,,dätʃʼɛrä,däkʼinɛbä,ɔkʰätʃu,lirmi,
squeeze,ˈdʁʏkŋ̩,ˈklɛmə(n),,skwiːz,,,,,,,,,,ˈɕt͡ɕi.skat͡ɕ,,,,,,,,ʐːɨˈmatʲ,,espɾeˈmeɾ,ekspɾiˈmiɾ,əsˈpɾe.mə,,pʁɛ.se,,,,,,,,,sɛʁˈmɛl,,mɔtʃʼɛrä,mɔntʃʼirä,ɔzdimu,litʰlɛ,
rub,ˈʀaɪ̯bnˌ,ˈvrɛi̯və(n),,ɹʌb,,,,,,,,,,tʂɛt͡ɕ,tr̝̊iːt,,,,,,ˈtɛrte,tʲɪˈrʲetʲ,ˌes.fɾe.ˈɡa(ɻ),,,fɾəˈɡa,,fʁɔ.te,strofiˈnare,freˈka,ˈkɪmʲɪlʲ,,,,,fəɾˈkɔj,,triˈvo,χäχuni,tʃirkʰɔli,ɔkʰurtʃɔlu,liχdʒənɛ,
wash,ˈvaʃən,ˈʋɑsə(n),,wɒʃ,,,,,,θvɔː,,mazɡâːt,,mɨt͡ɕ,miːt,,,,,,,mɨtʲ,lɐˈvaɾ,,,rənˈta,,la.ve,,,nʲɪɟ,ˈɡɔlχɪ,,,,,ləˈvɑl,,rɛtsχvä,rtʃχuälä,ɔtʃχu,liʃqʼwdi,
wipe,ˈvɪʃn̩,ˈveː.ɣə(n),,waɪp,,,,,veskɘ,,,slāwtsîːt,,vɨˈt͡ɕɛ.rat͡ɕ,ˈuciːrat,,,,ˈbriʃɛ,,,vɨtʲɪˈratʲ,ˌes.fɾe.ˈɡa(ɻ),,limˈpjaɾ,ə.ʃuˈɡa,ejsyˈɣa,e.sɥi.je,aʃʃuˈɡare,,ˈkɪmʲɪlʲ,,,,,,səɾˈpʰɛl,,tsʼmɛndä,tsʼiminduä,ɔtsʼimidu,likʼwtsæni,
pull,ˈtsiːən,ˈtrɛkə(n),,pʊl,,,,,trɛkə,ˈtraːɣa,,,,ˈt͡ɕɔŋ.ɡnɔɲt͡ɕ,ˈtaːɦnou̯t,ˈci̯aɦnuc,,,,t͡sʲaˈɣat͡sʲ,tʲɐˈɦɑte,tʲɪˈnutʲ,pu.ˈʃa(ɹ),,tiˈɾaɾ,tiˈɾa,,ti.ʁe,t̪iˈrare,,,,,,,,kʰɑˈʃɛl,,mɔkʰätʃvä,zindäpʰi,ɔzdimu,libid,
push,ˈdʁʏkŋ̩,ˈdyu̯ə(n),,pʊʃ,,ˈtrjoːə,,²ɧʉːta,skɔbɘ,ˈr̥ɪnta,,,,pxat͡ɕ,ˈtlat͡ʃɪt,ˈtɫat͡ʃic,,,,,,tɐlˈkatʲ,ẽ.pu.ˈʁaɾ,,empuˈxaɾ,əmˈpə.ɲə,,pu.se,ˈspindʒere,,,,,,,,həˈɾɛl,,mitsʼɛvä,ɛkʼɔkʼinä,mɛkʼäntʃʼinu,likʰχɛ,
throw,ˈvɛʁfən,ˈʋɛrpə(n),,θɹəʊ,,,,,,ˈkʰasta,kʰasta,mest,ˈmʲɛsʲtʲɪ,ˈʐu.t͡sat͡ɕ,,,,,,,,brɐˈsatʲ,lɐ̃.ˈsaɾ,,,ʎənˈsa,,ʒə.te,,,kɑh,ˈtavlɨ̞,,ˈtʃʰilikʲ,,,nɛˈtɛl,,srɔlä,ʔɔtʰämä,ɔstʰɔmilu,likʼwänɛ,
tie,ˈbɪndn̩,ˈknoːpə(n),,taɪ,,,,,benə,,,,ˈrʲɪʃʲtʲɪ,ˈvʲɔ̃.zat͡ɕ,ˈpr̝̊ɪvaːzat,,,,,,,ˈsvʲazɨvətʲ,ɐˈtaɾ,,aˈtaɾ,,,lje,leˈɡare,,,,,,,,kɑˈpɛl,,däbmä,dɔkʼiruä,mɛkʼiru,libɛm,
sew,ˈnɛːən,ˈnaːjə(n),,səʊ,,,,,syː,ˈsøyːma,,ʃūːt,ˈsʲuːtʲɪ,ʂɨt͡ɕ,,,,ˈʃijə,,ʂɨt͡sʲ,,ʂɨtʲ,,,ko.ˈser,kuˈzi,,kudʁ,kuˈtʃire,,,,,,,,kɑˈɾɛl,,kʼɛrvä,tʃʼälä,ɔtʃʼu,liʃχbi,
count,ˈt͡sɛːlən,ˈtɛlə(n),tɛ̞ːl,kaʊnt,,,,,,ˈtʰɛlja,,skàjtîːt,,ˈlʲi.t͡ʂɨt͡ɕ,ˈpot͡ʃiːtat,,,,ˈbrɔi,,,ɕːɪˈtatʲ,kõ.ˈtaɾ,,konˈtaɾ,komˈta,,kɔ̃.te,konˈtare,,ɾˠiːvˠ,,,,,,,,tʰvlä,kʼɔrɔtsχuä,ɔkʼɔrɔtsχu,liʃɛldɛ,
say,zaːɡən,ˈzɛɣə(n),sɛː,seɪ,ˈzɔ.ɡŋ̩,,²sæɪɑ,ˈsɛjːa,,ˈseiːja,siːja,satsîːt,sɐˈkʲiːtʲɪ,ˈmu.vʲit͡ɕ,r̝iːt͡st,ˈɦɔvɔric,ˈrɛtʃi,ˈkazvəm,,ɣavaˈrɨt͡sʲ,,ɡəvɐˈrʲitʲ,di.ˈzeɾ,diˈθiɾ,deˈθiɾ,ˈdi,,diʁ,ˈdi.re,ˈzitʃe,ˈabˠəɾʲ,,,ˈapɪɾʲ,,θɛm,ɑˈsɛl,,tʰkʰmä,tʰkʰuälä,ɔtʰkʰu,likʰwisg,
sing,ˈzɪŋən,ˈzɪ.ŋə(n),səŋ,sɪŋ,ˈzɪn.ɡn̩,,²sʏŋːjɑ,,sønɡə,ˈsiɲca,,dziɛ̂dâːt,dɐjˈnuɔtʲɪ,ˈɕpʲɛ.vat͡ɕ,ˈspiːvat,,ˈpɛ̀ːti,ˈpɛjə,,,sʲpʲiˈu̯ɑte,pʲetʲ,kɐ̃ˈtaɾ,,kanˈtaɾ,kənˈta,,ʃɑ̃.te,kanˈtaːre,kɨnˈta,kanˠ,ˈkanɨ̞,,,,kənˈdɔj,jɛɾˈkʰɛl,,mʁɛrä,birä,ɔbiru,liʁräl,
play,ˈʃpiːlən,ˈspeːlə(n),,pleɪ,,,,,lajə,ˈleiːka,,,ˈʒɐjsʲtʲɪ,ɡrat͡ɕ,ɦraːt,ˈɦrac,iˈɡraːti,iˈɡrajə,,,ˈɦrɑte,ɪˈɡratʲ,ʒu.ˈɣaɾ,,xuˈɡaɾ,ʒuˈɡa,,ʒwe,d͡ʒoˈkä.re,,ˈɪmʲəɾʲ,ˈχwaraɨ̯,,,,,χɑˈʁɑl,,däkʼvrä,mɛgämä,gɛlätʃämu,liʃmɛ,
float,ˈtʀaɪ̯bm̩,ˈdrɛi̯və(n),,fləʊt,,,,flyːta,,,,,,,ˈplavat,,,,,,,ˈplavətʲ,,,,floˈta,,flɔ.te,ɡalledˈdʒare,,,,,,,,,,tʼivtʼivi,pʰäpʰäpʰi,mɔmkʰu,,teːlu
flow,ˈfliːsn̩,ˈvlujə(n),flui,fləʊ,,,,,,ˈrɛnːa,,,ˈbʲeːk.tʲɪ,ˈpwɨ.nɔɲt͡ɕ,tɛːt͡st,ˈci̯ɛt͡sc,ˈtɛtʃi,tɛˈkə,,,,tʲet͡ɕ,,,ˈflwiɾ,fluˈi,,ku.le,fluˈire,,,,,,,,hoˈsɛl,ˈre.o,dinɛbä,ulä,ɔzimzilu,lizi,
freeze,ɡəˈfʁiːʁən,bəˈvrizə(n),,ˈfɹiːz,,,,,,ˈfrjouːsa,,,,zaˈmar.zat͡ɕ,ˈzmr̩zˌnɔʊ̯t,,,,,,,zəmʲɪrˈzatʲ,ʒe.ˈla(ɻ),ʃeˈaɾ,eˈlaɾ,,,ʒə.le,dʒeˈlare,,,,,rˠɔː,,,,,gäqʼinvä,ʔinuä,ɔqʼinu,likʼwrɛmi,
swell,ˈʃvɛlən,ˈzʋɛlə(n),,swɛl,,,,,,,ˈpœlna,,,ˈpux.nɔɲt͡ɕ,,,,,,,,rəzdʊˈvat͡sːə,ĩ.ˈʃa(ɹ),,,imˈflaɾ.sə,,ɡɔ̃.fle,,,,,,,,,uˈrɛl,ˈpɾizome,ʃɛʃupʼɛbä,mbäruä,ɔbäru,liʃiɛ,
sun,ˈzɔnə,,,sʌn,zʊn,,suːl,suːl,soːl,souːl,sɔuːl,sāūle,ˈsɑuleː,ˈswɔɲ.t͡sɛ,ˈslunt͡sɛ,ˈsɫ̩ŋkɔ,ˈsóːntsɛ,ˈslɤntsɛ,ˈsɔnt͡sɛ,ˈsont͡sa,ˈsɔnt͡sɛ,ˈsont͡sə,ˈsɔɫ,s̺ol,ˈsol,ˈsɔl,suˈlel,sɔ.lɛj,ˈso.le,ˈso̯are,ɟɾʲiənˠ,haɨ̯l,,,ɡriːn,,ɑˈɾɛv,ˈi.ʎos,mzɛ,bʒä,mʒɔrä,miʒ,
moon,moːnt,maːn,,muːn,,ˈmwanə,,ˈmoːˌnɛ,,tʰuŋl,ˈmɔanɪ,,mʲeːˈnʊlʲɪs,ˈkɕɛŋ.ʐɨt͡s,ˈmjɛsiːt͡s,ˈmɛsi̯at͡s,ˈlùːna,luˈna,,,,lʊˈna,ˈlu.ɐ,ˈluɐ,ˈluna,ˈʎu.nə,ˈlyno,lyn,ˈlu.na,ˈlunə,ɟəˈl̪ˠɑx,ˈɬeɨ̯ad,,,eːs,hənə,luˈsin,,mtʰvärɛ,tʰutʰä,tʰutʰä,dɔʃdul,
star,ʃtɛʁn,stɛr,,stɑː(ɹ),ˈʃtɛʁən,,²stjɛrnə,²ɧæːɳa,stjɛrnə,ˈstjartna,ˈʃœtna,zvàjɡznɛ,ʒʋɐjɡʲʒʲˈdʲeː,ˈɡvʲaz.da,ˈɦvjɛzda,ˈɦvi̯ɛzda,ˈzʋèːzda,zvɛzˈda,ˈd͡zvɛzda,ˈzorka,,zvʲɪzˈda,ɨʃˈtɾelɐ,es̺ˈtɾelɐ,esˈtɾeʎa,əsˈtɾə.ʎə,,e.twal,ˈstel.la,,ˈɾˠeːl̪ˠt̪ˠə,ˈsɛrɛn,ste.ˈʁe.dɛ̃n,rˠeːɫ̪,,yɫ,ˈɑstəʁ,,värskʼvlävi,murutsχi,murutsχi,ämtʼqʼwæsg,
water,ˈva.sɐ,ˈʋaːtər,ˈvɑːtər,ˈwɔːtə,,ˈvɛtər,ˈʋɑtn̩,ˈvatːɛn,vand,vaʰtn,vaʰtn,ûːdɛns,,ˈvɔ.da,ˈvoda,ˈvɔda,,,,vaˈda,wɔˈdɑ,vɐˈda,,ˈaw.ɡa,ˈaɡwa,ˈaj.ɡwə,,o,,ˈapə,ˈɪʃcɪ,duːr,ˈduːʁ,ˈɯʃkʲə,ˈuʃtʲə,ˈujə,d͡ʒuɾ,neˈro,tsʼqʼäli,tsʼqʼäri,tsʼkʼäri,lits,
rain,ˈʁeːɡən,ˈreː.ɣə(n),rɪə̯(n),ɹeɪn,,rai̯n,,rɛŋn,ˈʁɑɪ̯ˀn,ˈrɪkniŋk,ɹɛkn,liɛ̂tus,ljɛˈtʊs,dɛʂt͡ʂ,ˈdɛːʃc,daːʃc,ˈdə́ʃ,dɤʃt,dɔʃt,doʂt͡ʂ,dɔʃt͡ʃ,doʂtʲ,ˈʃu.vɐ,ˈt͡ʃuβja̝,ˈʎubja,ˈplu.ʒə,ˈplɥɛ(d)ʒo,plɥi,ˈpjɔddʒa,ˈplʷaje,ˈbˠɑːʃtʲəx,ɡlau̯,,ˈɯʃkʲə,flʲaː,ʃiː,ɑnd͡zˈɾɛv,vɾoˈçi,tsʼvimä,tʃʼvɛmä,mtʃʼimä,utʃχɛ,
river,flʊs,riːˈviːr,rəˈfiːr,ˈɹɪvə,,,,fluːd,,fljouːt,ɔaː,,ˈʊpʲeː,ˈʐɛ.ka,ˈr̝ɛka,ˈri̯ɛka,ˈrèːka,rɛˈkɤ,,raˈka,rʲiˈkɑ,rʲɪˈka,ˈʁi.u,ˈri.o̝,ˈri.o̞,ˈriw,ˈrriw,flœv,ˈfju.me,rɨw,əunʲ,ˈavɔn,ˈstɛːr,,aunʲ,,ɡɛt,,mdinärɛ,mältsʼqʼäri,ɔrubä,tʃʼälæ,n̪ad̪i
lake,zeː,meːr,,leɪk,,,,ɧøː,søː,vaʰtn,vaʰtn,æzæɾs,ˈæːʒʲɛɾɐs,jɛˈʑɔ.rɔ,ˈjɛzɛro,ˈjazɛrɔ,ˈjéːzɛrɔ,ˈɛzɛro,,ˈvozʲera,ˈɔzerɔ,ˈozʲɪrə,ˈla.ɣu,ˈlaɣo̝,ˈla.ɡo,ˈʎak,,lak,ˈlaɡo,,l̪ˠɔx,ɬɨ̞n,,,laːx,liˈcɛn,lit͡ʃ,,tʼbä,tʼɔbä,tʼɔbä,tʼɔb,sarasːu
sea,meːɐ̯,zeː,,siː,,seː,hɑːʋ,ɧøː,hav,haːv,hɛaːv,jūːɾa,ˈjuːrɐ,ˈmɔ.ʐɛ,mor̝ɛ,ˈmɔrɛ,ˈmóːrjɛ,moˈrɛ,,,,ˈmorʲe,maɾ,,ˈmaɾ,ˈmar,,mɛʁ,ˈmaːre,ˈma.re,,moːr,ˈmoːʁ,,,dɛt,t͡sɔv,ˈθalasa,zʁvä,zʁvä,zuʁä,dzuʁwä,
salt,zal(t)s,zɑu̯t,,sɔːlt,,,,salt,salt,sal̥t,sal̥t,sàːls,,sul,suːl,ˈsɔʎ,ˈsóːw,,,,ˈsʲilʲ,solʲ,ˈsaɫ,s̺al,sal,ˈsal,,sɛl,ˈsale,ˈsa.re,ˈsalˠən̪ˠ,ˈhalɛn,,,ˈsolan,ˈkɹi.pə,ɑʁ,aˈlati,märili,dʒimu,dʒumu,dʒim,
stone,ʃtaɪn,steːn,,stəʊn,,stiə̯n,,,,steitn,,,,ˈka.mʲɛɲ,ˈkaːmɛn,ˈkamɛɲ,ˈkàːmən,ˈkamək,,,,ˈkamʲɪnʲ,ˈpɛ.dɾɐ,ˈpɛðɾɐ,ˈpjedɾa,ˈpe.dɾə,ˈpɛjɾo,pjɛʁ,ˈpjɛtra,,klˠɔx,ˈkarɛɡ,,,klaːx,ɡuɾ,kʰɑɾ,,kʰvä,kʰuä,kʰvä,bætʃ,
sand,zant,zɑnt,sant,sænd,,,sɑnd,,san,ˈsantʏr,,,,ˈpʲa.sɛk,ˈpiːsɛk,ˈpi̯ɛsɔk,ˈpèːsək,ˈpʲasək,,pʲaˈsok,pʲiˈsɔk,pʲɪˈsok,ɐˈɾɐjɐ,ˈʃaβɾe̝,aˈɾena,ˈso.rə,ˈsaβlo,sɑbl,ˈsab.bja,niˈsip,ˈɡanʲəvˠ,,tʁɛs,,ˈɡʲanʲax,,ɑˈvɑz,,kʰviʃä,kʰviʃä,ʁumi,kʰwiʃɛ,
dust,ʃtaʊ̯p,,stɔf,dʌst,,,,dam,støːv,rɪːk,,,,kuʂ,,,ˈpráːx,,,pɨɫ,,pɨlʲ,ˈpɔ,pɔ,ˈpol.bo,ˈpols,,pu.sjɛʁ,ˈpol.ve.re,,dʲanˠəx,ɬuːχ,,,dʒaun,,pʰoˈʃi,,mtʼvɛri,tʼvɛri,mtʼvɛri,pʼisw,
earth,ˈeːɐ̯də,ˈaːr.də,ˈɑːr.də,ɜːθ,,,,juːɖ,joːr,jœrð,jøːɹ,zɛmɛ,ˈʒʲæːmʲeː,ˈʑɛ.mʲa,ˈzɛmjɛ,ˈzɛm,ˈzɛ̀ːmlja,zɛˈmʲa,,zʲaˈmlʲa,zeˈmlʲɑ,zʲɪˈmlʲa,ˈtɛʁɐ,,ˈtje̞.ra̠,ˈtɛ.rə,,tɛʁ,ˈtɛr.ra,pəˈmɨnt,,,,,,ðɛ,hɔʁ,,mitsʼä,diχä,lɛtʼä,gim,
cloud,ˈvɔlkə,ʋɔlk,vɔlk,klaʊd,,,ʃyː,,,sciː,skʊt͡ʃː,,,ˈxmu.ra,mrak,,ɔˈbláːk,,,ˈxmara,,ˈobləkə,ˈnu.vɐj̃,,,,,ny.aʒ,ˈnu.vo.la,nor,ˈsˠkamˠəl̪ˠ,ˈkʊmʊl,ˈku.mul,ɲiaɫ̪,,,ɑmp,ˈsinɛfɔ,ʁrubɛli,munäpʰä,pʼulä,mɛrɛ,
fog,ˈneːbl̩,mɪst,,fɒɡ,,,,,tɔːɡə,ˈθɔːka,ˈtʰoːʰka,,ˈruːkɐs,mɡwa,mɫ̩ɦa,ˈɦmɫa,məˈɡlá,məˈɡɫa,ˈmaɡla,,,tʊˈman,nɨ.ˈvwɐj.ɾu,ˈnɛβo̯a̝,,ˈbɔj.ɾə,ˈnɛβlo,bʁu.jaʁ,ˈnebbja,ˈt͡ʃe̯a.t͡sə,coː,,,,kʲeː,ˈmjɛɡuɫ,mɑrɑˈχuʁ,,nisli,nirsi,mpʼulä,bintʼw,
sky,ˈhɪml̩,ˈɦeː.məl,lœχ,skaɪ,,,,,,ˈhɪːmɪnː,ˈhiːmɪn,,dɐŋˈɡʊs,ˈɲɛ.bɔ,ˈnɛbɛ,ˈɲɛbɔ,nɛˈbóː,nɛˈbɛ,,ˈnʲeba,,ˈnʲebə,ˈsɛw,ˈθɛ.ʊ,firmaˈmento,ˈsɛl,,sjɛl,ˈt͡ʃɛ.lo,t͡ʃer,eːɾˠ,ˈau̯ɨ̞r,ˈo.abl,,,,jɛɾˈkiŋkʰ,,tsä,tsä,tsä,dɛts,
wind,vɪnt,ʋɪnt,,ˈwɪnd,,,,vɪnd,ʋend,ˈvɪntʏr,ˈvɪntʊɹ,vɛ̄ːjʃ,ˈʋʲeːjɛs,vʲatr,ˈviːtr̩,ˈvi̯ɛtɔr,,ˈvʲatər,ˈvɛtɛr,,ˈʋʲiter,ˈvʲetʲɪr,ˈvẽ.tu,ˈbento̝,ˈbjento,,,vɑ̃,ˈvɛn.to,,ɡeː,,ˈɑːvɛl,,ɡiː,ɛːɹ,kʰɑˈmi,,kʰäri,bɔriä,iχi,bikʰw,
snow,ʃneː,sneːu̯,sniu,snəʊ,,sniə,snøː,snøː,,snjouːr,,snìɛks,sʲnʲjæɡɐs,ɕɲɛk,sɲiːx,ˈsɲɛx,,snʲak,,sʲnʲex,ˈsʲnʲiɦ,sʲnʲek,ˈnɛ.vɨ,ˈnɛβɪ,ˈnjebe,ˈnew,ˈnɛw,nɛʒ,ˈne.ve,zəˈpadə,ˈʃnʲaxt̪ˠə,ˈei̯ra,,,ˈʃnʲaxt̪ə,,d͡zjun,,tʰɔvli,tʰiri,mtʰviri,musw,
ice,aɪ̯s,ɛi̯s,ə̟i̯s,aɪs,,iːs,iːs,,iːs,iːs,ˈʊiːsʊɹ,lædus,,lut,lɛt,ˈʎat,ˈléːt,lɛt,mras,lʲot,,lʲɵt,ˈʒe.lu,ˈʃe.ʊ,ˈɟ͡ʝelo,ˈʒɛl,,ɡlas,ˈɡjat.t͡ʃo,,əiɾʲ,jaː,,,,,sɑˈrujt͡sʰ,ˈpaɣos,qʼinuli,ʔini,buzi,kʼwärɛm,
smoke,ʁaʊ̯x,roːk,,sməʊk,,,,,røj,ˈreiːkʏr,ˈɹɔiːjkʊɹ,,,dɨm,diːm,ˈdim,ˈdím,,,dɨm,dɪm,dɨm,ˈfu.mu,ˈfume̝,ˈumo,ˈfum,,fy.me,,,ˈdʲat̪ˠəx,muːɡ,,t̪ɔʰtʲ,ˈd͡ʒeːax,,t͡suχ,kaˈpno̞s,bɔli,kʼumä,kʼɔmä,zinqʰ,
fire,ˈfɔʏər,vyr,fyːr,ˈfaɪ.ə(ɹ),,fjuə̯r,ɛld,ˈɛld,il,ˈɛltʏr,,uɡuns,ʊɡˈnʲɪs,ˈɔ.ɡʲɛɲ,ˈoɦɛɲ,ˈɔɦɛɲ,ɔ̀ːɡənʲ,ˈɔɡən,,aˈɣonʲ,wɔˈɦɔnʲ,ɐˈɡonʲ,ˈfo.ɣu,ˈlu.mɪ,ˈfweɡo,ˈfɔk,,fø,ˈfwɔko,fok,ˈtʲɪnʲə,taːn,ˈtɑ̃ːn,ˈtʰʲenə,,zjaɾm,kəˈɾɑk,foˈtça,tsɛtsχli,dätʃχiri,dätʃχuri,lɛmɛsg,
ash,ˈaʃə,ɑs,,ˈæʃ,,ˈjɪskə,,,,ˈaska,ˈœska,,,ˈpɔ.pʲuw,ˈpopɛl,ˈpɔpɔɫ,pɛˈpéːw,ˈpɛpɛl,,ˈpopʲeɫ,ˈpɔpʲil,ˈpʲepʲɪl,,,θeˈniθa,,,sɑ̃dʁ,,,l̪ˠuə,ˈɬɨ̞dʊ,ˈlyːdy,,,,moˈχiɾ,,pʰɛrpʰli,nätʃʼvi,nɔmtʃkʰä,kʰæm,buːɖida
burn,ˈbʀɛnən,ˈbrɑndə(n),,bɝn,,,,,,ˈprɛnːa,,dekt,,ˈpa.lʲit͡ɕ ɕɛ,ˈɦor̝ɛt,,,,ˈɡɔɾi,ɣaˈret͡sʲ,,ɡɐˈrʲetʲ,ɐɾˈdeɾ,,aɾˈdeɾ,,,bʁy.le,,,d̪ˠoːɟ,ˈɬɔsɡɪ,,ɫ̪ɔʃɡ̊ʲ,,,ajɾˈvɛl,,tsʼvä,tʃʼuälä,ɔtʃʼu,liʃχi,kaːlu
road,ˈʃtraːsə,baːn,pɑt,ɹəʊd,,,,vɛːɡ,,ˈvɛːɣʏr,ˈveːvʊɹ,tsɛʎʃ,ˈkælʲɐs,ˈdrɔ.ɡa,ˈt͡sɛsta,ˈt͡sɛsta,ˈtsèːsta,pɤt,,,dɔˈrɔɦɐ,dɐˈroɡə,iʃ.ˈtɾa.ðɐ,esˈtɾaða̝,kaˈmino,kə.rəˈte.ɾə,,ʁut,ˈstrada,,ˈbˠoːhəɾˠ,,hɛ̃nd,,reːd̪,ˈruɡə,t͡ʃɑnɑˈpɑɾ,ˈðromos,gzä,ʃärä,gzä,ʃukʼw,
mountain,bɛrk,bɛrx,,ˈmaʊntɪn,,bɛrx,fjɛlː,bɛrj,bjɛrv,fjatl,fjatl,kâlns,ˈka͡l.nɐs,ˈɡu.ra,ˈɦora,ˈɦɔra,ɡɔ̀ːra,pləniˈna,,,ɦɔˈrɑ,ɡɐˈra,mõ.ˈtɐ.ɲɐ,monˈtaɲa̝,monˈtaɲa,,,mɔ̃.taɲ,monˈtaɲɲa,ˈmuntɛ,ʃlʲiəvˠ,ˈmənɨ̞ð,,,slʲuː,mal,lɛr,ˈo̞ro̞s,mtʰä,gɔlä,gɔlä,läχw,
red,roːt,roːt,roːi̯,ɹɛd,,,ræʉ,røːd,røːd,ˈrøyːðʏr,,sâɾkans,rɐʊˈdoːnɐs,t͡ʂɛrˈvɔ.nɨ,ˈt͡ʃɛrvɛniː,ˈt͡ʃɛrvɛniː,ərˈdɛ́tʃ,tʃɛrˈvɛn,,t͡ʂɨˈrvonɨ,t͡ʃeˈrwɔnei̯,ˈkrasnɨj,vɨɾ.ˈmɐ(j).ʎu,beɾˈmeʎo̝,ˈroxo,ˈrɔt͡ʃ,,ʁuʒ,ˈros.so,ˈro.ʃu,ˈdʲaɾˠəɡ,koːχ,,ˈtʲɛrɛk,,kuc,kɑɾˈmiɾ,ˈkocinos,tsʼitʰɛli,tʃʼitʰä,mtʃʼitʰä,tsʼərni,
green,ɡʁyːn,ɣrun,,ɡɹiːn,ɡʁin,ɣriə̯n,,ɡrøːn,ɡrœn,kraitn,,zaʎʃ,,ʑɛˈlɔ.nɨ,ˈzɛlɛniː,ˈze̞.ɫe̞.niː,zɛˈlɛ́n,zɛˈlɛn,,zʲaˈlʲonɨ,zeˈlɛnei̯,zʲɪˈlʲɵnɨj,ˈveɾ.ðɨ,ˈbeɾðe̝,ˈberde,ˈvɛɾt,ˈbert,vɛʁ,ˈver.de,ˈver.de,ɡlˠasˠ,ɡwɨ̞rð,,ˈuəɲə,,ˈɟɛlbəɾ,kɑˈnɑt͡ʃʰ,ˈpɾasinos,mtsʼvänɛ,tsʼvänɛ,χäntʃʼɛni,jərʒi,
yellow,ɡɛlp,ɣeːl,χɪə̯l,ˈjɛl.əʊ,,,,ɡʉːl,ɡuːl,ˈkʏːlʏr,ˈkuːlʊɹ,dzæ̀ltæns,,ˈʐuw.tɨ,ˈʒlutiː,ˈʒɫ̩tiː,ruˈmɛ́n,ʒɤlt,,ˈʐou̯tɨ,ˈʒɔu̯tei̯,ˈʐoltɨj,ɐ.mɐ.ˈɾɛ.lu,,amaˈɾiʎo,ˈɡɾɔk,,ʒon,ˈdʒal.lo,ˈɡal.ben,bˠiː,ˈmɛlɨ̞n,,ˈb̥ujə,,,dɛˈʁin,,qʼvitʰɛli,ʔvintʰɛli,säri,qʼwitʰɛl,
white,vaɪs,ʋɪt,vət,waɪt,vajs,vit,kʋiːt,,,ˈxʷiːtʏr,ˈkvʊiːjtʊɹ,bālts,ˈbaːltɐs,ˈbʲa.wɨ,ˈbiːliː,ˈbi̯ɛli,ˈbéːw,bʲal,,ˈbʲeɫɨ,ˈbʲilei̯,ˈbʲelɨj,ˈbɾɐ̃.ku,ˈbɾaŋkʊ,ˈblanko,ˈblaŋk,,blɑ̃,ˈbjaŋko,alb,bˠɑːn̪ˠ,ɡwɨ̞n,,kʲaɫ̪,,baːɾð,əspiˈtɑk,ˈaspro̞s,tʰɛtʰri,tʃɛ,χtʃɛ,tʰɛtʰnɛ,
black,ʃvarts,zʋɑrt,,blæk,,,,svart,soɐ̯d̥,ˈsvar̥tʏr,ˈsvaɻ̥ʈʊɹ,mǣlns,ˈjûə.dɐs,ˈt͡ʂar.nɨ,ˈt͡ʃɛrniː,ˈt͡ʃi̯er.ni,ˈtʃə̀rn,,,ˈt͡ʂornɨ,ˈt͡ʃɔrnei̯,ˈt͡ɕɵrnɨj,ˈne.ɡɾu,ˈneɣɾʊ,ˈneɡɾo,ˈnə.ɡɾə,,nwaʁ,ˈne.ro,ˈne.ɡru,d̪ˠʊvˠ,dɨː,ˈdyː,t̪ʊv,,zi,sɛv,ˈmavros,ʃävi,utʃä,utʃä,mɛʃχɛ,
night,naxt,nɑxt,naχ,naɪt,,ˈnaxt,nɑtː,natː,nad̥,nouʰt,nɔʰtː,nakts,nɐkˈtɪs,nɔt͡s,not͡s,ˈnɔt͡s,noːtʃ,nɔʃt,nɔc,not͡ʂ,ˈnʲit͡ʃ,not͡ɕ,ˈnoj.tɨ,ˈnojt̪ɪ,ˈnot͡ʃe,ˈnit,ˈnɥɛtʃ,nɥi,ˈnɔtːe,ˈno̯ap.te,ˈiːhə,noːs,,,ɛi,ˈnaːt,ɡiˈʃɛɾ,ˈnixta,ʁämɛ,sɛri,sɛri,lɛtʰ,raːtri
day,tɑːk,dɑx,daχ,deɪ,tɔɡ,,,,døjn,ˈtaːɣʏr,ˈtɛaːvʊɹ,,,d͡ʑɛɲ,dɛn,,,,,,ˈdɛnʲ,ˈsutkʲɪ,ˈdi.ɐ,ˈd̪iɐ,ˈdia,ˈdi.ə,,ʒuʁ,ˈd͡ʒorno,zi,l̪ˠɑː,dɨːð,ˈdɛj,,,,ɔɾ,,dʁɛ,dʁä,dʁä,lädɛʁ,roːdʒu
year,jaː(ɐ̯),jaːr,jɑːr,jɪə,jɔʁ,iə̯r,oːr,,,auːr,ɔaːɹ,,,rɔk,rok,ˈrɔk,ˈlèːtɔ,ɡɔˈdinə,,ɣot,,ɡot,ˈɐ.nu,,ˈaɲo,ˈaɲ,,a.ne,ˈan.no,an,bʲlʲiənʲ,,ˈblwaː,,blʲeːnʲ,,tɑˈɾi,ˈxɾonos,tsʼɛli,tsʼänä,tsʼänä,zæ,
warm,vaʁm,ʋɑr(ə)m,,wɔːm,,vaːrm,,varm,,,,sīlts,ˈʃʲɪltɐs,ˈt͡ɕɛ.pwɨ,ˈtɛpliː,ˈcɛpliː,ˈtɔ̀ːpəw,ˈtɔpəl,,ˈt͡sʲopɫɨ,,ˈtʲɵplɨj,,ˈkɛnt̪ɪ,kaˈljente,kəˈlent,,ʃo,ˈkaldo,kald,tʲɛ,,,,,,d͡ʒɛɾm,ze̞ˈsto̞s,tʰbili,tʼibu,tʼibu,tʼɛbdi,
cold,kalt,kɑu̯t,kœut,kəʊld,,,,kal,kɔl,ˈkʰaltʏr,,āūksts,ˈʃaltɐs,ˈʑim.nɨ,ˈstudɛniː,,,stuˈdɛn,,xaˈɫodnɨ,xɔˈlɔdnei̯,xɐˈlodnɨj,ˈfɾi.u,ˈfɾiʊ,ˈfɾio,ˈfɾət,,fʁwɑ,ˈfreddo,ˈret͡ʃe,fˠuəɾˠ,oːɨ̯r,,fuəɾ,,,ˈsɑrə,,tsivi,ʔini,qʼini,mətsχi,
full,fɔl,vɔl,fɔl,fʊl,,,,fɵl,fuld,ˈfʏtɬʏr,ˈfʊtlʊɹ,pīlns,,ˈpɛw.nɨ,pl̩niː,pl̩niː,ˈpɔ́ːwn,ˈpɤlɛn,,ˈpou̯nɨ,ˈpɔu̯nei̯,ˈpolnɨj,ˈʃɐj.u,ˈt͡ʃeo̝,,ˈplə,,plɛ̃,ˈpjɛno,plin,l̪ˠɑːnˠ,ɬau̯n,,lɑːn,lɛdn,,ˈlikʰə,ˈpliris,sävsɛ,ɛpʰʃä,jɔpʰʃä,gwɛʃi,
new,nɔʏ̯,niu̯,,njuː,,nɛi̯,,ny,nyː,niːr,nʊt͡ʃːʊɹ,jaûns,,ˈnɔ.vɨ,ˈnoviː,ˈnɔviː,ˈnɔ́w,nɔf,,,,ˈnovɨj,ˈno.vu,ˈnɔ.βʊ,ˈnwebo,ˈnɔw,,nu.vo,ˈnwɔ.vo,now,n̪ˠuə,ˈnɛu̯ɨ̞ð,ˈne.ve,uːɾ,,ɾi,nɔɾ,ˈne̞o̞s,äχäli,äχäli,äʁäni,mäχɛ,kotːa
old,alt,ɑu̯t,œu,ˈəʊld,,ɔːt,²ɡɑːmɑl,,ɡaməl,ˈkaːmatl,kɛaːmal,,ˈsʲæːnɐs,ˈsta.rɨ,ˈstariː,ˈstariː,ˈstár,star,,staˈrɨ,,ˈstarɨj,ˈvɛ.ʎu,,anˈtiɡwo,ˈveʎ,,vjø,ˈvɛk.kjo,vekʲ,ʃanˠ,heːn,,ʃɛn,,,hin,,dzvɛli,dʒvɛʃi,mdʒvɛʃi,dʒwinɛl,
good,ɡuːt,ɣut,χut,ɡʊd,ɡʊt,,,ɡuːd,ɡoð,ˈkouːðʏr,ˈkɔuːwʊɹ,,ˈɡʲæɾɐs,ˈdɔ.brɨ,ˈdobriː,ˈdɔbriː,ˈdòːbər,doˈbɤr,,ˈdobrɨ,ˈdɔbrɪj,xɐˈroʂɨj,bõ,ˈbo,ˈbweno,ˈbɔ,,bɔ̃,ˈbwɔː.no,bun,mˠa,daː,,maː,,majɾ,lɑv,kaˈlos,kʼärgi,dʒgiri,kʼäi,χɔtʃä,maɲt͡ʃi
bad,ʃlɛçt,slɛxt,,bæd,,,,ˈdoː.lɪ(ɡ),dɔːli,ˈvɔntʏr,ˈɪtlʊɹ,,ˈbloːɡɐs,zwɨ,ˈʃpatniː,ˈzɫiː,ˈsláp,,,ˈdrenːɨ,,plɐˈxoj,ʁuˈĩ,,ˈmalo,doˈlent,,mo.vɛ,kaˈtːiːvo,rəw,ˈd̪ˠʊnˠə,druːɡ,,ˈt̪ɔnə,,,vɑt,kaˈkos,tsudi,gläχä,pʼätʼi,χɔlä,t͡ʃeɖːa
rotten,faʊ̯l,rɔt,,ˈɹɑtn̩,,,,,rɔdən,,,,,ˈzɡɲi.wɨ,ˈzɦɲɪliː,ˈɦɲiliː,ˈɡníːw,,,ɣnʲiˈɫɨ,,ɡnʲɪˈloj,ˈpo.ðɾɨ,ˈpoðɾe̝,,,,puʁi,,ˈpu.tred,ˈl̪ˠɔfˠə,,,,,,pʰəˈtɑt͡s,ˈsapços,dämpʼäli,ʔɔrädili,χtsäpʰɛri,mɛkʰwrɛ,
dirty,ˈʃmʊt͡sɪç,vœy̯l,,ˈdɜːti,,,²ʃɪtːn̩,,beskit,ˈouːr̥eitn,,nɛtīːɾs,,ˈbrud.nɨ,ˈʃpɪnaviː,,uˈmáːzan,,,ˈbrudnɨ,,ˈɡrʲaznɨj,ˈsu.ʒu,,ˈsuθjo,ˈbɾut,,sal,ˈspɔrko,murˈdar,sˠəˈl̪ˠax,,,,,,kɛχˈtɔt,,tʃʼutʃʼqʼiäni,tsʼindämi,lɛbɔni,lətsʼid,
straight,ɡəˈraːdə,rɛxt,,stɹeɪt,,,,,,peitn,,,,ˈprɔ.stɨ,ˈpr̝̊iːmiː,,,,,praˈmɨ,,prʲɪˈmoj,ˈʁɛ.tu,,,,,dʁwɑ,dritto,drept,ˈdʲiːɾʲəx,,,tʲiːɾʲəx,,,uˈʁiʁ,,stsʼɔri,tʰini,duzi,mɛtsʼwin,
round,ʀʊnt,rɔnt,,ˈɹaʊnd,,,,,,,,,,ɔˈkrɔŋ.ɡwɨ,ˈkulatiː,,otˈkròːɡəw,,,ˈkruɣɫɨ,,ˈkruɡlɨj,ʁɨ.ˈdõ.du,reˈðondo̝,reˈdondo,roˈdo,,ʁɔ̃,roˈtondo,roˈtund,kɾˠiːnʲ,krʊn,,kʰruɪɲ,,,,,mrgväli,rgväli,mɔrgväli,kʼurpʼi,
sharp,ʃarf,sxɛrp,,ʃɑːp,,,,,,xʷasː,ˈkvasːʊr,as,ɐʃt̪ˈrʊs̪,ˈɔ.strɨ,ˈostriː,,ˈòːstər,osˈtɤr,,ˈvostrɨ,,ˈostrɨj,a.fi.ˈa.du,,aˈɡudo,əz.moˈlat,,a.fi.le,affiˈlato,as.kuˈt͡sit,ɟeːɾˠ,,,,,,suɾ,kofteˈros,bäsri,kʼväntʰiri,mtʃʼkʼirulä,bæsr,
dull,ʃtʊm(p)f,bɔt,,dʌl,,,,,sløːv,,,,,ˈtɛm.pɨ,ˈtʊpiː,ˈtupiː,ˈtɔ́p,,,tuˈpɨ,,tʊˈpoj,ˈsɛ.ɣu,,ˈromo,,,e.mu.se,,toˈt͡ʃit,,,,,,,butʰ,,blägvi,dʒärguliä,dʒängulä,luwrɛ,
smooth,ɡlat,ɣlɑt,,smuːð,,,,,,ˈstljɛhtʏr,,,,ˈɡwat.kʲi,ˈɦlatkiː,,,,,ˈɣɫatkʲi,,ˈɡlatkʲɪj,ˈli.zu,,ˈliso,,,lis,ˈliʃʃo,ˈne.ted,kiːnʲ,,,miːn,,,hɑɾtʰ,,pʼriälä,värkʼälä,pʰrändɛri,mərkʼənɛ,
wet,nas,nɑt,,wɛt,,,,voːt,vɔːd,ˈvɔːtʏr,,slapʲʃ,,ˈmɔ.krɨ,ˈmokriː,ˈmokriː,ˈmòːkər,,,ˈmokrɨ,,ˈmokrɨj,muˈʎaðu,,moˈxado,ˈmɔʎ,,mu.je,baɲˈɲato,ud,fʲlʲʊx,ɡwlɨːb,,flux,,,tʰɑt͡sʰ,,svɛli,ʃɔliri,ʃu,məʒir,
dry,ˈtʁɔkən,droːx,,dɹaɪ,,,,,tœːr,θʏrː,,sàws,,ˈsu.xɨ,ˈsuxiː,ˈsuxiː,ˈsúːx,,,suˈxʲi,,sʊˈxoj,ˈse.ku,,ˈseko,əˈʃut,,sɛk,ˈsekko,usˈkat,ˈtʲɪɾʲəmʲ,sɨːχ,ˈsɛːχ,ˈtʃʰiɾəm,,,t͡ʃʰoɾ,,mʃräli,skʰiru,χɔmulä,pʰikʼwi,
correct,kɔˈʁɛkt,,,kəˈɹɛkt,,,,,,ˈrjɛht,,paɾɛ̄īs,,pra.vʲiˈdwɔ.vɨ,ˈspraːvniː,,praˈʋíːlən,ˈvɛrɛn,,praˈvʲilʲnɨ,,ˈpravʲɪlʲnɨj,ku.ˈʁɛ.tu,,koˈreɡto,koˈrɛk.tə,,kɔʁɛkt,korˈrɛtto,koˈrekt,,ˈkəu̯ɪr,,,,,t͡ʃiʃt,so̞ˈsto̞s,stsʼɔri,tʰinu,mtʰini,mɛgu,
near,naː,,,nɪə(ɹ),,,næːr,,nɛːr,,,,,ˈblʲis.kʲi,ˈbliːskiː,,,ˈblizək,,ˈblʲiskʲi,,ˈblʲiskʲɪj,ˈpɛɾ.tu,,ˈθerka,,,pʁɛ,viˈtʃino,a.ˈpro̯a.pe,d̪ˠlˠuː,,,dɫ̪uː,,,mɔt,,äχlɔ,χɔlɔ,χɔlɔs,pʰɛdiä,
far,fɛʁn,vɛr,,fɑː,,,,,,,,tâːls,,daˈlɛ.kʲi,ˈdalɛkiː,,ˈdàːlɛtʃ,dəˈlɛtʃɛn,,daˈlʲokʲi,,dɐˈlʲɵkʲɪj,ˈlõ.ʒɨ,,,ʎuˈɲa,,lwɛ̃.tɛ̃,lonˈtano,deˈpar.te,ˈfˠɑd̪ˠə,pɛɬ,,,,,hɛˈru,makriˈa,ʃɔri,ʃɔri,mɛndrä,dʒwɛdiä,
right,ʁɛçt,rɛxt,,ˈɹaɪt,,,rɛtː,,rɛt,ˈrjɛhtɪntɪ,,,,ˈpra.vɔ,ˈpraːvo,,praˈʋìːtsa,,,ˈprava,,ˈpravə,d͡ʒiˈɾejtu,,deˈɾet͡ʃo,ˈdɾət,,dʁwɑ,,drept,,hau̯l,,,,,iɾɑˈvuŋkʰ,ðiˈceoma,märdʒvɛnä,märdzgväni,mädzgväni,lɛrsgwɛn,
left,lɪŋk,lɪŋks,,lɛft,,,,,,,,kɾèjs,,ˈlɛ.vɨ,ˈlɛviː,,,ˈlʲaf,,,,ˈlʲevɨj,iʃ.ˈkeɾ.ðu,,,əsˈkɛ.rə,,ɡoʃ,,stɨŋɡ,clʲeː,χwiːθ,,kʰʲaːrˠ,,,d͡zɑχ,,märtsχɛnä,kʼvärtʃχäni,kʼväntʃχäri,lɛrtʰɛn,
at,an,ɔp,,æt,,,poː,poː,,,ʊiː,,pɐs,u,u,,pri,,vɔ,,,vɛ,ˈa,,en,a,,a,a,la,ə,ʊrθ,,,,ˈnə,,ˈston,zɛ,,,ʒi,
in,ʔɪn,ɪn,,ɪn,,,iː,iː,,,ʊiː,,,f,v,,ʋ,vɤ,vɔ,,,vɛ,ẽj̃,,en,ən,,dɑ̃,ˈin,ɨn,ɪ,ən,,,,ˈnə,mɛt͡ʃʰ,en,ʃi,,,sgä,loː
with,mɪt,mɛt,,wɪð,,,meː,meː(d),mɛd,,viː,,sʊ,s,s,s,s,sɤ,,,z,s,kõ,ko̝ŋ,kon,əmb,,a.vɛk,kon,ku,lʲɛ,a,,,,mɛ,hɛt,me̞,tʰän,tsʼkʼɛlä,kʼälä,tsäχæn,
and,ʊnt,ɛn,ɛn,ænd,ʊn,ɛn,oː,ɔ,ˈɒw,ɔːɣ,oː,ùn,,i,a,,in,i,i,i,ˈi,i,ˈɛ,,ʝ,ˈi,,e,e,ʃi,ˈɑɡəsˠ,,,,,ðɛ,ɛv,ce̞,dä,dɔ,dɔ,i,
if,vɛn,ɑ(l)s,,ɪf,,ɔs,,ɔm,ves,ɛːv,,,jæj,ˈjɛɕ.lʲi,ˈjɛstlɪʒɛ,ak,tʃɛ,,ˈakɔ,,,ˈjes⁽ʲ⁾lʲɪ,sɨ,,si,ˈsi,,si,se,ˈda.kə,mˠɑː,ɔs,,,,,jɛˈtʰɛ,,tʰu,vär,vänä,läχ,
because,vaɪ̯l,ɔm.ˈdɑt,,bɪˈkɒz,,,,,,,tʊiː,,nʲɛs,bɔ,ˈprotoʒɛ,ˈprɛtɔʒɛ,kɛr,,,,bɔ,pətɐˈmu‿ʂtə,poʁ.ˈke,,ˈporke,pəɾˈkə,,paʁ.skə,perˈke,ˈpen.tru kə,oːɾʲ,ˈaχɔs,,ˈɔir,,,vɔɾɔfhɛˈtɛv,,rädgän,räχäns,ɔkʰi,läχä,
name,ˈnaːmə,naːm,,neɪm,nɔmɛn,,,namn,,napn,naun,vàːɾds,ˈvɐrːdɐs,ˈi.mʲɛ,ˈjmɛːno,ˈmɛnɔ,iˈméː,ˈimɛ,,jiˈmʲa,iˈmjɑ,ˈimʲə,ˈno.mɨ,,ˈnom.bɾe,ˈnɔm,,nɔ̃,ˈno.me,ˈnu.me,ˈanʲəmʲ,ˈɛnʊ,,,,ɛməɾ,ɑˈnun,ˈo̞no̞ˌma,säχɛli,säχɛli,dʒɔχɔ,ʒäχɛ,
