word,vi,brh,da,te,id,pt,sk,sva,ml,kfa,ko,km,tl,ug,liv,hu,bg,xmf,my,el,cs,ga,vot,kff,oc,yi,is,mn,nn,kfb,krl,sa,sl,ny,za,tcy,ba,pci,br,ps,lo,fy,tr,ku,de,es,sq,ta,lb,ar,gon,mk,bn,ur,cy,fa,tcx,az,tg,yea,lt,ro,hi,uk,nl,mt,pl,fo,mjt,it,vep,en,zu,se,bfq,ca,be,ja,gl,hy,th,kn,la,gdb,kru,fi,bo,vro,et,gv,lzz,fr,xub,lv,sv,ms,he,ka,gd,kfe,kxv,af,ru,as
tie,kot̚˧˨ʔ,,benə,,,ɐˈtaɾ,,libɛm,,,muk̚t͈a̠,cṅ,,,ˈsid̪ːɨ,ˈkøt,,dɔkʼiruä,t͡ɕʰì/,,ˈpr̝̊ɪvaːzat,,ˈsiotːɑː,,,,,,,,ˈsituo,,,,,,,,,,,,ˈbɑːɫamac,,ˈbɪndn̩,aˈtaɾ,,,,,,,,,,,,,,,ˈrʲɪʃʲtʲɪ,,,,ˈknoːpə(n),,ˈvʲɔ̃.zat͡ɕ,,,leˈɡare,ˈsidodɑ,taɪ,,,,,,,,kɑˈpɛl,joːŋ˧,,ˈli.ɡoː,,,ˈsitoɑ,,ˈkːøytːmæ,ˈsidumɑ,,mɛkʼiru,lje,,,,,,däbmä,,,,,ˈsvʲazɨvətʲ,bɔn.dʱa
knee,ʔɗəw˨˩ ɣoj˧˦,go:ɖ,,mo:ka:lu,,ʒu.ˈe.ʎu,ˈkɔlɛnɔ,kʰutʰul,muḻaṅkāl,maɳɖi,muɾɯp̚,jṅ̥gṅ´,,tiz,ˈpuːolɑ,ˈteːrd,koˈlʲano,birguli,dú,ˈɣɔnatɔ,ˈkolɛno,ɡl̪ˠuːnʲ,ˈpɤlvi,mo:ka:l,(d)ʒeˈnul,knɪ,n̥jɛː,owtəɡ,,muɖsu,ˈpolvi,d͡ʑɑ́ː.n̪u,kɔˈlèːnɔ,ˈɓó.ⁿdo,,meɳaka:ləganʈu,tuˈβɯ̞q,tūk,ˈɡliːn,,,,,,kniː,roˈdiʎa,,muḻaṅkāl,knɜɪ̯,ruk.ba,tongɾa,,ˈɦaʈu,,,zɒːˈnuː,muʈʈi,,zɔːnu,mu:leka:lə,ˈkʲæ̌ːlʲɪs,dʒeˈnunkʲ,ɡʱʊʈ.nɑː,,kni,,kɔˈla.nɔ,knɛaː,mu:ka,dʒiˈnɔkkjo,ˈkomb,niː,íːdoːlo,,muʈʈi,ʒəˈnoʎ,kaˈlʲena,çiza̠,ʃeˈonʎo̝,t͡suŋk,kʰaw˨˩,muṇakālo,ˈɡe.nuː,ʋangul,muka,ˈpolʋi,,ˈpːɤlv,ˈpɤlʋ,ɡlʲuːnʲ,burgili,ʒə.nu,mannga:lə,tsɛlis,,lutot,,muχli,,mo:ga:l,mendaja,,kɐˈlʲenə,atʰu
ear,taːj˧˧,xaf,øːrə,tʃeʋi,,o(w).ˈvi.ðu,ˈu.xɔ,ʃdim,tʃeʋi,kemi,kɥi,t̥rciak,,,ˈkuːorɑ,ˈfyl,uˈxɔ,ʔudʒi,ná,aˈfti,ˈuxo,klˠuəsˠ,ˈkɤrvɑ,keʋ,awˈɾeʎo,ˈɔɪ.əʁ,ˈeira,t͡ɕʰix,,keʋ,ˈkorvɑ,,uˈxóː,ˈkʰu.tú,ɣɯ˧˩,kebi,qʊ̞ˈɫɑq,kekol,skwaʁn,ɣwaɡ,,,ku.ˈɫɑk,,oːr,oˈido,,ka:də,ˈəʊ̯ɐ,ʔu.ðun,keʋu,ˈuvɔ,,,klɨːst,ɡoːʃ,kili,,ɡɵʃ,kemi,ɐʊˈsʲɪs,uˈre.ke,kɑːn,ˈwuxɔ,oːr,ˈwɪdnɐ,ˈu.xɔ,ˈɔira,daɾti:,ɔˈrekkjo,ˈkorv,ɪə̯,ínɮeːɓé,ˈpea̯ʎːʎiː,kiʋi,oˈɾə.ʎə,ˈvuxa,mʲimʲi,,ɑˈkɑnd͡ʒ,huː˩˩˦,kiʋi,ˈau̯.ris,kekal,kʰebda,ˈkorʋɑ,*rna.ba,ˈkːɤrv,ˈkɤrʋ,kleːʃ,qʼudʒi,ɔ.ʁɛj,kiʋija,àws,øːra,təliŋə,,qʼuri,,keʋə,kiɾiju,ʊər,ˈuxə,kan
short,ŋan˧˦,,kɔrt,,,ˈkuɾ.tu,ˈkraːtki,kʼudæ,,,t͡ɕ͈a̠ɭt͈a̠,k̥ʰlī,,,ˈliːt̪ɨ,ˈrøvid,ˈkɤs,kʼuntʼä,tò,,ˈkraːtkiː,ɟaːɾˠ,ˈlyhyd,,,,ˈstʏhtʏr,pɔɡʲən,,,ˈlyhyt,,ˈkràːtək,,,,qɯ̞θ.ˈqɑ,,,,,,,,kʊʁt͡s,ˈkorto,,,,qa.sˁiːr,,ˈkratɔk,,t͡ʃʰoː.ʈɑː,bɨ̞r,kʰuːˈt̪ʰɒːh,,ɡɯˈsɑ,,,,skurt,kəm,kɔˈrɔtkei̯,kɔrt,,ˈkrut.kʲi,,,ˈkorto,ˈlyhyd,ʃɔːt,,,,ˈkuɾt,kaˈrotkʲi,mʲiʑika̠i,,kɑɾt͡ʃ,san˥˩,,ˈkur.tus,,,ˈlyhyt,,ˈlyhykːene,ˈlyhike,,mkʼulɛ,kuʁ,,îːs,kɔrt,,,mɔkʼlɛ,ˈkɤɾʲɪtʲ,,,,kɐˈrotkʲɪj,su.ti
earth,ʔɗət̚˧˦,ɖaga:ɾ,joːr,mannu,ta.nah,ˈtɛʁɐ,ˈzɛm,gim,mannə,mannə,xɯk̚,,ˈlu.paʔ,,ˈmoː,ˈtɒlɒj,zɛˈmʲa,diχä,mjè,,ˈzɛmjɛ,,ˈmɑː,maʈʈi,,,jœrð,xors,,bʰu:mi,ˈmuɑ,,ˈzɛ̀ːmlja,,,mannə,,tūk,,,,,topˈɾɑk,,ˈeːɐ̯də,ˈtje̞.ra̠,ðɛ,mannə,,tur.ba,mannə,,,,,,koɖə,torˈpɑχ,,,ˈʒʲæːmʲeː,pəˈmɨnt,dʰərtiː,zeˈmlʲɑ,ˈaːr.də,,ˈʑɛ.mʲa,jøːɹ,bʰumi,ˈtɛr.ra,ˈmɑ,ɜːθ,ínɬaɓâːtʰi,,,ˈtɛ.rə,zʲaˈmlʲa,d͡ʑi,,hɔʁ,din˧,maɳɳu,ˈter.ra,tukud,kʰekʰel,ˈmɑː,*sa,ˈmɑː,ˈmuld,,lɛtʼä,tɛʁ,bu:mi,zɛmɛ,juːɖ,bumi,adaˈma,mitsʼä,,bʰulo:gam,bʰumi,ˈɑːr.də,zʲɪˈmlʲa,
thick,zaj˨˩,,tyk,,,iʃ.ˈpe.su,ˈtɫ̩stiː,sgɛl,,,tuk͈ʌ̹p̚t͈a̠,juk,,,ˈjɑmd̪i,ˈvɒʃtɒɡ,dɛˈbɛl,ʃχu,tʰù,,ˈtlustiː,tʲuː,ˈpɑksu,,,,ˈθjɛhtʏr,t͡sʊt͡saŋ,çʊkː,,ˈpɑksu,,ˈdɛ̀ːbɛw,,,,qɑˈɫɯ̞n,,,ɖaˈbəl,,,,,dɪk,ˈɡɾweso,,,,sa.miːk,,,,,teːu̯,,,,,,,ɡros,,,dɪk,,ˈɡru.bɨ,t͡ʃʰʏʰkːʊɹ,,ˈspes.so,ˈpɑks,θɪk,,,,,ˈtou̯stɨ,,,hɑst,naː˩˩˦,,ˈkras.sus,,,ˈpɑksu,,ˈpːɑkːsː,ˈpɑks,,pʼɛdʒi,e.pɛ,,,ɕɔk,,,skʰɛli,tʰʲu,,,,ˈtolstɨj,
fly,zuəj˨˩,ba:l kanning,fluːə,eguɾu,,ˈmos.ka,ˈmuxa,lipʼɛr,paɾakkuga,pa:ɾa,pʰa̠ɾi,ruy,,,ˈlind̪ɨ,ˈleːɟ,muˈxa,pʰurinuä,jɪ̀ɴɡàʊɴ,ˈmiɣa,ˈmou̯xa,kɪˈlʲoːɡ,ˈlentæː,tulla,,,ˈflʏːɣa,,²flʉːɡə,tulsa:d,ˈlentyæ,,ˈmùːxa,ˈⁿt͡ʃʰé.ⁿt͡ʃʰe,,ɾa:paɾa,sɪ̞.ˈβɪ̞n,tūk,,,,mɪx,sinɛc,ˈmeːʃ,ˈfliːɡə,ˈmoska,,paɾə,,,paɾi,,matʃʰi,,,mæˈɡæs,po:ɾtʃ,,,mannə,,,,,vlix,dʊˈbːɪːnɐ,ˈmu.xa,ˈfluː(w)ʊ,uɖa:ɾi,,ˈletɑ,flaɪ,,,paɾappə,ˈmos.kə,,,ˈmoska̝,t͡ʃɑnt͡ʃ,ma˦˥.lɛːŋ˧.wan˧,ha:ɾu,ˈmus.ka,tukud,uɖijaɾna,ˈlentæː,,ˈlintɑmɑ,ˈlendɑmɑ,,ɔpʰutʰχinu,muʃ,pa:ɾ,muʃa,,lalat,zvuv,pʰrɛnä,,pa:ɾʋu,,,ˈmuxə,makʰi
black,ʔɗɛn˧˧,ma:on,soɐ̯d̥,nalupu,,ˈne.ɡɾu,ˈt͡ʃi̯er.ni,mɛʃχɛ,kaɾuppə,kaɾtadə,ˈkɘːmda̠,k̥ʰmau,ɪˈtim,,ˈmust̪ɑː,ˈfɛkɛtɛ,,utʃä,nɛʔ,ˈmavros,ˈt͡ʃɛrniː,d̪ˠʊvˠ,ˈmusːɑ,ka:ʈe,,,ˈsvar̥tʏr,χar̊,,ɖa:ɾiate,ˈmustɑ,kŕ̩ʂ.ɳɐ,ˈtʃə̀rn,,ɗam˨˦,kappu,qɑˈrɑ,tūk,ˈdyː,t̪or,dam˩˨,,kɑˈɾɑ,,ʃvarts,ˈneɡɾo,zi,kaɾəppə,,ʔas.wad,kaɾə,,,kaːlaː,dɨː,sijɒːh,kappə,ɡɑˈrɑ,,kaɾtaji,ˈjûə.dɐs,ˈne.ɡru,kaːlaː,ˈt͡ʃɔrnei̯,zʋɑrt,ˈɪswɛt,ˈt͡ʂar.nɨ,ˈsvaɻ̥ʈʊɹ,maɖhaɾo,ˈne.ro,ˈmust,blæk,,ˈt͡ʃaːhːpes,kappə,ˈnə.ɡɾə,ˈt͡ʂornɨ,,ˈneɣɾʊ,sɛv,dam˧,kappu,ˈni.ɡer,tukud,mokʰaɾo,ˈmustɑ,*nak.po,ˈmusːtː,ˈmust,,utʃä,nwaʁ,kaɾtənu ipədə,mǣlns,svart,hitam,,ʃävi,t̪ʊv,kaɾuppə,kadia,,ˈt͡ɕɵrnɨj,kola
sharp,sak̚˧˦,,,,,a.fi.ˈa.du,,bæsr,,,,mut,,,ˈvɑimi,ˈeːlɛʃ,osˈtɤr,kʼväntʰiri,t͡ɕʰʊ̀ɴ,kofteˈros,ˈostriː,ɟeːɾˠ,ˈterævæ,,,,xʷasː,,,,ˈterævæ,,ˈòːstər,,,,ʏtˈkɪ̞r,,,,,,,,ʃarf,aˈɡudo,,,,ħaːdd,,,,,,teːz,,,,,ɐʃt̪ˈrʊs̪,as.kuˈt͡sit,,,sxɛrp,,ˈɔ.strɨ,ˈkvasːʊr,,affiˈlato,ˈterɑv,ʃɑːp,,,,əz.moˈlat,ˈvostrɨ,,,suɾ,kʰom˧,,ˈaː.ker,,,ˈteræʋæ,,ˈtːerːæv,ˈterɑʋ,,mtʃʼkʼirulä,a.fi.le,,as,,,,bäsri,,,,,ˈostrɨj,
straight,,,,,,ˈʁɛ.tu,,mɛtsʼwin,,,,,,,ˈkuːodʲi,ˈɛɟɛnɛʃ,,tʰini,pʰja̰ʊɴ,,ˈpr̝̊iːmiː,ˈdʲiːɾʲəx,ˈɤikɤɑ,,,,peitn,,,,ˈoigie,,,,,,tʏ̞ð,,,,,,,,ɡəˈraːdə,,,,ʀiːχt,mus.ta.qiːm,,,,,,mostæɣiːm,,,,,,drept,siː.d̪ʱɑː,,rɛxt,,ˈprɔ.stɨ,,,dritto,ˈoiged,stɹeɪt,,,,,praˈmɨ,,,uˈʁiʁ,troŋ˧,,ˈreːk.tus,,,ˈsuorɑ,,ˈɤkɤv,ˈsirge,,duzi,dʁwɑ,,,,,,stsʼɔri,tʲiːɾʲəx,,,,prʲɪˈmoj,pʊn
at,,,,,,ˈa,,ʒi,,,,,,,ˈjuːsɨ,,,,m̥à,ˈston,u,ə,ˈlːɑ,,,,,,poː,,ˈlːɑ,,pri,,,,,,,,tʰiː˧˧,,,,an,en,ˈnə,,,ˈʕind̪æ,,vɔ,,,ʊrθ,dæɾ,,,,,pɐs,la,pəɾ,,ɔp,,u,ʊiː,,a,ˈl,æt,,,,a,,de̞,,,tʰiː˥˩,,in,,,ˈlːɑ,*la,ˈl,ˈl,,,a,,,poː,di,,zɛ,,,,,vɛ,
heavy,naŋ˧˨ʔ,,tɔnɡ,,,pɨ.ˈza.ðu,ˈcaʃ.kiː,gwæmi,,,muɡʌ̹p̚t͈a̠,d̥ʰṅn´,,,ˈlæːlɑm,ˈnɛɦeːz,ˈtɛʒək,mɔnkʼä,lé,,ˈcɛʃkiː,t̪ˠɾˠuːmˠ,ˈrɑskɑs,,,,ˈθuŋkʏr,xunt,tʊŋː,,ˈjykie,,ˈtɛ̀ːʒək,,nak˥,,ɑˈwɯ̞r,,,d̪ruŋd̪,,swiər,ɑˈɰɯ́ɾ̝̊,,ʃveːɐ̯,peˈsado,,,ʃwɜɪ̯ɐ,θa.qiːl,,ˈtɛʒɔk,,,trʊm,sæŋˈɡʲiːn,,,,,sʊŋˈkʊs,ɡrew,bʱɑː.ɾɑː,ʋɐˈʒkɪi̯,zʋaːr,,ˈt͡ɕɛŋ.ʂkʲi,,,peˈsante,ˈjyged,ˈhɛ.vi,,,,,ˈt͡sʲaʂkʲi,o̞mo̞i,,ˈtsɑnəɾ,nak̚˨˩,,ˈɡra.wis,,,ˈrɑskɑs,,ˈrɑsːsːɤ,ˈrɑske,,mɔnkʼä,luʁ,,smaks,tɵŋ,bərat,,mdzimɛ,,,,,tʲɪˈʐolɨj,ɡɔ.dʱuɹ
bad,səw˧˦,,dɔːli,,bu.ruʔ,ʁuˈĩ,ˈzɫiː,χɔlä,,,na̠p͈ɯda̠,ʾāk̥rk´,,,ˈæbjɨvɑː,ˈrosː,,gläχä,sʰó,kaˈkos,ˈʃpatniː,ˈd̪ˠʊnˠə,ˈpɑhɑ,,,,ˈvɔntʏr,mõː,,,ˈhuono,,ˈsláp,,,,nɑ.ˈsɑr,,,bəd,,,,,ʃlɛçt,ˈmalo,,,,saj.jiʔ,,,kʰaɾap,,druːɡ,bæd,,pis,,,ˈbloːɡɐs,rəw,,,slɛxt,ħɐˈziːn,zwɨ,ˈɪtlʊɹ,,kaˈtːiːvo,ˈhond,bæd,,,,doˈlent,ˈdrenːɨ,ɰᵝa̠ɾɯ̟ᵝi,,vɑt,leːw˧,,ˈma.lus,,,ˈpɑhɑ,,ˈhɑlv,ˈhɑlb,,pʼätʼi,mo.vɛ,,,ˈdoː.lɪ(ɡ),,,tsudi,ˈt̪ɔnə,,,,plɐˈxoj,bɛa
wife,vəː˧˨ʔ,,,,istri,es.ˈpo.za,,χɛχw,,,a̠ne̞,p̥rbn̥dʰ,,,ˈnɑi,ˈɒsːoɲ,ʒɛˈna,ɔsuri,məjá,,ˈmanʒɛlka,bʲanˠ,ˈnɑin,,ˈfenno,,ˈeiːjɪn.kʰɔːna,,,,ˈɑkːɑ,pɐ́t̪.n̪iː,ˈʒɛ̀ːna,,,,qɑˈtɯ̞n,,ˈɡwʁɛːk,ʂəˈd͡za,mia˦˥,,,,,esˈposa,ˈɡɾua,,,zawd͡ʒa,,ˈʒɛna,,,ɡuˈrai̯ɡ,,,,,,,,,druˈʐɪnɑ,vrɑu̯,,ˈʐɔ.na,,,ˈspɔ.za,ˈɑk,waɪf,,,,ˈdɔ.nə,ˈʐonka,t͡sɨᵝma̠,esˈposa̝,kin,pʰa˦˥.ri˦˥.jaː˧,,ˈuk.sor,,,ˈʋɑimo,*skʲe.dman,ˈnɑːnɤ,ˈnɑine,,ɔχɔrdʒä,fam,,sīɛ̄va,hɵ̄sːtrʉ̂ː,,(ʔ)iˈʃa,tsɔli,,,,,ʐɨˈna,ɡʱoɪ.ni
road,ʔɗɨəŋ˨˩,saɖak,,ma:ɾgamu,,iʃ.ˈtɾa.ðɐ,ˈt͡sɛsta,ʃukʼw,ʋaɻi,ba:te,kiɭ,p̥ʰlūv,,,ˈrie̞k,ˈuːt,pɤt,ʃärä,láɴ,ˈðromos,ˈt͡sɛsta,ˈbˠoːhəɾˠ,ˈteː,aɾɾi,,,ˈvɛːɣʏr,,,daaɾ,ˈtie,,ˈtsèːsta,mˈse.(w)u,lo˧,paɾvata,jul,pāv,hɛ̃nd,wɑʈ,,,jɔɫ,,ˈʃtraːsə,kaˈmino,ˈruɡə,vaḻi,,tˁa.riːq,haɾɾi,,ɾast̪a,səɽək,,,a:laɾ,,,raste,ˈkælʲɐs,,səɽək,dɔˈrɔɦɐ,baːn,triːʔ,ˈdrɔ.ɡa,ˈveːvʊɹ,pa:odu,ˈstrada,ˈte,ɹəʊd,uḿ̩ɡwaːǃo,,ta:ɾi,kə.rəˈte.ɾə,,dau,esˈtɾaða̝,t͡ʃɑnɑˈpɑɾ,tʰa˨˩.non˩˩˦,mārga,ˈwi.a,rasta,ɖahaɾe,ˈtie,,ˈtːiː,ˈteː,reːd̪,gzä,ʁut,baʈʈi,tsɛʎʃ,vɛːɡ,d͡ʒalan,,gzä,,ta:ɾi,,pɑt,dɐˈroɡə,bat
flower,hwaː˧˧,,,,,ˈfloʁ,ˈkvɛt,muʁwæ,,,k͈o̞t̚,p̥ʰkā,,ɡyl,ˈputʲkɨz,ˈviraːɡ,t͡svʲat,pʼɛuli,páɴ,ˈanθɔs,ˈkvjɛt,bˠl̪ˠɑː,ˈkukːɑ,,,blʊm,plouːm,,bluːm,,ˈkukːɑ,púʂ.pɐ,ˈtsʋéːt,ˈɗu.(w)a,,,sæsˈkæ,,blœ̃w,ɡwəl,dɔːk˨˩ mai˥˦,blom,tʃɪˈtʃɛc,,ˈblyːtə,ˈfloɾ,ˈlulɛ,,blum,zah.ra,,,pʰul,pʰul,ˈblɔdɨ̞n,ɡʊl,,t͡ʃiˈt͡ʃæk,ɡul,,,flo̯are,pʰuːl,ˈkʋʲitkɐ,blum,ˈfjuːrɐ,kfʲat,ˈblɔuma,,,ˈænik,ˈflaʊ.ə,ímbaːli,ˈraːssiː,,ˈflɔ,,pana,,t͡sɑˈʁik,dɔːk̚˨˩,,floːs,,,ˈkukːɑ,*me.tok,ˈhæitsːeʔ,ˈlilː,,pʰukʰiri,flœʁ,,,blʊ.ma,buŋə,,qʼvävili,,,,,t͡svʲɪˈtok,pʰul
think,ŋi˦ˀ˥,,,,pi.kir,pẽˈsaɾ,ˈmisli̯ɛc,liskʼɔrɛ,,,sʰe̞ŋɡa̠kʰa̠da̠,yl´,,,ˈmɨt̪lɨ,ˈɡondolkodik,,gurtʃämä,twé,ˈsceftome,ˈpr̝̊ɛmiːʃlɛt,capˠ,ˈduːmɑtɑ,,,,ˈhʏxsa,,,,ˈtuːmɑmɑijɑ,,ˈmiːsliti,ɡaˈni.za,,,,,,,,,,ˈfɯkɯɾiːn,ˈdɛŋkən,penˈsaɾ,mɛnˈdɔj,,,,,,,sotʃn̪aː,ˈmɛðʊl,ˌfekɾ kʲæɾˈd̪æn,,dyʃynˈmæk,,,,ɡɨnˈdi,sotʃn̪aː,ˈdumɐte,ˈdɛŋkə(n),ˈħaːsɛp,ˈmɨɕ.lɛt͡ɕ,,,,ˈmeletɑdɑ,θɪŋk,,ˈjurːttaʃih(t),,pənˈsa,,kamukapu,,mətɑˈt͡sɛl,kʰit̚˦˥,,ˈkoː.ɡi.toː,,,ˈɑjɑtelːɑ,,ˈmɤtːlɤmɑ,ˈmɤtlemɑ,,ɔsimädu,pɑ̃.se,,,,fike(r),ħaˈʃav,pʰikʰri,,,,dəŋk,ˈdumətʲ,bʱɔ.ba
throw,nɛm˧˦,,,,,lɐ̃.ˈsaɾ,,likʼwänɛ,,,tʌ̹nd͡ʑida̠,poḥ,,,ˈe̞it̪ɨ,ˈdob,,ʔɔtʰämä,pjɪʔ,,,kɑh,ˈviskɑː,,,,ˈkʰasta,xajəx,,,ˈheitːiæ,,,,,,,,,,,,,,ˈvɛʁfən,,,,ɡeˈhai̯en,,,,,,ˈtavlɨ̞,ændɒːxtæn,,ɑtˈmɑχ,ændɔːxtæn,,ˈmʲɛsʲtʲɪ,,pʰeːŋk.nɑː,,ˈʋɛrpə(n),,ˈʐu.t͡sat͡ɕ,kʰasta,,,ˈtɑtstɑ,θɹəʊ,,,,ʎənˈsa,,,,nɛˈtɛl,joːn˧,,ˈjak.toː,,,ˈheitːæː,,ˈhiːtːmæ,ˈʋiskɑmɑ,,ɔstʰɔmilu,ʒə.te,,mest,,,,srɔlä,ˈtʃʰilikʲ,,,,brɐˈsatʲ,dɔ.liʊa
tongue,lɨəj˦ˀ˥,duʋi:,tɔnɡə,na:luka,,ˈlĩ.ɡwɐ,ˈja.zik,nin,na:kə,na:ʋu,çjʌ̹,ʾṇ̥ṭāt,ˈdi.laʔ,,ˈke̞ːʎ,ˈɲɛlv,ɛˈzik,ninä,ʃà,ˈɣlosa,ˈjazɪk,ˈtʲaŋə,ˈtʃeːli,na:like,ˈleŋɡo,tsʊŋ(ɡ),ˈtʰuŋka,xiɮ,,na:lka,ˈkieli,d͡ʑiɦ.ʋɑ́ː,ˈjɛ̀ːzik,ɽiˈɽí.me,lin˦˨,na:la:ji,tɪ̞l,nevãḍ,ˈtɛwt,ˈʒəbə,,,ˈdil,ˈzɯmɑːn,ˈtsʊŋə,ˈlenɡwa,ˈɟʑuhə,na:kkə,t͡soŋ,li.saːn,ʋendʒeɾ,ˈjazik,,dʒiːbʱ,ˈtavɔd,zæˈbɒ(ː)n,no:f,dil,zæˈbɔːn,na:ʋu,,ˈlimbə,dʒiːbʱ,jɐˈzɪk,tɔŋ,,ˈjɛ̃.zɨk,ˈtʰʊŋka,taɖta,ˈliŋ.ɡwa,ˈkelʲ,tʌŋ,ûːlîːmi,ˈɲuo̯vtt͡ʃa,na:lange,ˈʎəŋ.ɡwə,jaˈzɨk,ɕi̥ta̠,,lɛˈzu,lin˦˥,na:lige,ˈlin.ɡʷa,na:ng,takkha,ˈkieli,*lt͡ɕe,ˈkːiːl,ˈkeːl,ˈtʃɛnʲə,nɛnä,lɑ̃ɡ,nelgi,mɛ̀ːlɛ,ˈtɵŋˌa,lidah,laˈʃɔn,ɛnä,tʰʲɛŋɡə,na:lgə,ʋenɖa:ɾu,,(j)ɪˈzɨk,zi.bʱa
sing,haːt̚˧˦,,sønɡə,,,kɐ̃ˈtaɾ,,liʁräl,,,no̞ɾe̞ɦa̠da̠,c̥riaṅ,,,ˈloulɨ,ˈeːnɛkɛl,ˈpɛjə,birä,θət͡ɕʰɪ́ɴ,,ˈspiːvat,kanˠ,ˈlɑuluɑ,,,ˈzɪn.ɡn̩,ˈsiɲca,,²sʏŋːjɑ,,ˈlɑuluɑ,,ˈpɛ̀ːti,,,,,,,,,,,,ˈzɪŋən,kanˈtaɾ,kənˈdɔj,,ˈzɑŋən,,,,,ɡaˈna,ˈkanɨ̞,sʊɾuːˈd̪æn,,oχumaχ,,,dɐjˈnuɔtʲɪ,kɨnˈta,ˈɡɑː.nɑː,sʲpʲiˈu̯ɑte,ˈzɪ.ŋə(n),ˈkɐntɐ,ˈɕpʲɛ.vat͡ɕ,,,kanˈtaːre,ˈlɑuldɑ,sɪŋ,,ˈlaːvːluːh(t),,kənˈta,,ɯ̟ᵝta̠ɯ̟ᵝ,,jɛɾˈkʰɛl,kʰap̚˨˩.rɔːŋ˦˥,,ˈka.noː,,,ˈlɑulɑː,,ˈlɑulmɑ,ˈlɑulmɑ,,ɔbiru,ʃɑ̃.te,,dziɛ̂dâːt,,,,mʁɛrä,,,,səŋ,pʲetʲ,ɡʊa
sun,mat̚˧˨ʔ t͡ɕəːj˨˩,de,soːl,su:ɾjuɖu,,ˈsɔɫ,ˈsɫ̩ŋkɔ,miʒ,su:ɾjan,su:ɾja,he̞,t̥ʰṅai,,,ˈpæːvɑ,ˈnɒp,ˈslɤntsɛ,bʒä,nè,ˈi.ʎos,ˈslunt͡sɛ,ɟɾʲiənˠ,ˈpæivikːo,poɖudu,suˈlel,zʊn,souːl,,suːl,suɾija,ˈpæivæne,s̪úːɽ.jɐ,ˈsóːntsɛ,ˈd͡zú.w⁽ᵝ⁾a,taŋ˨˦ ŋon˧˩,su:ɾje,qʊ̞ˈjɑʂ,tūk,,lmar,taː˩˨ wen˦˥,,ɟyˈneʃ,,ˈzɔnə,ˈsol,,su:ɾjan,zon,ʃams,poɾə,ˈsɔnt͡sɛ,,,haɨ̯l,,su:ɾijan,ɡʲyˈnæʃ,ɔftɔb,tʃu:rja,ˈsɑuleː,ˈso̯are,,ˈsɔnt͡sɛ,,ʃɛmʃ,ˈswɔɲ.t͡sɛ,sɔuːl,be:ɾdu,ˈso.le,ˈpæivæine,sʌn,íːlaːnɡa,ˈpea̯jvvaːʃ,ottə,ˈsɔl,ˈsont͡sa,,s̺ol,ɑˈɾɛv,dua̯ŋ˧.ʔaː˧.tʰit̚˦˥,su:rja,,ʋele,bi:ɖi,ˈɑurinko,*ȵi.ma,ˈpːæiv,ˈpæike,ɡriːn,mʒɔrä,sɔ.lɛj,pottə,sāūle,suːl,matəhari,,mzɛ,,su:rijan,ʋeda,,ˈsont͡sə,be.li
because,taːj˧˨ʔ vi˨˩,,,,,poʁ.ˈke,ˈprɛtɔʒɛ,läχä,,,t͈e̞mun,b̥roḥ,,,ˈsie̞pe̞rɑːst̪,ˈmɛrt,,räχäns,lo̰,,ˈprotoʒɛ,oːɾʲ,ˈsenperæsːæ,,,,,,,,ˈkonsɑ,,kɛr,t͡ʃiˈfu.kʷá,,,ˈsʏ̞n.kʲi,,,ˈdzəka tʃe,,,tʃynky,,vaɪ̯l,ˈporke,,,væl,li.ʔan.na,,,,,ˈaχɔs,,,ˈt͡ʃynki,,,nʲɛs,ˈpen.tru kə,ˈkjũ.ki,bɔ,ɔm.ˈdɑt,,bɔ,tʊiː,,perˈke,ˈsikʃ miʃe,bɪˈkɒz,,,,pəɾˈkə,,,,vɔɾɔfhɛˈtɛv,pʰrɔʔ˦˥,,ˈkʷi.a,,,ˈkoskɑ,*ɡaŋ.jin.zer.na,ˈsːelːe etː,ˈsest,,ɔkʰi,paʁ.skə,,,,kə.ra.nə,,rädgän,ˈɔir,,,,pətɐˈmu‿ʂtə,
they,hɔ˧˨ʔ,,di,,məreka,ˈe.lɨʃ,ˈɔɲi,ɛdʒær,,,kɯdɯɭ,gāt´,,uˈlɑr,ˈne̞,ˈøːk,t̪ɛ,tʰinɛpʰi,θùdo̰,,ˈoɲɪ,ʃiəd̪ˠ,ˈnæmæd,,,,θeiːr,,,,ˈhyø,,ˈɔ̀ːni,ˈi.wó,,,uˈɫɑr,,,,,ja,onˈlar,,ziː,ˈeʎos,aˈta,,,hu.maː,,tiɛ,t̪ara,,huːɨ̯,ʔeːˈʃɒːn,,o(n)lar,,,jæ,jej,ʋeː,wɔˈnɪ,zɛi̯,ˈuːmɐ,ˈɔ.ɲi,tʰaiːɹ,,,ˈhiː,ðeɪ,ɓoːná,,,ˈeʎs,,ka̠ɾe̞ɾa̠,,nəˈɾɑŋkʰ,kʰaw˩˩˦,,ˈi.iː,,,ˈhe,,ˈnimæʔ,ˈnemɑd,,ɛntʰɛpʰɛ,il,,,dɔm,mərekə,,isini,iət̪,,,,ɐˈnʲi,xiʱɔt
you,ʔɓaːn˧˨ʔ,,du,,,tu,ˈti,sgæ,,,ta̠ŋɕʰin,lok,iˈkaw,,ˈt̪e̞ːg,ˈtɛ,ti,tʰkʰvä,nɪ̀ɴ,e̞ˈsi,tɪ,t̪ˠuː,ˈtyː,,ty,,θu,,dʉː,,ˈtyø,,ˈtíː,ˈi.we,mɯŋ˧˩,,hin,,,ˈtɑse,tɕao˥˦,doː,sen,tʊ,duː,ˈtu,ti,,du,ʔanta,,ti,ˈθʊiː,aːp,tiː,to,,sæn,t̪u,,tʊ,tu,t̪uː,ˈtɪ,jɛi̯,,tɨ,tʰʉuː(w),,t̪u,ˈtiː,juː,weːná,,,ˈtu,,kipau,,du,kʰun˧,,tuː,,,ˈte,,ˈtːiːʔ,ˈteie,u,tʰkʰvän,ty,,tu,dʉː,kamu,(ʔ)aˈta,tʰkʰvɛn,hu,,,jəi,tɨ,
say,nɔj˧˦,pa:ning,,tʃeppu,,di.ˈzeɾ,ˈɦɔvɔric,likʰwisg,paɾajuga,annə,ˈma̠ːɾɦa̠da̠,tʰā,,,ˈkiːt̪ɨ,ˈmond,ˈkazvəm,tʰkʰuälä,sʰò,,r̝iːt͡st,ˈabˠəɾʲ,ˈʝutɤlːɑː,kella,,ˈzɔ.ɡŋ̩,ˈseiːja,xiɮəx,²sæɪɑ,bʰu:mi,ˈsɑnuo,ʋɐ́.d̪ɐ.t̪i,ˈrɛtʃi,,kaːŋ˥,paɳaɾa,,en,,,waw˥˦,,søjlɛmɛc,,zaːɡən,deˈθiɾ,θɛm,tʃollə,,qaː.la,in,,ˈbɔla,kɛɦna,,ɡofˈt̪ʰæn,a:ʋaɖə,,ɡuftæn,paɾe,sɐˈkʲiːtʲɪ,ˈzitʃe,kɛːʱ.nɑː,,ˈzɛɣə(n),,ˈmu.vʲit͡ɕ,siːja,hauɖpo,ˈdi.re,ˈsɑnudɑ,seɪ,,,egəʋə,ˈdi,ɣavaˈrɨt͡sʲ,ipu,diˈθiɾ,ɑˈsɛl,klaːw˨˩,heɭu,ˈdiː.koː,tukud,bakʰna,ˈsɑnoɑ,,ˈytːlemæ,ˈytlemɑ,,ɔtʰkʰu,diʁ,pə:ɭ,satsîːt,ˈsɛjːa,,,tʰkʰmä,ˈapɪɾʲ,paidu,,sɛː,ɡəvɐˈrʲitʲ,
year,nam˧˧,,,,,ˈɐ.nu,ˈrɔk,zæ,,,ɲjʌ̹n,c̥ʰnāṃ,,jil,ˈɑːigɑst̪,ˈeːv,ɡɔˈdinə,tsʼänä,n̥ɪʔ,ˈxɾonos,rok,bʲlʲiənʲ,ˈvoːsi,,,jɔʁ,auːr,,oːr,,ˈvuozi,,ˈlèːtɔ,ˈt͡ʃa.ká,pi˨˦,,jɯ̞ɫ,,ˈblwaː,kɑl,piː˩˨,iə̯r,ˈjɯɫ,ˈsɑːl,jaː(ɐ̯),ˈaɲo,,,joː(e)ʀ,ʕaːm,,,,,,sɒːl,,,,,,an,saːl,,jaːr,ˈsɛnɐ,rɔk,ɔaːɹ,,ˈan.no,ˈvozʲ,jɪə,úɲâːɠa,ˈjahkiː,,ˈaɲ,ɣot,nẽ̞ɴ,,tɑˈɾi,piː˧,,ˈan.nus,,,ˈʋuosi,*lo,ˈɑːsːtːɑkː,ˈɑːstɑ,blʲeːnʲ,tsʼänä,a.ne,,,,tahon,ʃaˈna,tsʼɛli,,,,jɑːr,ɡot,bɔ.sɔɹ
many,ɲiaw³³,ba:z,manɡə,nānā,baɲak,ˈmũj̃.tuʃ,,mäsærd,pala,dumba,ˈma̠ːnɯn,c̥roen,,,ˈpæːgiɲ,ˈʃok,,brɛli,mjá,,ˈmnoɦo,əˈl̪ˠɑːnˠ,ˈmitːomɑ,tʃa:la,,aˈsax,ˈmarkʏr,,,peɾe,ˈæijæ,bɐ.ɦú,ʋɛˈlìːkɔ,,,ba:ɾi,kʏp,tūk,,ɖer,,,tʃɔk,ˈɡɛlɛk,ˈfiːlə,ˈmut͡ʃos,,palə,,ka.θiːr,dʒa:sta,ˈmnɔɡu,,,,zɪˈjɒːd,uppu:m,t͡ʃɔχ,,tumba,dɐuɡ,mult͡sʲ,bɔˈhɔt̪,bɐˈɦɑtɔ,veːl,,ˈvʲɛ.lɛ,ˈmɛŋkʊɹ,di:kehi,,ˈæi,ˈmɛni,,,appaɾa,ˈmolt,,,,ʃɑt,,halaʋu,ˈmul.tiː,tukud,bagge,ˈmontɑ,,ˈpːɑlːʲo,ˈpɑlju,,didɔ,bo.ku,kajɾijə,dāūdz,,baɲak,,bɛvri,ˈiməɣ,i:dʒo:ɖ,,bajə,ˈmnoɡə,
nose,muj˦ˀ˥,ba:mus,ˈnɛːsə,mukku,,nɐˈɾiʃ,,nɛpʰχwnä,mu:kə,mu:kkə,kʰo̞,c̥rmuḥ,ʔi.ˈlɔŋ,,ˈnɑnɑː,ˈorː,nɔs,tʃχvindi,n̥əkʰáʊɴ,ˈmiti,nos,sˠɾˠoːnˠ,ˈnenæ,mosso:ɾ,,,nɛːv,,,mu:kk,ˈnenæ,,ˈnóːs,ˈᵐpʰu.no,,mu:gu,tɑˈnɑw,muvãḍ,ˈfriː,,daŋ˩˧,,buˈɾun,,ˈnaːzə,naˈɾiθ,,mu:kə,nuəs,ʔanf,mosoɾ,,,,truːɨ̯n,,mittu:p,buˈrun,biˈniː,mu:kkə,,,naːk,,nøːs,,nɔs,nøːs,muso:,ˈna.zo,ˈnenɑ,nəʊz,íːkʰaːla,,mu:kə,ˈnas,,,naˈɾiθ,kʰitʰ,t͡ɕa˨˩.muːk̚˨˩,mu:gə,,mungan,mu:ji,ˈnenæ,*zna,ˈnɤnɑ,ˈninɑ,st̪rudʲnʲ,tʃχindi,ne,mu:kkə,,ˈnɛːsˌa,hidoŋ,ʔaf,tsχviri,s̪t̪ɾɔːn,mu:kə,mungeli,nɪøs,nos,nak
split,t͡ɕɛ˧˩,,,,,pɐɾ.ˈtiɾ,,lirdɛ,,,,,,,ˈloːgst̪ɨ,ˈhɒʃiːt,,rtʰuälä,kʰwɛ́,,,,ˈhɑlkɤɑ,,,,ˈkʰlɔpna,,,,ˈhɑlːɑtɑ,,,,,,,,,,,,,,ˈʃpaltn̩,parˈtiɾ,,,,qa.sa.ma,,,,,,,,,,,,,,,,,ˈd͡ʑɛ.lʲit͡ɕ,,,ˈfɛndere,ˈhɑugoidɑ,splɪt,,,,pəɾˈti,,ɰᵝa̠ɾɯ̟ᵝ,,,,,ˈskin.doː,,,ˈhɑlkɑistɑ,,ˈlɑhkːi ɑjɑmɑ,ˈlɤhestɑmɑ,,ɔrtʰu,fɑ̃dʁ,,,deːla,,,qʼɔpʰä,,,,,rəɕːɪˈplʲætʲ,pʰal
swell,sɨŋ˧˧,,,,,ĩ.ˈʃa(ɹ),,liʃiɛ,,,pupʰuɭda̠,,,,ˈpɑist̪ɨ,ˈdɒɡɒd,,mbäruä,,ˈpɾizome,,,ˈpɑisːuɑ,,,,,,,,ˈpɑisuo,,,,,,,,,,,,,,ˈʃvɛlən,,,,,,,,,,,,,,,,,,,,ˈzʋɛlə(n),,ˈpux.nɔɲt͡ɕ,ˈpœlna,,,ˈpuhlotɑ,swɛl,,,,imˈflaɾ.sə,,,,uˈrɛl,bua̯m˧,,in.tuˈmeːs.koː,,,ˈpɑisuɑ,,ˈpːɑisːtːumɑ,ˈpɑisumɑ,,ɔbäru,ɡɔ̃.fle,,,,,,ʃɛʃupʼɛbä,,,,,rəzdʊˈvat͡sːə,pʰu.la
snake,zan˧˦,,,,,ˈkɔ.bɾa,ˈɦat,hwidʒ,,,pe̞ːm,bs´,,jilɑn,ˈuːʃkɑ,ˈkiːɟoː,zmiˈja,gvɛri,mwè,ˈfiði,ɦat,ˈn̪ˠæhəɾʲ,ˈmɑto,,,ʃlaŋ(ɡ),ˈstnauːkʏr,mɔɢɔi,,,ˈkiærmis,s̪ɐɽ.pɐ́,ˈkàːtʃa,ˈⁿd͡ʒó.ka,ŋɯ˧˩,,jɯ̞.ˈɫɑn,,ˈnaɛr,,ŋuː˦˥,,jɯ.ˈɫɑn,,ˈʃlaŋə,serˈpjente,ˈɟ͡ʝaɾpəɹ,,ʃlaːŋ,θuʕ.baːn,,,ʃɑp,sãp,nei̯dr,mɒːɾ,,,mɔːr,,ɡʲiːˈʋaːtʲeː,ˈʃarpe,sɑ̃ːp,,slɑŋ,,vɔŋʂ,,,serˈpɛn.te,ˈgɑd,ˈsneɪk,íɲôːɠa,ˈkea̯rpmaʃ,,ˈseɾp,zʲmʲaˈja,pemi,ˈsɛɾpe̝,ɔt͡sʰ,ŋuː˧,,ˈan.ɡʷis,,,ˈkæːrme,*zbrul,ˈhusː,ˈmɑdu,,tsʼitsʼilä,sɛʁ.pɑ̃,,tʃūska,ˈʊrm,ula(r),naˈχaʃ,gvɛli,,,,slɑŋ,zmʲɪˈja,xap
with,vəːj˧˦,,mɛd,,də.ŋan,kõ,s,tsäχæn,,,wa̠,,,,ˈiːɲɨz,vɒl,sɤ,tsʼkʼɛlä,n̥ɪ̰ɴ,me̞,s,lʲɛ,ˈkɑːsɑ,,,,,,meː,,ˈkerɑlː,,s,,,,,,,,,,dolajɯˈsijla,,mɪt,kon,mɛ,,mɑt,ma.ʕa,,,ˈʃɔŋɡe,,a,bɒː,,iˈlæ,bɔː,,sʊ,ku,sɑːt̪ʰ,z,mɛt,,s,viː,,kon,ˈyhtes,wɪð,,,,əmb,,to̞,ko̝ŋ,hɛt,kap̚˨˩,,kum,,,ˈkɑnsːɑ,,ˈytːen,ˈkoːs,,kʼälä,a.vɛk,,,meː(d),də.ŋan,am,tʰän,,,,,s,xoɪ.tɛ
sea,ʔɓiən˧˩,,hav,,,maɾ,ˈmɔrɛ,dzuʁwä,,,pa̠da̠,smud̥r,,,ˈme̞r,ˈtɛŋɡɛr,moˈrɛ,zʁvä,pɪ̀ɴlɛ̀,ˈθalasa,mor̝ɛ,,ˈmeri,,,,haːv,taɮai,hɑːʋ,,ˈmeri,s̪ɐ.mud̪.ɽɐ́,ˈmóːrjɛ,,haːi˥,,dʲiŋˈɡɪ̞ð,,ˈmoːʁ,,,seː,,,meːɐ̯,ˈmaɾ,dɛt,,miːə̯,baħr,,,,,moːr,dæɾˈjɒː,,dæˈniz,bæhr,,ˈjuːrɐ,ˈma.re,,,zeː,ˈbaːħɐr,ˈmɔ.ʐɛ,hɛaːv,,ˈmaːre,ˈmeri,siː,ûːlwâːnɮe,,,ˈmar,,⟨umi1⟩,,t͡sɔv,tʰa˦˥.leː˧,,ˈma.re,,,ˈmeri,,ˈmeri,ˈmeri,,zuʁä,mɛʁ,,jūːɾa,ɧøː,laot,,zʁvä,,,,,ˈmorʲe,xaɡɔɹ
see,ɲin˨˩ tʰəj˧˦,unning,seː,tʃu:ɖu,,veɾ,ˈviɟi̯ɛc,lisgdi,ka:ɳuka,no:ʈə,po̞da̠,gʰoeñ,kiˈta,,ˈnæːd̪ɨ,ˈlaːt,ˈviʒdəm,rtsʼqʼɛbä,twḛ,ˈvlepo,ˈvɪɟɛt,fʲɛc,ˈnæhæ,u:ɖa,,,ˈsjauː,ut͡səx,ʃoː,ta:na,ˈnæhæ,pɐ́ɕ.jɐ.t̪i,ˈʋiːdɛti,,,tuʋa:ɾa,,tūk,,,hen˩˧,,ɟœɾmɛc,ˈdiːtɯn,ˈzeː.ən,ˈbeɾ,,kāṇ,ɡeˈzin,ra.ʔaː,huɖa,ˈɡlɛda,ˈd̪ækʰa,d̪ekʰnaː,ɡwɛld,d̪iːˈd̪æn,nu:ʈ,ɡœrˈmæk,diˈdan,no:ku,mɐˈtʲîːtʲɪ,veˈde̯a,d̪eːkʰ.nɑː,ˈbɑt͡ʃete,zin,,ˈvʲi.d͡ʑɛt͡ɕ,ˈsʊt͡ʃːa,ʈunɖpo,veˈde.re,ˈnæhtɑ,siː,ɓoːná,ˈoɑ̯jːtniːh(t),no:ɖə,ˈvəw.ɾə,ˈbat͡ʂɨt͡sʲ,mʲiɾɯ̟ᵝ,,tɛsˈnɛl,hen˩˩˦,no:ɖu,ˈwi.de.oː,tʃu,je:ɾna,ˈnæhdæ,*mtʰoŋ,ˈnækemæ,ˈnægemɑ,,ɔtsʼkʼɔmilu,vwaʁ,no:ɖ,ɾɛdzɛ̂ːt,seː,lihat,,χɛdvä,,no:ʈə,,,ˈvʲidʲɪtʲ,dɛkʰa
rub,tʰwaː˧˧,,,,,ˌes.fɾe.ˈɡa(ɻ),,liχdʒənɛ,,,pibida̠,,,,ˈɨːrɨ,ˈdørʒøl,,tʃirkʰɔli,pʊʔ,triˈvo,tr̝̊iːt,ˈkɪmʲɪlʲ,ˈɤːrtɑː,,,,,,,,ˈhieruo,,,,,,,,,,,,,,ˈʀaɪ̯bnˌ,,fəɾˈkɔj,,ˈʀɑɪvən,,,,,,,mɒːliːˈd̪æn,,,,,,freˈka,rəɡəɽna,ˈtɛrte,ˈvrɛi̯və(n),ˈɔˁːrɔk,tʂɛt͡ɕ,,,strofiˈnare,ˈhostæ,ɹʌb,,,,fɾəˈɡa,,,,,kʰat̚˨˩,,ˈfri.koː,,,ˈhieroɑ,,ˈhɤːrtmɑ,ˈhɤːrumɑ,,ɔkʰurtʃɔlu,fʁɔ.te,,,,,,χäχuni,,,,,tʲɪˈrʲetʲ,ɡʱɔɦa
rain,mɨə˧˧,pɛɾ,ˈʁɑɪ̯ˀn,ʋarʂam,,ˈʃu.vɐ,daːʃc,utʃχɛ,maɻa,maɭe,pi,b̥ʰliaṅ,,,ˈviːm,ˈɛʃøː,dɤʃt,tʃʼvɛmä,mó,vɾoˈçi,ˈdɛːʃc,ˈbˠɑːʃtʲəx,ˈsɑto,ʋa:na,ˈplɥɛ(d)ʒo,,ˈrɪkniŋk,,,ʋa:na,ˈviːmɑ,,ˈdə́ʃ,ˈᶬvú.ɽa,fɯn˨˦,baɾsa,jɑm.ˈʁɯ̞r,vāni,,bɑˈrɑn,,rai̯n,jaːˈmúɾ̝̊,,ˈʁeːɡən,ˈʎubja,ʃiː,maɻai,ʀeːn,,piɾ,dɔʃt,,bɑrɪʃ,ɡlau̯,bɒːˈɾɒːn,meɖutti,jaɣˈɯʃ,bɔːˈrɔːn,maɭe,ljɛˈtʊs,ˈplʷaje,bɑː.ɾɪʃ,dɔʃt͡ʃ,ˈreː.ɣə(n),ˈʃɪtɐ,dɛʂt͡ʂ,ɹɛkn,dʒaɖa:,ˈpjɔddʒa,ˈvihm,ɹeɪn,ímvûːla,ˈarːviː,me,ˈplu.ʒə,doʂt͡ʂ,same,ˈt͡ʃuβja̝,ɑnd͡zˈɾɛv,fon˩˩˦,maɭe,ˈplu.wi.a,tukud,tʃe:p,ˈsɑde,*t͡ɕʰar.pa,ˈvihm,ˈʋihm,flʲaː,mtʃʼimä,plɥi,maɭi,liɛ̂tus,rɛŋn,hud͡ʒan,mɔːˈtˀɔːr,tsʼvimä,ˈɯʃkʲə,mai,bela,rɪə̯(n),doʂtʲ,
fish,kaː˧˦,matʃtʃi:,fesk,tʃe:pa,,ˈpɐjʃɨ,ˈriba,tsuz,mi:n,mi:nə,muɭk͈o̞ɡi,t̥rī,,,ˈkɑlɑː,ˈhɒl,ˈribə,tʃχɔmi,ŋá,ˈp͡sari,ˈrɪba,iəsˠk,ˈkɑlɑ,ki:ke,,fɪʃ,ˈfɪskʏr,t͡saɢəs,,guɖɖi,ˈkɑlɑ,mɐ́t̪.s̪jɐ,ˈrìːba,ˈⁿsó.ᵐba,pʲa˨˦,mi:nə,bɑˈɫɯ̞q,key,,kab,pa᷅ː,fɪsk,bɑ.ˈɫɯk,ˈmɑːsiː,fɪʃ,ˈpeθ,pɛʃk,mi:nə,feʃ,ˈsamaka,mi:n,,mɑtʃʰ,,pəsˈɡɔdɨ̯n,mɒːhiː,mi:n,,mɔːhiː,mi:nə,,ˈpeʃte,mət͡ʃʰ.liː,ˈrɪbɐ,vɪs,,ˈrɨ.ba,ˈfɪskʊɹ,mi:ndu,ˈpeʃːe,ˈkɑlɑ,ˈfɪʃ,ínɬaːnzi,ˈkuo̯lliː,mi:nə,ˈpeʃ,ˈrɨba,uwo,ˈpejʃe̝,d͡zuk,plaː˧,mi:nə,ˈpis.kis,mi:n,indʒo,ˈkɑlɑ,*ȵa,ˈkːɑlɑ,ˈkɑlɑ,jiːst,tʃχɔmi,pwa.sɔ̃,mi:nu,ziws,fɪsk,ikan,daɡ,tʰɛvzi,,mi:nə,,fəs,ˈrɨbə,mas
one,mot̚˧˨ʔ,asit,,okaʈi,sa.tu,ˈũ,ˈjɛdɛn,ɛʃχu,onnə,ondə,ha̠na̠,muay,iˈsa,bir,ˈikʃ,ˈɛɟː,,ärtʰi,tɪʔ,ˈe̞na,ˈjɛdɛn,iːnˠ,ˈyhsi,oɾɾo:ʈ,,,eitn,niɡ,,okko:t,ˈyksi,ɐ́j.kɐ,,ˈmó.d͡zi,it˥,ondʒi,bɪ̞r,ok,ˈỹː.nãn,,nɯŋ˧˧,,biɾ̝̊,ˈjɛk,aɪ̯ns,ˈuno,ɲə,onnə,eːn,waː.ħid,ondi,,æk,,ɨːn,jekʲ,uttə,,,ondʒu,,ˈu.nu,,oˈdɪn,eːn,,ˈjɛ.dɛn,,o:nd,ˈuno,ˈyksʲ,wʌn,,ˈokːta,ondə,ˈun,,it͡ɕi̥,,mɛk,nɯŋ˨˩,ondu,ˈuː.nus,okuʈi,o:nd,ˈyksi,*kt͡ɕik,ˈytːsː,ˈyks,nɛːn,är,œ̃,ʋandə,viɛ̂ns,ɛt,satu,,ɛrtʰi,ɯːn,o:dit,ranɖi,,ɐˈdʲin,ɛk
mother,mɛ˧˨ʔ,,,,,mɐ̃j̃,ˈmatka,di,,,ʌ̹mma̠,m̥ṭāy,,ɑnɑ,ˈje̞mɑː,ˈɒɲɒ,ˈmajkə,didä,,miˈtera,ˈmatka,ˈmˠɑːhəɾʲ,ˈemæ,,ˈmajɾe,ˈmʊtəʁ,ˈmamːa,ix,,,ˈmuɑmo,ɐm.bɑ́ː,ˈmàːti,ˈmá.ji,ma˨˦,,æˈsæj,,ˈmãmː,mor,mɛː˧˧,,anne,,ˈmʊtɐ,ˈmadɾe,,,mɑm,ʔam.ma,,,,,mam,mɒːˈd̪æɾ,,,mɔːdær,,,ˈma.mə,,ˈmɑte,ˈmu.dər,ɔmː,ˈmat.ka,ˈmɔuwɪr,,ˈma.dre,ˈmɑmoi,ˈmʌðə(ɹ),úmʱáːma,ˈea̯dːniː,,ˈma.ɾə,,okakasama,ˈnaj,mɑjɾ,mɛː˥˩,,,,,ˈæiti,,ˈimæ,ˈemɑ,maːɹ,nänä,mɛʁ,,māːtɛ,muːr,ibu,ˈ(ʔ)em,dɛdä,ˈmaːhəɾʲ,,,,matʲ,ma
sky,t͡ɕəːj˨˩,,,,la.ŋit,ˈsɛw,ˈɲɛbɔ,dɛts,,,ha̠nɯɭ,megʰ,,ɑsˈmɑn,ˈt̪ouvɨs,ˈeːɡ,nɛˈbɛ,tsä,káʊɴɡɪ̀ɴ,,ˈnɛbɛ,eːɾˠ,ˈtɑivɑ,,,,ˈhɪːmɪnː,,,,ˈtɑivɑs,,nɛˈbóː,,ɓɯn˨˦,,kʏk,,ˈo.abl,hask,,,ˈɡœcjyz̟y,,ˈhɪml̩,firmaˈmento,,,ˈhimel,sa.maːʔ,,,akaʃ,,ˈau̯ɨ̞r,ɒːsˈmɒːn,,ɡœj,,,dɐŋˈɡʊs,t͡ʃer,,,ˈɦeː.məl,,ˈɲɛ.bɔ,ˈhiːmɪn,,ˈt͡ʃɛ.lo,ˈtɑivɑz,skaɪ,,,,ˈsɛl,ˈnʲeba,so̞ɾa̠,ˈθɛ.ʊ,jɛɾˈkiŋkʰ,faː˦˥,,ˈkae̯.lum,,,ˈtɑiʋɑs,*gnam,ˈtːɑivɑsː,ˈtɑeʋɑs,,tsä,sjɛl,,,,laŋet,,tsä,,,,lœχ,ˈnʲebə,akax
we,t͡ɕʊwŋ͡m˧˦ toj˧˧,,,manamu,kami,ˈnɔʃ,ˈmi,næ,na:m,nanga,uɾi,yoeṅ,ˈnaːmɪn,,ˈme̞ːg,ˈmi,ˈni.ɛ,tʃkʰi,t͡ɕoʊʔto̰,e̞ˈmis,mɪ,mˠɪdʲ,ˈmyː,mana:ɖu,nus,,vɪð,,meː,amdə,ˈmyø,,ˈmíː,ˈi.fe,,jankulu,bɪ̞ð,ām,,muʐ,pʰuak˥˧ hau˦˥,vɛi̯,bɪz,,viːɐ̯,noˈsotɾos,nɛ,na:m,,naħ.nu,mammoʈ,niɛ,,ɦəm,niː,mɒː,o:m,,mɔː,nanga,mʲæːs,noj,ɦəm,ˈmɪ,ʋɛi̯,,mɨ,,na:mu,ˈnoi,ˈmiː,wiː,tʰiːná,ˈmoɑ̯j,nanga,noˈzal.tɾəs,,ɰᵝa̠ta̠ɕi̥ta̠t͡ɕi,,mɛŋkʰ,raw˧,na:ʋu,noːs,a:m,na:m,ˈme,,ˈmiːʔ,ˈmeie,,tʃkʰin,nu,naɳgə,mɛ̄ːs,viː,kami,(ʔ)aˈnaχnu,tʃvɛn,ʃiɲ,amme,mambu,,mɨ,ami
hair,tawk͡p̚˧˦,puʒʒɛ,,veɳʈɾukalu,,kɐ.ˈβe.lu,,pʰätʰw,muɖi,telami,mʌ̹ɾikʰa̠ɭ,sk´,bu.ˈhok,,ˈkoːrɑ,ˈhɒj,koˈsa,tʰumä,zəbɪ̀ɴ,,ˈvlasɪ,ɡɾˠuəɟ,ˈivuz,dʒuʈʈul,,hɔʁ,hauːr,,hoːr,ti:ɾu,ˈhivus,kɐ́j.ɕɐ,ˈláːs,,,ku:dʒal,sæs,tūk,,,,,sat͡ʃ,,haːɐ̯,kaˈbeʎo,ˈcimɛ,muɖi,hoː(e)ʀ,ʃa.ʕa.ra,kel,ˈkɔsa,tʃul,bɒːl,ɡwaːɬd,mo,mi:ɾs,sɑt͡ʃ,,tilami,,,bɑːl,wɔˈlɔsʲːɐ,ɦaːr,ʃaˁːr,ˈvwɔ.sɨ,hɔaːɹ,ta:li,,ˈibus,hɛə,ûːnwéːle,,oɾame,kəˈbəʎ,ˈvoɫas,,kaˈβ̞elʊ,,pʰom˩˩˦,kūdalu,ˈko.ma,tʃendi,tʃuʈʈi,ˈkɑrʋɑ,,ˈkːɑrv,ˈkɑrʋ,,tʰɔmä,ʃə.vø,ta:kəɾə,mats,hoːr,rambot,sa.ʔaˈʁa,tʰmä,,manɖə mi:ɾə,bana,,ˈvoləsɨ,suli
bark,vɔ˧˩,bund,bark,paṭṭa,,,ˈku̯o.ra,tʼɛpʰ,paṭṭa,aʈʈe,na̠muk͈ʌ̹p̚t͡ɕ͈iɭ,,,,ˈkuːor,ˈkeːrɛɡ,koˈra,tʼqʼɛbi,ʔəkʰaʊʔ,,ˈkuːra,ɾˠuːsˠk,ˈkoːri,beɾaɖu,,,ˈpœr̥kʏr,xɔɮtʰəs,,ɖanɖi maɖɖa,ˈkuori,ʋɐl̪.kɐ́,ˈlùːbjɛ,,naŋ˨˦,ketta,qɑˈβɯ̞q,tūk,,,,,,,ˈbɔʁkə,korˈteθa,,paʈʈe,ʃuəl,li.ħaːʔ,to:l,,,cʰal,ˈr̥ɪskl̩,,puʈkoɾi,,pɵːst,to:lu,ʒʲɪəˈvʲěː,,tʃʰaːl,,sxɔrs,,ˈkɔ.ra,ˈpœɹ̥kʊɹ,bʰumi,korˈtettʃa,ˈkorʲ,bɑːk,îːᶢǁʱôːlo,,paʈʈe,əsˈkɔɾ.sə,kaˈra,,,kɛˈʁɛv,plɯa̯k̚˨˩,nāru,ˈkor.teks,tukud,o:ɖak,ˈkuori,,ˈkːuːrʲ,ˈkoːr,ruːs,tʼkʼɛbi,e.kɔʁs,meɾto:lə,,,,,kʰɛrkʰi,,kollutʃo,,bɑs,kɐˈra,ba.kɔ.li
when,xi˧˧ naːw˨˩,,vɔrnɔːr,,ka.pan,ˈkwɐ̃.du,,ʃɔmä,,,ˈɘːnd͡ʑe̞,ʾṅ̥kāl´ṇā,,,ˈkunɑː,ˈmikor,,muʒäms,bɛ̀dɔ̰,ˈpote,ɡdɪ,kəˈhɪnʲ,ˈkɤnz,,,,,,,,ˈkonsɑ,kɐ.d̪ɑ́ː,ˈɡdàːj,,,,ˈqɑsɑn,,,,mɯa˧˧,,,,van,ˈkwando,,,,ma.taː,,ˈkɔɡa,kɒ.kʰɒn,,prɨːd,kʰej,,ˈhɑt͡ʃɑn,,,kɐˈdɐ,kɨnd,kəb,kɔˈlɪ,ʋɑˈneːr,,ˈkʲɛ.dɨ,,,ˈkwando,ˈkonz,ʍɛn,,,,ˈkwan,,nã̠ɲ̟d͡ʑi,,jɛɾpʰ,mɯa̯˥˩,,ˈkʷan.doː,,,ˈkoskɑ,,ˈkːunɑ,ˈmilːɑl,,mundɛs,kɑ̃,,,,bi.lə,maˈtaj,rɔdis,,,,,kɐɡˈda,kɛ.tia
full,ʔɗəj˨˩,puɾ,fuld,ninɖu,,ˈʃɐj.u,pl̩niː,gwɛʃi,niɾaɲa,dumba,,beñ,,,ˈt̪æuʒ,ˈtɛlɛ,ˈpɤlɛn,ɛpʰʃä,pjḛ,ˈpliris,pl̩niː,l̪ˠɑːnˠ,ˈtæynæː,ninɖa:,,,ˈfʏtɬʏr,,,ninɖu,ˈtæysi,,ˈpɔ́ːwn,,,dindʒidunɖu,tuˈɫɯ̞,tūk,,ɖak,,,,ˈtɯʒiː,fɔl,,,niṟainta,fol,mum.ta.liʔ,niɳɖ,,,,ɬau̯n,por,so:kkaije,,pur,dumba,,plin,puːɾn,ˈpɔu̯nei̯,vɔl,,ˈpɛw.nɨ,ˈfʊtlʊɹ,nindpa:,ˈpjɛno,ˈtæyzʲ,fʊl,,,tʰumbe,ˈplə,ˈpou̯nɨ,,ˈt͡ʃeo̝,ˈlikʰə,,tumbidu,ˈpleː.nus,puneʈ,nindka,ˈtæysi,,ˈtːæysː,ˈtæis,lɛdn,jɔpʰʃä,plɛ̃,fullə,pīlns,fɵl,pənoh,,sävsɛ,lɑːn,bʰulo:gam,guɾa,fɔl,ˈpolnɨj,
hold,zɨ˦ˀ˥,,,,,ˌse.ɡu.ˈɾa(ɹ),ˈdr̩ʒac,lirmi,,,tɯɭda̠,kān´,,,ˈpid̪ːɨ,ˈtɒrt,,däkʼinɛbä,kàɪɴ,,dr̩ʒɛt,ˈkɪn̠ʲə,ˈpitæː,,,,ˈhalta,,,,ˈpityæ,,,,,,,,,,tʰɯː˩˨,hɔːdə,,,ˈhaltn̩,aɡwanˈtaɾ,mbaj,,ˈhaːlen,,,,,,dal,,,tutˈmɑχ,,,tʊˈɾʲeːtʲɪ,ˈt͡si.ne,pə.kəɽ.nɑː,,ˈɦɑu̯də(n),,ˈtʂɨ.mat͡ɕ,,,teˈne.re,ˈpidɑdɑ,həʊld,,,,ə.ɡwənˈta,trɨˈmat͡sʲ,,,bərˈnɛl,tʰɯː˩˩˦,,ˈte.ne.oː,,,ˈpitæː,,ˈpːitæmæ,ˈhoidmɑ,,ɔkʰätʃu,tə.niʁ,,tuɾɛ̂ːt,,,,dätʃʼɛrä,kʰuːm,,,ɦœu,dʲɪrˈʐatʲ,
child,ʔɗɨə˧˦ ʔɓɛ˧˦,,barn,,,ˈfi.ʎu,ˈɟi̯e.ca,bɛpʰʃw,,,ʌ̹ɾini,kūn,,ˈbɑlɑ,ˈlæpʃ,ˈɟɛrɛk,dɛˈtɛ,bäʁänä,kʰəlé,peˈði,ˈɟiːcɛ,ˈpˠɑːʃtʲə,ˈlɑhsi,,,kɪnd,ˈpartn,,bɑːrn,,ˈlɑpsi,ɕí.ɕu,ɔˈtrɔ́k,,lɯk˧,,bɑˈɫɑ,,,,,bɛːn,t͡ʃo̞ˈd͡ʒuk,ˈzɑːɾok,kɪnt,ˈixo,,,kant,tˁifl,,ˈdɛtɛ,,,ˈplɛntɨ̞n,bætːʃʰe,,uˈʃɑχ,kɵdæk,,ˈvɐɪ̯ˑkɐs̪,fiw,bət͡ʃ.t͡ʃɑː,deˈtɪnɐ,kɪnt,,ˈd͡ʑɛt͡s.kɔ,ˈpatn,,bamˈbi.no,ˈlɑpsʲ,t͡ʃaɪld,uḿ̩ntwaːna,ˈmaːnnaː,,ˈnən,,ko̞do̞mo̞,ˈne.na,jɛɾɛˈχɑ,luːk̚˥˩,,ˈfiː.li.us,,,ˈlɑpsi,,ˈlɑtːsː,ˈlɑps,,bɛrɛ,ɑ̃.fɑ̃,,bæ̀ːɾns,bɑːrn,anaʔ,ˈje.led,bävʃvi,,,,kənt,rʲɪˈbʲɵnək,sɔli
animal,tʰu˧˦ vət̚˧˨ʔ,,dyːr,,,ˌɐ.ni.ˈmaw,ˈʒivɔt͡ʃiːx,tsχɔwɛl,,,ˈto̞ːŋmuɭ,st̥v,,,ˈje̞lɑi,ˈaːlːɒt,ʒiˈvɔtno,tsχɔvɛli,təɹeɪʔsʰàɴ,ˈzo.o,ˈʒɪvot͡ʃɪx,anʲəvʲiː,ˈʒivɤtːɑ,,,,tiːr,,,,ˈelætːi,pɐ́.ɕu,ʒiˈʋáːw,ˈɲa.ma,,,χɑjˈwɑn,,ˈlo.ɛ̃n,,sat˦˥,,hajˈvan,,tiːɐ̯,aniˈmal,,,dei̯(e)ʀ,ħa.ja.waːn,,ʒiˈvɔtnɔ,,,aˈnɪvai̯l,dʒɒːnˈvæɾ,,,,,ɡʲiːˈʋuːnɐs,a.niˈmal,pə.ʃuː,tʋɐˈrɪnɐ,dir,,ˈzvʲɛ.ʐɛ,t͡ʃɔuːr,,aniˈmale,ˈʒivɑt,ˈænɪməl,isílwaːne,,,ə.niˈmal,,do̞ːbɯ̟ᵝt͡sɨᵝ,,kɛntʰɑˈni,sat̚˨˩,,ˈa.ni.mal,,,ˈelæin,*sems.t͡ɕan,ˈelːæi,ˈloːm,,häjväni,a.ni.mal,,dzîunìɛks,jʉːr,binataŋ,,tsχɔvɛli,,,,,ʐɨˈvotnəjə,
that,ʔɗɔ˧˦,ae,dən,ā,,ˈe.sɨ,tɛn,ɛdʒi,a:,adə,kɯ,noḥ,,,ˈt̪ɑː,ˈɒz,ˈɔnzi,tʰinä,hò,,ˈtamtɛn,ənˠ,ˈtoː,addu,,,,,,ad,ˈtuo,,,,,aʋu,,ā,,,,,ʃu,,ˈjeːnɐ,ˈese,,anta,,ðaː.li.ka,adu,,,,ˈhʊnʊ,ɒːn,adə,ɔ,,aʋe:,,aˈt͡ʃela,,,dɑt,,ˈtam.tɛn,,a:du,ˈkwello,ˈse,ˈðæt,,,adə,əˈkəʃ,toj,⟨so2 no2⟩,,ɑjd,nan˥˩,ā,ˈis.te,adə,hu:,ˈtuo,,ˈtːuː,ˈtoː,,ɛjä,sə,adə,tas,dɛnː,itu,,is,ʃɪn,adhə,et,,tot,
wet,ʔɨət̚˧˦,,vɔːd,,,muˈʎaðu,ˈmokriː,məʒir,,,,,,,ˈkɑʒːi,ˈnɛdvɛʃ,,ʃɔliri,sò,,ˈmokriː,fʲlʲʊx,ˈmærtʃæ,,,,ˈvɔːtʏr,t͡ɕʰiːɡ,,,ˈmærgæ,,ˈmòːkər,,,,jɪ̞ˈwɪ̞ʃ,,,lund̪,,,,,nas,moˈxado,,,naːs,,,,,ɡiːlaː,ɡwlɨːb,xiːs,,,,,,ud,ɡiːlaː,,nɑt,,ˈmɔ.krɨ,,,baɲˈɲato,ˈmærg,wɛt,,,,ˈmɔʎ,ˈmokrɨ,nɯ̟ᵝɾe̞ɾɯ̟ᵝ,,tʰɑt͡sʰ,pia̯k̚˨˩,,ˈuː.dus,,,ˈmærkæ,,ˈlikːɤ,ˈmærg,,ʃu,mu.je,,slapʲʃ,voːt,basah,,svɛli,flux,,,,ˈmokrɨj,ti.ta
wash,zɨə˧˩,,,,,lɐˈvaɾ,,liʃqʼwdi,,,ɕ͈it̚t͈a̠,lāṅ,maɡ.ˈhu.ɡas,,ˈpie̞zzɨ,ˈmoʃ,,rtʃχuälä,sʰé,,miːt,nʲɪɟ,ˈpezeɑ,,,,θvɔː,,,,ˈpesːæ,,,,,,,,,,,,,,ˈvaʃən,,,,,,,,,d̪ʱuːn̪aː,ˈɡɔlχɪ,ʃostæn,,juˈmɑχ,ʃustæn,,,,ˈd̪ʱoː.n̪ɑː,,ˈʋɑsə(n),,mɨt͡ɕ,,,,ˈpestɑ,wɒʃ,,,,rənˈta,,a̠ɾa̠ɯ̟ᵝ,,ləˈvɑl,laːŋ˦˥,,ˈla.woː,,,ˈpestæ,,ˈmɤsːkːmɑ,ˈpesemɑ,,ɔtʃχu,la.ve,,mazɡâːt,,,,rɛtsχvä,,,,,mɨtʲ,dʱʊa
wide,zəwŋ͡m˧˨ʔ,,,,,ˈlaɾ.ɡu,,mäʃri,,,nʌ̹ɭt͈a̠,l̥h,ma.ˈla.pad,,ˈlɑigɑː,ˈseːlɛʃ,ʃiˈrɔk,pʰärtʰɛ,t͡ɕɛ̀,,ˈʃɪrokiː,ˈl̠ʲahənˠ,ˈlɑdʲdʲɑ,,,,ˈpreiːðʏr,ɵrɡəŋ,,,ˈlevei,,,,,,ˈkʲiŋ,,,,kwaːŋ˥˧,,vaːˈsiː,,bʀaɪ̯t,ˈaɲ.tʃo,ˈɟ͡ʝɛ.ɾə,,bʀeːt,waː.siʕ,,,,,ˈɬədan,,,,,,,larɡ,t͡ʃɔː.ɽɑː,ʃeˈrɔkei̯,,,ʂɛˈrɔ.kʲi,ˈpɹaijʊɹ,,ˈlarɡo,ˈleved,waɪd,,,,,ʂɨˈrokʲi,,,lɑjn,kwaːŋ˥˩.jaj˨˩,,ˈlaː.tus,,,ˈleʋeæ,,ˈlɑkʲɑ,ˈlɑi,,mbɔli,laʁʒ,,plats,viːd,,,pʰärtʰɔ,,,,,ʂɨˈrokʲɪj,bɔ.ɦɔl
foot,ʔɓaːn˨˩ t͡ɕən˧˧,nat,foːd,aɖugu,,ˈpɛ,ˈnɔɦa,lägæäm,aṭi,anga:l,pa̠ɭ,joeṅ,,,ˈlɑbɑː,ˈlaːb,stəˈpalo,närtʃäkʼutʃχi,t͡ɕʰè/,ˈpoði,ˈnoɦa,kɔsˠ,ˈʝɑlkɑ,aɖugu,pɛ,fʊs,,,fuːt,dʒeʈʈa,ˈjɑlkɑ,pɐ́d̪,stɔˈpàːlɔ,ˈpʰa.zí,tin˨˦,ka:lə,,tūk,,,,,ɑˈjɑk,ˈpiː,fuːs,pje,kəm.bə,aɖi,fou̯s,ra.d͡ʒi.la,ka:l,,,,troːɨ̯d,pɒː,ko:l,ɑˈjɑχ,pɔːj,ka:lə,,piˈt͡ʃjor,pɛːɾ,,vut,,ˈstɔ.pa,ˈfɔuːtʊɹ,ɾaɖadu,ˈpjɛde,ˈjoug,fʊt,úːɲaːwo,,anga:lə,ˈpɛw,naˈɣa,a̠ɕi,ˈpɛ,vɔtkʰ,tʰaːw˦˥,aḍi,peːs,pa:dam,kʰeɖ,ˈjɑlkɑ,,ˈjɑlk,ˈjɑlg,,tʼäbu,pje,ka:lə,,fuːt,kaki,ˈʁɛɡɛl,tʼɛrpʰi,kʰas,tapaɖ,pa:dami,,nɐˈɡa,
come,laːj˧˨ʔ,banning,kɔmə,ʋatʃtʃu,da.taŋ,ˈviɾ,,liqʰɛd,ʋaɾuga,ba:,o̞da̠,mk,pu.mun.ˈta,,ˈt̪uːld̪ɑ,ˈjøn,,mɔulä,là,ˈeɾxome,ˈpr̝̊ɪxaːzɛt,t̪ˠaɾˠ,ˈtulɤɑ,ʋa,,ˈkʊmən,ˈkʰɔːma,irəx,,ʋa,ˈtulːɑ,,ˈprìːti,,tau˥,baɾaɾa,,ver,,rɑˈt̪ləl,maː˦˥,,ɡælˈméc,ˈhɑːtɯn,ˈkɔmən,beˈniɾ,,ʋa:,,d͡ʒaː.ʔa,ʋa,,,an̪a,doːd,ɒːmæˈd̪æn,pa:ɾti,,ɔːmædæn,ba:,ɐˈtʲɛjːtʲɪ,veˈni,ɑːn̪ɑː,,ˈkoːmə(n),,pʂɨˈxɔ.d͡ʑit͡ɕ,,baɾəa:,veˈnire,ˈtuldɑ,kʌm,za,,pappa,vəˈni,,kɯ̟ᵝɾɯ̟ᵝ,,ɡɑl,maː˧,baru,ˈwe.ni.oː,ʋa,baɾna,ˈtulːɑ,*joŋ,ˈtːulɤmɑ,ˈtulemɑ,,mɔlvä,və.niʁ,ba:ɾ,nāːkt,ˈkɔmːa,dataŋ,,mɔsvlä,hikʲ,bʰulo:gam,,kɔm,prʲɪxɐˈdʲitʲ,aʱ
guts,,,,,,,,tʃʼintʃʼil,,,,,,,ˈsuːold̪,ˈbeːl,,tʃʼi,ʔù,,,ˈɪn̠ʲiː,ˈsoːlɤd,,,,,,,,ˈsuonet,,,,,,,,,,,,,,ˈaɪ̯nɡəvaɪ̯də,,,,,,,ˈt͡srɛva,,,,,,,,,,,,,,,,,,,ˈsoliʃt,ɡʌts,,,,,,,,pʰoɾoˈtikʰ,,,,,,ˈsuolisto,,ˈsːoːlikuʔ,ˈsoːled,,tʃʼu,ɑ̃t.ʁaj,,,,,,nätsʼlävi,,,,,kʲɪʂˈkʲi,
other,xaːk̚˧˦,,andrə,,,ˈo(w).tɾu,ˈdruɦiː,iʃgɛn,,,ta̠ɾɯn,,,,ˈmuː,ˈmaːʃik,druk,ʃχvä,ʔət͡ɕʰá,,ˈdruɦiː,ˈɛlʲə,ˈmuː,,,,,,,,ˈtoini,,ˈdrùːɡi,,,,bɑʂˈqɑ,,ˈalː,bəl,,,di(j)eɾ,,ˈʔandəʀə,ˈotɾo,,,,,,,,,ˈaraɬ,diːˈɡʲæɾ,,bɑʃˈkɑ,,,,alt,ənj,ˈinʃɪj,ˈɑn.dər,,ˈin.nɨ,,,ˈal.tro,ˈtoine,ˈʌðə(ɹ),,,,,ˈjinʂɨ,ho̞ka̠,,ɑjl,ʔɯːn˨˩,,ˈal.ter,,,ˈmuː,,ˈtːɤːnɤ,ˈteine,,tʃkʰvä,otʁ,,,,,,sχvä,ˈelə,,,,drʊˈɡoj,an
mountain,nuj˧˦,maʃ,bjɛrv,konɖa,,mõ.ˈtɐ.ɲɐ,ˈɦɔra,läχw,mala,kundə,sʰa̠n,b̥ʰnṃ,,tɑʁ,ˈmæg,ˈhɛɟ,pləniˈna,gɔlä,tàʊɴ,ˈo̞ro̞s,ˈɦora,ʃlʲiəvˠ,ˈmætʃi,gubal,,,fjatl,ʊːɮ,fjɛlː,danɖime:ʈ,ˈmægi,pɐ́ɽ.ʋɐ.t̪ɐ,ɡɔ̀ːra,ˈpʰi.ɽi,pʲa˨˦,da:ɾi,tɑw,tūk,,ɣar,pʰu᷄ː,bɛrx,dɑː,ˈt͡ʃiːjɑː,bɛrk,monˈtaɲa,mal,malai,biə̯χ,d͡ʒa.bal,meʈʈa,,pɔrbɔt,pəhɑːɽ,ˈmənɨ̞ð,kuːh,tiʈʈə,,,kundə,ˈka͡l.nɐs,ˈmuntɛ,pə.ɦɑːɽ,ɦɔˈrɑ,bɛrx,,ˈɡu.ra,fjatl,be:ɖo paha:ɖi,monˈtaɲɲa,ˈmægi,ˈmaʊntɪn,íntaːɓa,ˈvaːrriː,male,,,ja̠ma̠,monˈtaɲa̝,lɛr,pʰuː˧,beʈʈa,mons,kappe,paɾta,ˈʋuori,*ri,ˈmæki,ˈmægi,slʲuː,gɔlä,mɔ̃.taɲ,bəʈʈə,kâlns,bɛrj,ɡunoŋ,haʁ,mtʰä,,ʋe:ʈume,,,ɡɐˈra,
liver,ɣaːn˧˧,dʒagaɾ,leːvər,ka:lejamu,ha.ti,ˈfi.ɡɐ.du,ˈpɛtʃɛɲ,qʼwiʒɛ,īral,tombe,ka̠nd͡ʑa̠ŋ,t̥ʰloem,,,ˈmɑksɑː,ˈmaːj,ˈtʃɛrɛn drɔp,tʃχɔntʃχi,ʔəθɛ́,,ˈjaːtra,eː,ˈmɑksɑ,ka:dʒam,,,ˈlɪːvʏr,iɮəɡ,ˈleːʋɛr,kaleja,ˈmɑksɑ,jɐ́.kr̩t̪,ˈjèːtra,t͡ʃíˈw⁽ᵝ⁾i.ⁿdi,tap˥,mannə,bɑˈwɯ̞r,taruṅg,ˈɑːvy,,tap˦˥,,kaɾadʒiːeɾ,,ˈleːbɐ,ˈiɡado,,i:ɾaɭ,ˈliəvɐ,kab.ba.da,taɾki,ˈd͡ʒiɡɛr,,,ˈavɨ̞,dʒeɡæɾ,kuɖa:l,,dʒiɡær,tombe,,,,,ˈleːvər,,vɔnˈtrɔ.ba,ˈliːvʊɹ,tʃedɾo,ˈfeɡato,ˈmɑks,lɪvə(ɹ),ísiɓîːndi,,,ˈfe.d͡ʒə,ˈpʲet͡ʂanʲ,kã̠nd͡zo̞ː,,ljɑɾtʰ,tap̚˨˩,hīri,ˈje.kur,taɖing,umbalkʰo,ˈmɑksɑ,,ˈmɑsːsː,ˈmɑks,eːn,dʒigɛri,fwa,tədlə,aknas,,hati,,ʁvidzli,,i:ru,,,ˈpʲet͡ɕɪnʲ,
sand,kaːt̚˧˦,ɾe:k,san,isuka,,ɐˈɾɐjɐ,ˈpi̯ɛsɔk,kʰwiʃɛ,maɳal,maɳa,mo̞ɾe̞,k̥ʰsāc´,,qum,ˈjɨugɨ,ˈhomok,ˈpʲasək,kʰviʃä,θɛ́,,ˈpiːsɛk,ˈɡanʲəvˠ,ˈliːvɑ,isike,ˈsaβlo,,ˈsantʏr,,sɑnd,usuka,ˈtʃuːru,,ˈpèːsək,mˈt͡ʃe.ᵑɡa,θa˨˦,pojja,qʊ̞m,man,tʁɛs,,,,kum,,zant,aˈɾena,,maɳal,zɑnt,raml,uske,,,,,,manal,,reɡ,maɳə,,niˈsip,ɾeːt̪,pʲiˈsɔk,zɑnt,,ˈpʲa.sɛk,,ba:li,ˈsab.bja,ˈlete,sænd,ísiɬaɓâːtʰi,ˈsaːttuː,pakke,ˈso.rə,pʲaˈsok,sɨᵝna̠,ˈʃaβɾe̝,ɑˈvɑz,saːj˧,maraɭu,aˈreː.na,ma:n,tʃalkuɾu,ˈhiekːɑ,,ˈliːv,ˈliːʋ,ˈɡʲanʲax,ʁumi,sɑbl,maɳalə,,,pase(r),,kʰviʃä,,bʰulo:gam,bali,sant,pʲɪˈsok,ba.li
spit,ɲo˧˩,,spøtɘ,,,kuʃ.ˈpiɾ,ˈpʎuc,litʼbənɛ,,,,,,,ˈsiʎgɨ,ˈkøp,,pʰurtʼinuä,tʰwé,ˈfti.nɔ,ˈplɪvnou̯t,,ˈsylːetæ,,,,ˈr̥aiːca,,,,ˈsylgie,,,,,,,,,,,,,,ˈʃpʊkŋ̩,eskuˈpiɾ,,,,ba.sˁa.qa,,ˈpɫuka,,,,,,,,,,,t̪ʰuːk.nɑː,,,,plut͡ɕ,,,spuˈtare,ˈsylʲktɑ,spɪt,,,,,,t͡sɨᵝba̠,kusˈpiɾ,tʰəˈkʰɛl,,,ˈspu.oː,,,ˈsylkeæ,,ˈsːylkæmæ,ˈsylitɑmɑ,,ntʃʼkʼväläpʰä,kʁa.ʃe,,spʎāwt,,ludah,,pʰurtʰχɛbä,,,,,plʲɪˈvatʲ,tʰu pɛ.lʊa
cut,kat̚˧˦,,skɛːrə,,,kuɾˈtaɾ,ˈrɛzac,likʰtʃɛ,,,k͈ɯntʰa̠,kāt´,,,ˈiːe̞d̪ɨ,ˈvaːɡ,,tʃʼkʼiruä,kaɪʔ,,ˈr̝ɛzat,ɟaːɾˠ,ˈlɤikɑtɑ,,,,ˈscɛːra,,,,ˈleikɑtɑ,,rézati,,,,,,,,,,cesmec,,,,,,,,,,kɑʈɑ,,ˈtɔrɪ,boɾiːˈdæn,,kæsˈmæk,,,,,kɑːʈ.nɑː,,ˈsnɛi̯də(n),,t͡ɕɔɲt͡ɕ,,,taʎˈʎare,ˈtʃɑptɑ,kʌt,,,,təˈʎa,,kʲiɾɯ̟ᵝ,,kətˈɾɛl,tat̚˨˩,,ˈin.se.koː,,,ˈleikɑtɑ,,ˈlɤikːɑmɑ,ˈlɤikɑmɑ,,ɔtʃʼkʼiru,ku.pe,,ɡrīɛ̄st,ˈɧæːˌra,,,tʃʼrä,kʲaːrˠ,,,,ˈrʲezətʲ,kɔ.ta
bone,sɨəŋ˧˧,aɖɖə,knɔɡlə,jemuka,,ˈo.su,ˈkɔsc,dʒidʒw,ellə,mu:ɭe,,c̥ʰʾẏṅ,,,ˈluː,ˈt͡ʃont,kɔst,dzväli,ʔəjó,o̞ˈsto̞,kost,knɑːvʲ,ˈluː,bu:la:,ˈɔs,,ˈpeiːn,,bæɪn,bokka,ˈluː,ɐ́s̪.t̪ʰi,ˈkóːst,ˈfú.pa,,ellə,hʏ̞.ˈjæk,būla,ˈas.kɔrn,,,,ceˈmic,,ˈknɔχn,ˈweso,,elumbə,ʃɑŋk,ʕaðˁm,bokka,,,,,ostoxɒn,elf,syˈmyk,ustuxɔːn,mu:ɭe,ˈkä̂ˑʊ̯ɫɐs̪,os,ɦəɖ.ɖiː,,beːn,ˈaˁːdmɐ,kɔɕt͡ɕ,bain,o:tʃuldi:,ˈɔsso,ˈlu,boʊn,îːtʰâːmbo,ˈtaːkːtiː,ilə,ˈɔs,kosʲt͡sʲ,pone,ˈɔso̝,vɔsˈkɔɾ,kra˨˩.duːk̚˨˩,jelubu,oːs,tukud,kʰotʃol,ˈluː,,ˈluː,ˈluː,kreːw,qʼvili,ɔs,jaləʋə,,ˈbeːn,tulaŋ,ˈʕɛsˀɛm,dzväli,,jeluʋə,,,kosʲtʲ,
near,ɣən˨˩,,nɛːr,,dəkat,ˈpɛɾ.tu,,pʰɛdiä,,,ka̠k͈a̠p̚t͈a̠,jit,,,ˈle̞ʒgɨl,ˈkøzɛl,ˈblizək,χɔlɔ,ní,,ˈbliːskiː,d̪ˠlˠuː,ˈlitʃi,,,,,,næːr,,ˈlæsːæ,,,,,,jɑ.ˈqɯ̞n,,,niɡˈde,,,jaˈkɯn,,naː,ˈθerka,,,,qa.riːb,,,,,,næzˈd̪iːkʲ,,jɑχˈɯn,,,,a.ˈpro̯a.pe,,,,ʔriːp,ˈblʲis.kʲi,,,viˈtʃino,ˈlæz,nɪə(ɹ),,,,,ˈblʲiskʲi,,,mɔt,klaj˥˩,,proˈpin.kʷus,,,ˈlæhelːæ,,ˈlæhkːyn,ˈlæhedɑl,,χɔlɔs,pʁɛ,,,,dəkat,,äχlɔ,dɫ̪uː,,,,ˈblʲiskʲɪj,
suck,ʔɓu˧˦,,,,,,,litʃigw,,,p͈a̠ɭda̠,jp´,,,ˈimːɨ,ˈsopik,,tsʼuälä,soʊʔ,,,sˠuːɟ,ˈimiæ,,,,ˈsjuːa,xɵxəx,,,ˈimie,,,,,,,,,,,,ɛˈmːɛc,ˈmeːʒiːn,ˈzaʊ̯ɡən,t͡ʃuˈpaɾ,θiθ,,,masˁ.sˁa,,ˈt͡sit͡sa,tʃoʃɑ,,,mækʲiːˈdæn,,,mækidæn,,ˈtʲʃʲʊlʲpʲtʲɪ,ˈsu.d͡ʒe,,,ˈzœy̯.ɣə(n),,ssat͡ɕ,,,,ˈimedɑ,sʌk,,,,ʃuˈkla,smaktat͡sʲ,,t͡ʃuˈt͡ʃaɾ,t͡səˈt͡sɛl,duːt̚˨˩,,ˈsuː.ɡoː,,,ˈimeæ,,ˈnutsːimɑ,ˈimemɑ,,ɔtsʼu,sy.se,,sùːkt,,hisap,,tsʼɔvä,ˈtʲo.al,,,,sɐˈsatʲ,
know,ʔɓiət̚˧˦,tʃa:ing,,eṟāgu,ta.hu,sɐ.ˈbeɾ,ˈvɛɟi̯ɛc,mäχäl,aɾajuga,aɾi,ˈa̠ːɭda̠,cer,,,ˈt̪iːe̞d̪ɨ,ˈtud,,rtʃkʰinä,θḭʃḭ,ˈksɛ.ɾɔ,ˈvjɛɟɛt,,ˈtæːtæː,teluse:,,vɪsn̩,ˈvɪːta,mitəx,,uɾtanɖa:t,ˈtietyæ,,,,ɣo˦˨,teɾijaɾa,,pun,,poˈheˈdəl,huː˥˧,,bilˈmɛ́c,ˈzɑːniːn,ˈvɪsn̩,saˈbeɾ,di,aṟi,,ʕa.li.ma,jeɾpaʈ,,,dʒanːa,ˈmɛdrɨ̞,d̪ɒːnesˈt̪ʰæn,aɾspini,bilˈmæk,dɔːnistæn,aɾiʋo,ʒɪˈnoː.tʲɪ,ʃti,ˈd͡ʒɑːn̪.n̪ɑː,ˈznɑte,ˈʋeːtə(n),,ˈvʲɛ.d͡ʑɛt͡ɕ,,ha:hpo,saˈpeː.re,ˈtetɑ,nəʊ,,,aɾaʋə,səˈbə,ˈvʲedat͡sʲ,,,ɡitɛˈnɑl,ruː˦˥,ari,ˈski.oː,sun,akʰna,ˈtietæː,*ɕes,ˈtːiːtmæ,ˈteɑdmɑ,,ɔtʃkʰinu,savwaʁ,gott(ə) uɳɖi,zinâːt,veːta,tahu,ˈjeda,tsɔdnä,,asu:bej,,vɪət,znatʲ,
night,ʔɗem˧˧,nam,nad̥,ɾa:tɾi,ˈmalam,ˈnoj.tɨ,ˈnɔt͡s,lɛtʰ,ɾa:tɾi,bajiʈə,pa̠m,yp´,ɡɐˈbi,,ˈiːe̞,ˈeːjsɒkɒ,nɔʃt,sɛri,ɲa̰,ˈnixta,not͡s,ˈiːhə,ˈøː,mulipe,ˈnɥɛtʃ,,nouʰt,,nɑtː,siɾbedin,ˈyø,ɽɑ́ːt̪.ɽi,noːtʃ,,hɯn˧˩,ɾa:tɾe,tʏ̞n,tūk,,,,ˈnaxt,ɟe̞ˈdʒɛ,ˈʃɛv,naxt,ˈnot͡ʃe,ˈnaːt,iɾa:ʋə,ˈnuə̯ɕt,laj.la,naɾkaɖ,nɔc,,raːt̪,noːs,ʃæb,ekka:ɖə,,,andi,nɐkˈtɪs,ˈno̯ap.te,ɾɑːt̪,ˈnʲit͡ʃ,nɑxt,lɛjl,nɔt͡s,nɔʰtː,ɾa:ti,ˈnɔtːe,ˈø,naɪt,úɓusûːɠu,ˈiɟɟa,iɾə,ˈnit,not͡ʂ,⟨yo1ru⟩,ˈnojt̪ɪ,ɡiˈʃɛɾ,klaːŋ˧.kʰɯːn˧,ɾa:tɾi,noks,tukud,ma:ha,ˈyø,,ˈɨː,ˈøː,ɛi,sɛri,nɥi,ədlə,nakts,natː,,ˈlaj.la,ʁämɛ,,e:lumaɾam,la:n,naχ,not͡ɕ,ɹati
small,ɲɔ˧˩,tʃunak,lilə,tʃinna,kə.tʃil,pɪ.ˈke.nʊ,ˈmaliː,χɔχrä,tʃeɾija,tʃeɾijadə,ˈt͡ɕa̠ːk̚t͈a̠,tūc,,kiˈt͡ʃik,ˈpiʃki,ˈkit͡ʃi,ˈmalək,tʃʼitʃʼɛ,θé,miˈkro̞s,ˈmaliː,bʲɔɡ,ˈpeːni,tʃinnad,,ˈkleɪn,smauːr,,,sinna,ˈpieni,,ˈmáːjxən,,,kiɲa,bæ.læˈkæj,cin,,waˈɺ̢ukai,,,cyˈtʃyc,,klaɪ̯n,peˈkeɲo,ˈvɔɡəl,ciṟiya,n,sˁa.ɣiːr,tʃinna,maɫ,,t͡ʃʰoː.ʈɑː,baːχ,kʰuːtʃʰækʲ,ke:ɾu:ɖə,kiˈt͡ʃik,,tʃeɾija,ˈmaːʒɐs,mik,t͡ʃʰoː.ʈɑː,mɐˈlɛnʲkei̯,klɛi̯n,zaˁjr,ˈma.wɨ,,ɾikʋa:di,pikˈko.lo,ˈpenʲ,smɔːl,,,kunnadə,pəˈtit,maˈlʲenʲkʲi,tipisasi,peˈkeno̝,ˈpʰɔkʰəɾ,lek̚˦˥,tʃikkadu,ˈpar.wus,kande:k,sanni,ˈpieni,*t͡ɕʰuŋ.t͡ɕʰuŋ,ˈvæikːu,ˈʋæike,,tʃʼutʼä,pə.ti,kiɾi,,ˈliːˌtɛn,,,pʼätʼärä,pek,guntə,,,ˈmalʲɪnʲkʲɪj,xɔ.ɹu
back,lɨŋ˧˧,,,,,ˈkɔs.tas,ˈxr̩baːt,tʃʼätʃʼær,,,tɯŋ,k̥ʰnṅ,,,ˈsæːlgɑ,ˈhaːt,ɡrɤp,ɔtʃʼiʃi,t͡ɕɔ́,,ˈzaːda,d̪ˠɾˠiːmʲ,ˈseltʃæ,,,,paːk,,,,ˈselkæ,,ˈxərbət,mˈsá.na,,,ɑrˈqɑ,,ˈkɛjn,,laŋ˩˧,rɛːx,,,ˈʁʏkn̩,esˈpal.da,ʃpiːn,,ʀek,ðˁa.ha.ra,,ɡr̩p,,,,pʰoʃt̪ʰ,,,puʃt,,ˈn̪ʊɡɐrɐ,,piːʈʰ,,rʏx,,ˈplɛ.t͡sɨ,,,ˈskjɛna,ˈselg,bæk,uḿ̩ɬaːné,,,əsˈkə.nə,ˈsʲpʲina,,ˈlombo̝,mɛt͡ʃʰkʰ,laŋ˩˩˦,,ˈdor.sum,,,ˈselkæ,,ˈsːælk,ˈselg,d̪riːm,kʼäpʼulä,do,,,rʏɡ,bəlakaŋ,,zurgi,kʰuːɫ̪,,,rœχ,spʲɪˈna,pi.tʰi
water,nɨək̚˧˦,di:r,vand,ni:ɾu,a.ʔɪr,,ˈvɔda,lits,ʋellam,ni:ɾə,muɭ,dẏk,ˈtu.biɡ,su,ˈve̞ʒ,ˈviːz,,tsʼqʼäri,jè,neˈro,ˈvoda,ˈɪʃcɪ,ˈvesi,e:ɾu,,,vaʰtn,ʊs,ˈʋɑtn̩,i:ɾ,ˈvesi,ɐ́p,,ˈma.d͡zí,ɣam˦˨,ni:ɾə,hɯ̞w,nīr,ˈduːʁ,obə,nam˥˦,ˈvɛtər,ˈsu,,ˈva.sɐ,ˈaɡwa,ˈujə,taɳɳi,ˈvaːsɐ,maːʔ,jeɾ,,dʒɔl,pɑːniː,duːr,ɒːb,ni:ɾ,su,ɔːb,ni:ɾu,,ˈapə,pɑː.niː,wɔˈdɑ,ˈʋaːtər,,ˈvɔ.da,vaʰtn,hamdu,,ˈvezi,ˈwɔːtə,ámáːnzi,ˈt͡ʃaːht͡siː,ni:ɾə,ˈaj.ɡwə,vaˈda,⟨mi1du⟩,ˈaw.ɡa,d͡ʒuɾ,naːm˦˥,ni:ɾu,ˈa.kʷa,ni:r,amm,ˈʋesi,*t͡ɕʰu,ˈvesːi,ˈʋesi,ˈuʃtʲə,tsʼkʼäri,o,ni:ɾə,ûːdɛns,ˈvatːɛn,,,tsʼqʼäli,ˈɯʃkʲə,ni:ɾ,eju,ˈvɑːtər,vɐˈda,pa.ni
river,səwŋ͡m˧˧,,,,,ˈʁi.u,ˈri̯ɛka,tʃʼälæ,,,ka̠ŋ,dn̥le,,,ˈjoug,ˈfojoː,rɛˈkɤ,mältsʼqʼäri,mjɪʔ,,ˈr̝ɛka,əunʲ,ˈʝɤgi,,ˈrriw,,fljouːt,,,,ˈjogi,n̪ɐ.d̪íː,ˈrèːka,mˈt͡sí.ⁿd͡ʒe,ta˧,,jɯ̞ɫˈʁɑ,,ˈstɛːr,siŋd̪,mɛː˧˧ nam˥˧,,,ˈt͡ʃɛm,flʊs,ˈri.o̞,,,flos,nahr,,,nod̪i,nədiː,ˈavɔn,ɾuːd̪,,,rɵd,,ˈʊpʲeː,rɨw,nədiː,rʲiˈkɑ,riːˈviːr,ˈʃmɐːrɐ,ˈʐɛ.ka,ɔaː,,ˈfju.me,ˈjogi,ˈɹɪvə,uḿ̩fuːla,ˈjohka,,ˈriw,raˈka,kapa,ˈri.o̝,ɡɛt,mɛː˥˩.naːm˦˥,,ˈfluː.men,,,ˈjoki,,ˈjɤki,ˈjɤgi,aunʲ,ɔrubä,flœv,,,fluːd,suŋai̯,naˈhaʁ,mdinärɛ,,,,rəˈfiːr,rʲɪˈka,noɪ
green,maw˨˩,guanakki,ɡrœn,patʃtʃa,,ˈveɾ.ðɨ,ˈze̞.ɫe̞.niː,jərʒi,patʃtʃa,patʃtʃe,no̞ks͈e̞k̚,paitṅ,,jeˈʃil,ˈoːʎɑz,ˈzøld,zɛˈlɛn,tsʼvänɛ,séɪɴ,ˈpɾasinos,ˈzɛlɛniː,ɡlˠasˠ,ˈrohoin,patʃtʃa,ˈbert,ɡʁin,kraitn,,,niguɾ,ˈvihrie,,zɛˈlɛ́n,,,patʃtʃe,jæˈʃɪ̞l,pay,,zərˈɣun,,ɣriə̯n,jeˈʃil,,ɡʁyːn,ˈberde,ˈɟɛlbəɾ,patʃtʃə,ɡʀeŋ,ʔax.dˁar,patʃtʃad,,,,ɡwɨ̞rð,sæbz,patʃtʃai,jɑˈʃɯɫ,,patʃtʃe,,ˈver.de,ɦə.ɾɑː,zeˈlɛnei̯,ɣrun,ˈɐħdɐr,ʑɛˈlɔ.nɨ,,ɾanalo,ˈver.de,ˈvihɑnd,ɡɹiːn,,,patʃtʃe,ˈvɛɾt,zʲaˈlʲonɨ,mʲido̞ɾʲi,ˈbeɾðe̝,kɑˈnɑt͡ʃʰ,kʰia̯w˩˩˦,hasiru,ˈwi.ri.dis,tukud,haɾija:ɾ,ˈʋihreæ,*ld͡ʑaŋ.kʰu,ˈrohilinɤ,ˈroheline,,χäntʃʼɛni,vɛʁ,passla:ngi,zaʎʃ,ɡrøːn,hid͡ʒau̯,jaˈʁok,mtsʼvänɛ,ˈuəɲə,patʃtʃə,a:kupatʃtʃa,,zʲɪˈlʲɵnɨj,xɛu.zia
head,ʔɗəw˨˩,ka:ʈum,hoːvəd,tala,kə.pa.la,kɐ.ˈβe.sɐ,ɦɫava,tʰχwim,tala,maɳɖe,mʌ̹ɾi,k̥pāl,,,ˈpæː,ˈfɛj,ɡləˈva,dudi,ɡáʊɴ,ce̞ˈfali,ˈɦlava,caun̪ˠ,ˈpæː,talaka:j,kap,,hœːvʏθ,tʰɔɮɢɔi,,tal,ˈpiæ,,ˈɡlàːʋa,ˈmu.tú,kʲau˥,manɖa,ˈbɑʂ,tel,pɛ̃n,,hua˩˨,ˈholə,ˈbɑʃ,,kɔpf,kaˈbeθa,kɔkə,talə,,ra.ʔa.sa,talla,,mat̪ʰa,,pɛn,sæɾ,maʈʈə,bɑʃ,sær,tile,,kap,sɪɾ,ɦɔlɔˈu̯ɑ,ɦoːft,ˈrɐːs,ˈɡwɔ.va,hœtː,kukudu,ˈtɛs.ta,ˈpæ,hɛd,îːkʰâːnda,ˈoɑ̯jːviː,manɖe,ˈkap,ɣaɫaˈva,a̠ta̠ma̠,ˈtɛsta̝,ɡəˈluχ,hua̯˩˩˦,tale,ˈka.put,ta:l,kuk,ˈpæː,*mɡo,ˈpːæː,ˈpeɑ,caun,dudi,tɛt,maɳɖi,ɡâlva,ˈhʉːˌvɵd,kəpalə,ʁɔʃ,tʰävi,,manɖə,tɾajun,,ɡəlɐˈva,muɹ
float,noj˧˩,,,,,,,,,,,,,,ˈpluːokst̪ɨ,ˈlɛbɛɡ,,pʰäpʰäpʰi,mjɔ́,,ˈplavat,,ˈuʝuɑ,,,,,,,,ˈkeiluo,,,,,,,,,,,,,,ˈtʀaɪ̯bm̩,,,,,,,,,,,,,,,,,,,,ˈdrɛi̯və(n),,,,,ɡalledˈdʒare,ˈujudɑ,fləʊt,,,,floˈta,,,,,,,ˈflu.i.toː,,,ˈkelːuɑ,,ˈhɤlʲomɑ,ˈhɤljumɑ,,mɔmkʰu,flɔ.te,,,flyːta,,,tʼivtʼivi,,,,,ˈplavətʲ,
dust,ʔɓuj˧˨ʔ,,støːv,,,ˈpɔ,,pʼisw,,,mʌ̹nd͡ʑi,dʰūlī,,,ˈpɨrm,ˈpor,,tʼvɛri,pʰòʊɴ,,,dʲanˠəx,ˈtolmu,,,,rɪːk,,,,ˈpøly,d̪ʱuː.l̪i,ˈpráːx,ˈfu.ᵐbí,,,sɑŋ,,,,,,toz,,ʃtaʊ̯p,ˈpol.bo,,,ʃtəps,ɣu.baːr,,,,d̪ʱuːl,ɬuːχ,,,toz,,,,,d̪ʱuːl,,,,kuʂ,,,ˈpol.ve.re,ˈpøly,dʌst,úːtʰuːli,ˈkavːja,,ˈpols,pɨɫ,,pɔ,pʰoˈʃi,fun˨˩,,ˈpul.wis,,,ˈpøly,*tʰal.ba,ˈtːolm,ˈtolm,dʒaun,mtʼvɛri,pu.sjɛʁ,,,dam,haboʔ,,mtʼvɛri,,,,stɔf,pɨlʲ,dʱu.li
tree,kəj˧˧,dɾahkʰt,trɛː,tʃeʈʈu,po.hon,ˈaɾ.vu.ɾɨ,strɔm,mɛgɛm,maɾam,maɾa,na̠mu,ṭoemjʰoe,,,ˈpuː,ˈfɒ,dərˈvɔ,dʒä,θɪʔpɪ̀ɴ,ˈðe̞n.dro̞,strom,kɾˠaun̪ˠ,ˈpuː,ma:ɾa,,bɔjm,tʰrjɛː,,,ma:k,ˈpuː,,drɛˈʋóː,mˈté.ᵑɡo,fai˦˨,maɾa,ɑˈʁɑs,meri,ɡwe,ˈwəna,ton˥˧ mai˥˧,bɪə̯m,a.át͡ʃ,,baʊ̯m,ˈarbol,,maɾam,baːm,,maɾa,,ɡɑs,,ˈkɔɨ̯dɛn,deˈɾæxtʰ,me:n,ɑˈɣɑd͡ʒ,,maɾa,ˈmʲæːdʲɪs,ˈarbore,,,boːm,ˈsɪdʒrɐ,ˈdʐɛ.vɔ,tɹɛaː,bʰumi,ˈal.be.ro,ˈpu,tɹiː,úmuːtʰí,ˈmuo̯rra,moɾa,ˈa.bɾə,ˈdreva,kɨ,,t͡sɑr,ton˥˩.maːj˦˥,mara,ˈar.bor,tukud,mann,ˈpuː,*ɕiŋ,ˈpːuː,ˈpuː,ˈbilʲə,ndʒä,aʁbʁ,meɾi,kùoks,,pokokʔ,et͡s,χɛ,,maɾam,paʈa,bʊəm,ˈdʲerʲɪvə,ɡɔs
vomit,non˧˧,,,,,vu.mi.ˈtaɾ,,litʼχunɛ,,,ke̞uda̠,k̥ʾuat,,,ˈoksnɨ,ˈhaːɲ,,rtsʼqʼiälä,ʔàɴ,,,ˈaʃɪɟ,ˈɤhsɤnɤɑ,,,,ˈaiːla,,,,ˈoksenduɑ,,,,,,,,,,,,,,ˌyːbɐˈɡeːbən,,,,ˈkɑtsən,ta.qaj.ja.ʔa,,ˈpɔvraca,,,,,,ɡusˈmɑχ,,,,,,,,,vɨ.mʲɔˈtɔ.vat͡ɕ,,,vomiˈtare,ˈoksetɑ,ˈvɒmɪt,,,,vo.miˈta,,,,,ʔaː˧.t͡ɕia̯n˧,,ˈwo.moː,,,ˈoksentɑː,,ˈosːsːɤntɑmɑ,ˈoksendɑmɑ,,ɔntʰχɔru,vɔ.miʁ,,,,muntah,,rtsʼqʼɛvä,,,,,blʲɪˈvatʲ,bɔ.mi kɔ.ɹa
walk,ʔɗi˧˧,tʃeɾɾing,ɡɔː,naɖutʃu,,ɐ̃.ˈdaɾ,ˈiːsc,lizɛläl,naɖakkuga,naɖa,ˈkɘːt̚t͈a̠,ṭoer,,,ˈkæːd̪ɨ,ˈjaːr,ˈxɔdʲə,gilulä,ʃaʊʔ,,jiːt,ʃuːlʲ,ˈtʃæymæː,naɖam,,,ˈkauŋka,,,naɖus,ˈkævelːæ,,,,,naɖapaɾa,,tūk,,,ɲaːŋ˧˧,,,,ˈlaʊ̯fən,kamiˈnaɾ,ˈɛtsi,naɖə,ˈɡo.en,ma.ʃaː,taka,ˈɔdi,,,ˈkɛrðɛd,,naɖaɾɾə,jeriˈmæk,ɡæʃtæn,naɖa,ˈɛjːtʲɪ,ˈmer.d͡ʒe,ʈɛːʱl.nɑː,,ˈloːpə(n),,iɕt͡ɕ,,he:kpo,kammiˈnare,ˈkæveltæ,wɔːk,,,naɖəʋadə,kə.miˈna,,a̠ɾɯ̟ᵝkɯ̟ᵝ,,kʰɑjˈlɛl,dɤːn˧,naɖə,ˈɡra.di.or,tukud,e:kʰna,ˈkæʋelːæ,*ɡom.pa.rɡʲak,ˈkːæymæ,ˈkæimɑ,,gɔlvä,maʁ.ʃe,naɖi,iɛ̂t,ɡoː,,,siäruli,,naɖʋu,,lʊəp,xɐˈdʲitʲ,kʰʊz.kaʴɦa
lie,nɔj˧˦ zoj˧˦,dɾogʰ taɖing,løɡn,paɖukonu,,mẽ.ˈti.ɾɐ,ˈkɫamstvɔ,liqʼwrɛ,kiɖakkuga,budda,ˈkɘːd͡ʑinma̠ɭ,kuhk,maɡ.si.nu.ŋa.ˈliŋ,jɑlʁɑn,ˈmɑgːɨ,ˈhɒzukʃaːɡ,ɫəˈʒa,dɔndʒirä,mṵðá,,lɛʃ,bʲɾʲeːɡ,ˈleʃeæ,undʒa,,,ˈlɪːjɪ,xʊtəɮ,,laba:ɖ muɖsati,ˈmuɑtɑ,,ˈláːʃ,ˈɓó.d͡za,,buɾo:naɾa,jɑɫ.ˈʁɑn,maḍ,,,,,jaɫan,,ˈlyːɡə,menˈtiɾa,,keɖə,ˈliʑən,,miɳɖsi,,,,,doˈɾuːɣ,poaʈtʃi:,jaˈɫan,,bi:ndo,ˈmʲæːɫas,,d͡ʒʱuːʈʰ,,ˈløː.ɣə(n),,ˈkwam.stfɔ,,ko:ɖpo,buˈd͡ʒi.a,ˈmɑgɑtɑ,laɪ̯,,,haɖaʋə,mənˈti.də,,ɯ̟ᵝso̞,,sut,,malagu,menˈdaː.ki.um,tukud,paiha,ˈmɑːtɑ,,ˈvɤlsːmɑ,ˈlɑmɑmɑ,,dɔndʒiru,mɑ̃.sɔ̃ʒ,ba:ɖ,,lœŋn,,,tsʼɔlä,,bʰulo:gam,,,loʂ,
warm,ʔəm˧˦,ba:sun,,ʋetʃtʃa,,,ˈcɛpliː,tʼɛbdi,uṣṇa,bekke,t͈a̠t͈ɯtʰa̠da̠,k̥ṭau,,,ˈle̞m,ˈmɛlɛɡ,ˈtɔpəl,tʼibu,pù,ze̞ˈsto̞s,ˈtɛpliː,tʲɛ,ˈlæmːiː,ʋe:ɖ,,,,,,ʋekka,ˈlæmːin,,ˈtɔ̀ːpəw,,,betʃtʃa,jɯ̞.ˈɫɯ̞,tūk,,,,vaːrm,ɯˈɫɯk,,vaʁm,kaˈljente,,ʋedəʋedəppə,vaːʀm,daː.fiʔ,ka:sta,,,,,ɡʲæːɾm,kortilije,iɫɯχ,,bekki,ˈʃʲɪltɐs,kald,,,ʋɑr(ə)m,,ˈt͡ɕɛ.pwɨ,,kuɖni,ˈkaldo,ˈlæm,wɔːm,,,uppekke,kəˈlent,ˈt͡sʲopɫɨ,a̠ta̠ta̠ka̠i,ˈkɛnt̪ɪ,d͡ʒɛɾm,ʔun˨˩,betʃtʃage,ˈka.li.dus,ʋeʈal,udum,ˈlæmːin,,ˈlæmːi,ˈsoe,,tʼibu,ʃo,su:ɖə,sīlts,varm,haŋat,,tʰbili,,bʰulo:gam,,,ˈtʲɵplɨj,
play,t͡ɕəːj˧˧,,lajə,,,ʒu.ˈɣaɾ,ˈɦrac,liʃmɛ,,,ˈno̞ːɭda̠,leṅ,maɡ.la.ˈɾoʔ,,ˈmængɨ,ˈjaːt͡sːik,iˈɡrajə,mɛgämä,sʰɔ̰,,ɦraːt,ˈɪmʲəɾʲ,ˈmæntʃiæ,,,,ˈleiːka,,,,ˈkiʒɑtɑ,,iˈɡraːti,,,,,,,ˈlobe kawəl,,,,,ˈʃpiːlən,xuˈɡaɾ,,,,,,,,kʰeln̪aː,ˈχwaraɨ̯,,,ojnɑˈmɑχ,,,ˈʒɐjsʲtʲɪ,,kʰeːl.nɑː,ˈɦrɑte,ˈspeːlə(n),,ɡrat͡ɕ,,,d͡ʒoˈkä.re,ˈvætæ,pleɪ,,,,ʒuˈɡa,,a̠so̞bɯ̟ᵝ,,χɑˈʁɑl,len˥˩,,ˈluː.doː,,,ˈleikːiæ,,ˈmænkmæ,ˈmængimɑ,,gɛlätʃämu,ʒwe,,,,,,däkʼvrä,,,,,ɪˈɡratʲ,
cloud,məj˧˧,dʒammaɾ,,me:gʰamu,,ˈnu.vɐj̃,,mɛrɛ,mekʰam,mo:ɖa,kuɾɯm,bbk,,,ˈpiːlɑ,ˈfɛlɦøː,,munäpʰä,tèɪɴ,ˈsinɛfɔ,mrak,ˈsˠkamˠəl̪ˠ,ˈpilvi,mabbu,,,sciː,,ʃyː,a:bar,ˈpilvi,mɐj.ɡʱɐ́,ɔˈbláːk,mˈta.ᵐbo,fɯ˥,mo:ɖa,bʊ̞ˈɫʊ̞t,malgur,ˈku.mul,,mêːk,,buˈɫ̩ut,,ˈvɔlkə,,,me:gam,ˈvolək,sa.ħaː.bah,mabbu,,,meːɡʱ,ˈkʊmʊl,(ʔ)æbɾ,me:gam,,,mo:ɖa,,nor,meːɡʱ,,ʋɔlk,ˈsħaːbɐ,ˈxmu.ra,skʊt͡ʃː,badli:,ˈnu.vo.la,ˈpilvʲ,klaʊd,íːfu,ˈpalːva,mandʒu,,ˈxmara,⟨kumo1⟩,,ɑmp,meːk̚˥˩,mēgha,,tukud,bada:li,ˈpilʋi,*sprin.pa,ˈpːilv,ˈpilʋ,,pʼulä,ny.aʒ,mo:ɖə,,,a.wan,(ʕ)aˈnan,ʁrubɛli,ɲiaɫ̪,me:gam,ha:gu,vɔlk,ˈobləkə,daɔɹ
how,,,,,,ˈko.mu,ˈjak,imʒi,,,ʌ̹t͈ʌ̹kʰe̞,rpiapṇā,,,ˈkui,,,mutʃʼɔ,bɛ̀,ˈpos,jak,ˈkʊnˠəsˠ,ˈkui,,,,,,ˈkʊrlæɪs,,ˈkui,,kaˈkòː,,,,,,,,,,ˈnɑ.sɯɫ,,viː,ˈkomo,si,,vɜɪ,kaj.fa,,ˈkakɔ,kibʱabe,,sɨ̞t,,,ˈned͡ʒæ,,,kaɪˑp,kum,,,ɦu,,jak,,,ˈkome,ˈkut,haʊ,ɠáɲdʒaːní,,,ˈkɔm,,,,int͡ʃʰˈpɛs,jaŋ˧.ŋaj˧,,ˈkʷoː.mo.do,,,ˈkuinkɑ,,ˈkːui,ˈkuidɑs,,mutʃʼɔ,kɔ.mɑ̃,,,hʉːr,,(ʔ)eχ,rɔgɔr,,,,,kak,kɛ.nɛ.koɪ
thin,mawŋ͡m˧˩,,,,,ˈfi.nu,ˈcɛŋkɔ,dətʰχɛl,,,ka̠nɯɭda̠,s̥ṭoeṅ,,,ˈvʊit̪i,ˈveːkoɲ,ˈtɤnək,tʰχitʰχu,pá,,ˈtɛŋkiː,keːl̪ˠ,ˈɤhud,,,,ˈθʏnːʏr,,,,ˈlætːy,,,,,,jʊ̞ˈqɑ,,,,baːŋ˩˨,,inˈdʒɛ,,dʏn,ˈfino,,,den,,,ˈtɛnɔk,,,ˈtɛnaɨ̯,,,,,,,slab,pət̪.lɑː,,,,ˈt͡ɕɛn.kʲi,,,sotˈtile,ˈkyrzʲ,ˈθɪn,,,,,ˈtonkʲi,,,bɑˈɾɑk,baːŋ˧,,supˈtiː.lis,,,ˈohut,,ˈohkːu,ˈɤhuke,,tʰitʰχu,mɛ̃s,,tiêws,,,,tʰχɛli,,,,,ˈtonkʲɪj,
new,məːj˧˦,pu:skun,nyː,kotta,,ˈno.vu,ˈnɔviː,mäχɛ,pudija,pudija,sʰe̞ɾo̞p̚t͈a̠,t̥ʰmī,,,ˈuːʒ,ˈuːj,nɔf,äχäli,θɪʔ,ˈne̞o̞s,ˈnoviː,n̪ˠuə,ˈuːsi,kottad,,,niːr,ʃin,,kota,ˈuːsi,n̪ɐ.ʋɐ,ˈnɔ́w,,mo˧˥,posatta,jɑ.ˈŋɯ̞,pun,ˈne.ve,ˈnəwai,mai˧˧,nɛi̯,,ˈnuː,nɔʏ̯,ˈnwebo,ɾi,pudusə,nɑɪ̯,d͡ʒa.diːd,puna,,nɔt̪un,n̪əjaː,ˈnɛu̯ɨ̞ð,,pudu:n,jeˈni,,pudijai,,now,nə.jɑː,,niu̯,dʒdiːt,ˈnɔ.vɨ,nʊt͡ʃːʊɹ,pu:na,ˈnwɔ.vo,ˈuzʲ,njuː,,ˈoðas,ostə,ˈnɔw,,arataɕiki,ˈnɔ.βʊ,nɔɾ,maj˨˩,hosadu,ˈno.wus,nia,pu:na,ˈuːsi,*ksar.pa,ˈvɑhtːsːɤnɤ,ˈuːs,,äʁäni,nu.vo,pəjjmən,jaûns,ny,baru,χaˈdaʃ,äχäli,uːɾ,pudijadə,puni,,ˈnovɨj,
fall,ŋaː˦ˀ˥,,,,,kɐˈiɾ,,liwɛχ,,,nʌ̹mʌ̹d͡ʑida̠,d̥ʰlāk´,,,ˈsɑd̪ːɨ,ˈɛʃik,ˈpad̪əm,dɔntʰχäpʰä,t͡ɕa̰,,ˈpadat,tʲɪtʲ,ˈlɑngɤtɑ,,,,ˈfatla,ʊnəx,,,ˈkirvotɑ,pɐ́.t̪ɐ.t̪i,ˈpaːsti,,,,,,,,,,,ˈkɛtɯn,ˈfaln̩,kaˈeɾ,ˈbiɛ,,,wa.qa.ʕa,,,ˈpɔɽa,ɡɪrˈna,ˈsərθjɔ,oftʰɒːˈdæn,,dyʃˈmæk,,,,kəˈde̯a,ɡɪɾ.nɑː,ˈpadatɪ,ˈvɑlə(n),,ˈspa.dat͡ɕ,fatl,,kaˈdere,ˈkirbotɑ,fɔːl,,,,ˈkaw.ɾə,,ot͡su,,əŋkˈnɛl,tok̚˨˩,,ˈka.doː,,,ˈpudotɑ,,ˈsːɑtɑmɑ,ˈkukːumɑ,,gɛntʰχinu,tɔ̃.be,,,falːa,,,dätsɛmä,t̪uʰtʲ,,,fal,ˈpadətʲ,pɔ.ɹa
horn,sɨŋ˨˩,maɾgʰ,,kommu,,ˈʃi.fɾɨ,ˈrɔx,mitʃʼw,kompə,kombə,p͈uɭ,s̥naeṅ,,,ˈsorɑ,ˈsɒrv,,kʰä,d͡ʑò,,ˈrox,əiɾˠk,ˈsɑrvi,komm,,,hɔrtn,ewər,hʊrn,kommu,ˈsɑrvi,ɕr̩ŋ.ɡɐ́,ˈróːk,,,kombu,mʏ̞ˈɡʏ̞ð,tūk,,,kʰao˩˨,,,,hɔrn,ˈkwerno,,kombə,,qarn,koɾ,,,sĩɡ,kɔrn,ʃɒx,ku:ɾ,bujnuz,ʃɔːx,kombə,ˈrä̌ːɡɐs̪,korn,siːŋɡ,,ɦoːrn,,ruk,hɔtn,maɾgadu,ˈkɔr.no,ˈsɑrv,hɔːn,úːpʰoːndo,ˈt͡ʃoɑ̯rːviː,kombə,ˈba.ɲə,,ka̠do̞,ˈkɔɾno̝,jɛʁd͡ʒˈjuɾ,kʰaw˩˩˦,kombu,ˈkor.nuː,kaɾ gutʃul,maɾag,ˈsɑrʋi,,ˈsːɑrv,ˈsɑrʋ,,kʰrä,kɔʁn,kombbə,ɾaks,,,,rkʰä,,bʰulo:gam,,,rok,xiŋ
laugh,kɨəj˨˩,,leː,,,ˈʁiɾ,ˈsmi̯ac sa,litswnäl,,,ˈuːt̚t͈a̠,soec,,,ˈnɑgrɨ,ˈnɛvɛt,,dzitsä,jì,,smaːt,ɡɑːɾʲ,ˈnɑgrɑː,,,,ˈl̥aiːja,,,,ˈnɑkruɑ,,,,,,,,,,,ˈlai̯tsjə,,ˈkɛniːn,ˈlaχn̩,,cɛʃ,,ˈlaːχən,dˁa.ħik,,sɛ ˈsmɛ.ɛ,,,,xænd̪iːˈd̪æn,,ɡylmæc,xændidæn,,,,ɦə̃s.nɑː,,ˈlɑxə(n),,ɕmʲat͡ɕ ɕɛ,,,ˈri.de.re,ˈnɑgrdɑ,laːf,,ˈt͡ʃajːpmah(t),,ˈriw.ɾə,,ɰᵝa̠ɾa̠ɯ̟ᵝ,,t͡sit͡sɑˈʁɛl,kʰam˩˩˦,,ˈriː.de.oː,,,ˈnɑurɑː,,ˈnɑːrtmɑ,ˈnɑermɑ,,dzitsini,ʁiʁ,,,,tawə,t͡saˈχak,sitsili,,,,ɫɐχ,smʲɪˈjat͡sːə,ɦɔɦa
blood,maw˧˦,ditaɾ,bloːd,ɾaktamu,,ˈsɐ̃.ɡɨ,ˈkr̩w,zisχ,ɾektam,tʃo:ɾə,pʰi,jʰām,,,ˈve̞r,ˈveːr,krɤf,zisχiri,θwé,ˈema,krɛv,fˠɪlʲ,ˈveri,nettuɾ,,blʊt,plouːð,t͡sʰʊs,bluː,nettuɾ,ˈveri,ɐ́.s̪r̩d͡ʑ,ˈkríː,maˈɡa.zi,lɯːt˧,nettarə,qɑn,netir,ˈɡwaːt,,,bluə̯t,ˈkɑn,,bluːt,ˈsanɡɾe,ɟ͡ʝak,ɾattam,blut,,nettuɾ,kr̩f,,,ˈɡwaːi̯d,xuːn,po:kʰə,ɡɑn,xun,tʃo:ɾe,krɒ͜úˑjæs,ˈsɨn.d͡ʒe,kʰuːn,ˈkrɔu̯,blut,dɛmː,krɛf,plɔuːw,ɾasadu,ˈsan.ɡwe,ˈtʃɑk,blʌd,íːɡaːzí,ˈvarra,rattə,ˈsaŋk,,,,ɑɾˈjun,lɯa̯t̚˥˩,ɾakta,ˈsan.ɡʷis,nettiɾ,kʰe:ns,ˈʋeri,*kʰrak,ˈveri,ˈʋeri,folʲ,ditsχiri,sɑ̃,nəttəɾə,asinis,,darah,,sisχli,,ne:tuɾu,nettir,blut,krofʲ,
burn,t͡ɕaj˧˦,xa:xaɾ tinning,,ka:lu,,ɐɾˈdeɾ,,liʃχi,katikkuga,tʃu:ɖə,,ṭut,,,ˈpɑlːɨ,ˈeːɡ,,tʃʼuälä,làʊɴ,,ˈɦor̝ɛt,d̪ˠoːɟ,ˈpɑlɑː,maɳɖu,,,ˈprɛnːa,,,gonɖka,ˈpɑluo,,,,,pottaʋaɾa,,tūk,,,,,,,ˈbʀɛnən,aɾˈdeɾ,,eɾi,,ħa.ra.qa,niɾus,ˈɡɔɾi,,dʒəlna,ˈɬɔsɡɪ,suːxˈtæn,ti:kku ka:ttiti,,,tʃu:ɖə,,,d͡ʒəl.nɑː,,ˈbrɑndə(n),,ˈpa.lʲit͡ɕ ɕɛ,,me:da,,ˈpɑlɑdɑ,bɝn,,,kitʃi:kdə,,ɣaˈret͡sʲ,moju,,ajɾˈvɛl,maj˥˩,suɖu,ˈaːr.de.oː,tukud,olna,ˈpɑlɑː,,ˈpːɑlɑmɑ,ˈpɤlemɑ,,ɔtʃʼu,bʁy.le,bja:ɭ,dekt,,,,tsʼvä,ɫ̪ɔʃɡ̊ʲ,ka:to,,,ɡɐˈrʲetʲ,zɔ.la
human,,,,,,u.ˈmɐ.nu,,ämswäld,,,ˈsʰa̠ːɾa̠m,,,,ˈriʃt̪iːng,ˈɛmbɛri,,kʼɔtʃi,,,ˈlɪtskiː,,ˈinemin,,,,,,,,ˈihmini,mɑː.n̪ɐ.ʋɐ́,tʃlɔˈʋèːʃki,,,,,,,,,,,,mɛnʃlɪç,uˈma.no,,,,ba.ʃa.rijj,,,,,,,,,,,,o.meˈnesk,,,,,ˈlut͡s.kʲi,,,,ˈristit,ˈ(h)juːmən,,,,uˈma,,⟨pi1to2⟩,,mɑɾtʰkɑˈjin,,,,,,ˈihminen,,ˈinemine,ˈinimene,,kʼɔtʃi,y.mɛ̃,,,²mɛnsklɪ(ɡ),,,ädämiäni,,,,,t͡ɕɪlɐˈvʲet͡ɕɪskʲɪj,ma.nuʱ
three,ʔɓaː˧˧,,,,ti.ɡa,ˈtɾeʃ,ˈtri,sɛmi,,,sʰe̞ːt̚,pī,tatˈlɔ,yt͡ʃ,ˈkuolm,ˈhaːrom,,sumi,θóʊɴ,ˈtri.a,tr̝ɪ,tʲɾʲiː,ˈkɤlmɤd,,tres,dʁaj,θriːr,ɢʊrəw,,,ˈkolme,t̪ɽí,ˈtríːjɛ,,θaːm˨˦,,ʏ̞s,,,d̪re,saːm˩˧,,,,dʁaɪ̯,tɾes,tɾɛ,,dʀæi̯,θa.laː.θa,,,,,triː,,,ʏtʃ,,,,trej,t̪in,trɪ,dri,,tʂɨ,trʊdʒɪr,,tre,ˈkuːme,θɹiː,,ˈkolːpma,,ˈtɾəs,,*/sam,,jɛˈɾɛkʰ,saːm˩˩˦,,treːs,,,ˈkolme,*ksum,ˈkːolm,ˈkolm,t̪riː,sum,tʁwɑ,,trîːs,treː,tiɡə,,sämi,,,,,trʲi,tini
sit,ŋoj˨˩,tu:ling,seðə,ku:ɾtʃo,,iʃ.ˈtaɾ,,lisgwrɛ,iɾikkuga,aɭe,a̠nt͈a̠,ʾṅ̥guy,ʔu.mu.ˈpoʔ,,ˈist̪ɨ,ˈyl,sɛˈdʲɤ,dɔχunä,tʰàɪɴ,ˈkaθome,ˈsɛɟɛt,sˠɪɟ,ˈisːuɑ,kudda:,,,ˈsɪːtja,sʊːx,,udə,ˈistuo,,ˈsɛdèːti,,,kullaɾa,,tūk,,,naŋ˧˧,,,,ˈzɪtsn̩,senˈtaɾ,ulɛm,ukka:ɾə,,d͡ʒa.la.sa,udda,,ˈbɔʃa,,ˈei̯sdɛð,neʃæsˈt̪ʰæn,eɾakkaɾ,oturˈmɑχ,,iɾaiku,sʲeːˈdʲeːtʲɪ,,bɛʈʰnaː,seˈdʲite,ˈzɪtə(n),ʔaˁːt,ˈɕɛ.d͡ʑɛt͡ɕ,,hokpo,seˈdere,ˈiʃtːɑ,sɪt,,,kuɭəʋə,ˈsɛw.ɾə,,sɨᵝɰᵝa̠ɾɯ̟ᵝ,,nəsˈtɛl,naŋ˥˩,kuɭitiko,ˈse.de.oː,undu,okʰna,ˈistuɑ,,ˈisːtːmɑ,ˈistumɑ,,dɔχunu,,ku:ɾsu,,,dudoʔ,jaˈʃav,dʒdɔmä,,bʰulo:gam,,,sʲɪˈdʲetʲ,bɔɦ
right,kwiən˨˩ ləːj˧˨ʔ,,rɛt,,haʔ,d͡ʒiˈɾejtu,,lɛrsgwɛn,,,kwʌ̹ɭʎi,,ka.ɾa.pa.ˈtan,,ˈjɨvɑː,ˈjoɡ,,märdzgväni,ʔəkʰwɪ̰ɴ,ðiˈceoma,ˈpraːvo,,ˈɤikɤɑ,,,,ˈrjɛhtɪntɪ,irx,rɛtː,,ˈoikie,,praˈʋìːtsa,,keːn˧˩ li˧˥,,χʊ̞.ˈquq,,,,,,hɑk,,ʁɛçt,deˈɾet͡ʃo,,,,ħaq.qa,,,,,hau̯l,,,hyˈɡuɡ,,,,drept,ə.d̪ʱɪ.kɑːɾ,,rɛxt,,ˈpra.vɔ,,,,ˈoiged,ˈɹaɪt,,,,ˈdɾət,ˈprava,,,iɾɑˈvuŋkʰ,sit̚˨˩.tʰiʔ˦˥,,,,,ˈoikeɑ,,ˈhyæ,ˈpɑrem,,mädzgväni,dʁwɑ,,,,,,märdʒvɛnä,,,,,ˈpravə,
fight,t͡ɕiən˧˦ ʔɗəw˧˦,,,,,lu.ˈtaɾ,ˈbɔjɔvac,litsuäl,,,ta̠tʰuda̠,vāytp´,a.ˈwaj.in,,ˈt̪ɑplɨ,ˈhɒrt͡sol,,tʃχupʼi,jàɴpʰjɪʔ,,ˈbojovat,t̪ˠɾˠɪdʲ,ˈtɑpːɤɑ,,,,,,,,ˈtoruɑ,,,,,,,,,,tɔː˧˧ suː˨˩,,,,kɛm(p)fən,peleˈaɾ,,,,qaː.ta.la,,,,,,,,,,,,,ləɽ.nɑː,,ˈstrɛi̯də(n),,ˈval.t͡ʂɨt͡ɕ,,,lɔt.ˈta.re,ˈtorɑtɑ,faɪt,,,,ʎujˈta,,,,kərˈvɛl,suː˥˩,,ˈpuɡ.noː,,,ˈtɑpelːɑ,,ˈtːɑpːlɤmɑ,ˈʋɤitlemɑ,,ɔkʼɔkʼidinu,batʁ,,,,,,tʃχubi,,,,,ˈdrat͡sːə,zũza
correct,ʔɗʊwŋ͡m˧˦,,,,tə.pat,ku.ˈʁɛ.tu,,mɛgu,,,o̞ɭtʰa̠,,,,ˈɨigi,ˈhibaːtlɒn,ˈvɛrɛn,tʰinu,m̥àɴ,so̞ˈsto̞s,ˈspraːvniː,,ˈɤikɤɑ,,,,ˈrjɛht,,,,ˈoikie,,praˈʋíːlən,,,,dʏ̞ˈrʏ̞θ,,,,kɛ᷈ː,,,,kɔˈʁɛkt,koˈreɡto,,,,sˁa.ħiːħ,,,,səɦiː,ˈkəu̯ɪr,doˈɾos(t),,,,,,koˈrekt,sə.ɦiː,,,,pra.vʲiˈdwɔ.vɨ,,,korˈrɛtto,ˈoiged,kəˈɹɛkt,,,,koˈrɛk.tə,praˈvʲilʲnɨ,,,t͡ʃiʃt,tʰuːk̚˨˩,,,,,ˈoikeɑ,,ˈɤikɤ,ˈɤige,,mtʰini,kɔʁɛkt,,paɾɛ̄īs,,bə.na(r),,stsʼɔri,,,,,ˈpravʲɪlʲnɨj,xu.dʱɔ
hunt,san˧˧ ʔɓan˧˦,,ˈjaːɡə,,,kɐ.ˈsaɾ,,litʰχwær,,,sʰa̠ɲja̠ŋɦa̠da̠,prpāñ´,,,ˈjɑkt̪ɨ,ˈvɒdaːsik,,nädiruä,ʔəmɛ́laɪʔ,,ˈlovɪt,ˈʃɛlʲɪɟ,ˈpyːtæː,,,,ˈveiːða,,,,ˈmetʃːæstyæ,,lɔˈʋiːti,,,,,,,,,,,,ˈjaːɡən,kaˈθaɾ,,,ˈjo.en,isˁ.tˁaː.da,,,,,,,,,,,mʲɛˈdʲʒʲotʲɪ,,,,ˈjaːɣə(n),,pɔˈlɔ.vat͡ɕ,,,katˈtʃare,ˈmetsɑtɑ,hʌnt,,,,kəˈsa,palʲaˈvat͡sʲ,ka̠ɾɯ̟ᵝ,,vɔɾˈsɑl,,,ˈweː.nor,,,ˈmetsæstæː,,ˈjɑhtːmɑ,ˈkytːimɑ,,äbdʒɔbä,ʃa.se,,,ˈjɑːˌɡa,,,nädirɔbä,ˈʃaɫ̪ak,,,,ɐˈxotʲɪt͡sə,si.kaɹ kɔ.ɹa
stand,ʔɗɨŋ˧˦,saling,,niltʃonu,,pɨɾ.mɐ.nɨ.ˈseɾ,ˈstaːc,lignɛ,nilkuga,nində,sʰʌ̹da̠,jʰr,,,ˈpiːlɨ,ˈaːlː,,gɛrinä,jaʔ,ˈstekome,staːt,ʃasˠ,ˈsɤizoɑ,nilla,,,ˈstanta,t͡sɔɡsəx,,ni:ma:n,ˈseisuo,,,,,untaɾa,,nilp,,,,ˈsteən,,,ˈʃteː.ən,,ri,nil,ˈʃtoːən,wa.qa.fa,nil,,d̪aɽano,,ˈsɛvɨ̞ɬ,iːstʰɒːˈdæn,mukkaɖuɾil,daˈjɑnmɑχ,,nindʒo,,,,,staːn,,stat͡ɕ,,hilpo,,ˈseiʃtɑ,stænd,,,nippə,,,ta̠t͡sɨᵝ,,kɑŋɡˈnɛl,jɯːn˧,nintiko,stoː,tukud,idʒdʒna,ˈseisoɑ,,ˈsːɑisːmɑ,ˈseismɑ,,dɔdginu,ɛ.tʁə d(ə).bu,ə:ɭ,stāːvɛ̂ːt,,,(ʕ)amad,dgɔmä,,ninnatukə,,,stɐˈjætʲ,tʰiɔ ɦʊa
five,nam˧˧,,,,,ˈsĩ.ku,ˈpɛc,wɔχuʃd,,,ta̠sʰʌ̹t̚,p̥rāṃ,liˈma,bɛʃ,ˈviːʒ,ˈøt,,χutʰi,ŋá,ˈpe̞(n)de̞,ˈpjɛt,kuːɟ,ˈviːz,,siŋk,fɪnf,fɪmː,tʰaw,,,ˈviːsi,pɐ́ɲ.t͡ɕɐn̪,péːt,,,,bʲiʃ,,ˈpɛmp,pinˈdzə,haː˨˩,,beʃ,,fʏnf,ˈθinko,pɛs(ə),,ˈfenef,xam.sa,,,,pãtʃ,pɨ̞mp,pʰænd͡ʒ,,beʃ,,,,t͡ʃint͡ʃʲ,pɑ̃ːt͡ʃ,ˈpjɑtʲ,vɛi̯f,,pʲɛɲt͡ɕ,fɪmː,,ˈt͡ʃin.kwe,ˈviʒ,faɪv,,ˈvihːta,,ˈsiŋk,,it͡sɨᵝ,,hiŋɡ,haː˥˩,,ˈkʷiːn.kʷe,,,ˈʋiːsi,*lŋa,ˈviːsː,ˈʋiːs,kwɛɡ,χutʰ,sɛ̃k,,pìɛtsi,fɛm,limə,,χutʰi,koːɡ̊ʲ,,,,pʲætʲ,pãs
wind,zɔ˧˦,,ʋend,,,ˈvẽ.tu,ˈvi̯ɛtɔr,bikʰw,,,pa̠ɾa̠m,k̥ʰyl´,ˈha.ŋin,,ˈt̪uːʎ,ˈseːl,ˈvʲatər,bɔriä,lè,,ˈviːtr̩,ɡeː,ˈtuːli,,,,ˈvɪntʏr,saɮʲxʲ,,,ˈtuːli,ʋɑ́ː.t̪ɐ,,ˈᵐpʰé.po,ɣum˧˩,,jɪ̞l,,ˈɑːvɛl,bɑd,lom˦˥,,ryzˈɟar,,vɪnt,ˈbjento,ɛːɹ,,vant,riːħ,,ˈvɛtɛr,,ɦəʋaː,,bɒːd,,,bɔːd,,ˈʋʲeːjɛs,,ɦəʋaː,ˈʋʲiter,ʋɪnt,riːħ,vʲatr,ˈvɪntʊɹ,,ˈvɛn.to,ˈtulːei,ˈwɪnd,úmôːja,ˈpie̯ɡːɡa,,,,ka̠ze̞,ˈbento̝,kʰɑˈmi,lom˧,,ˈwen.tus,,,ˈtuːli,*rluŋ,ˈtːuːl,ˈtuːl,ɡiː,iχi,vɑ̃,,vɛ̄ːjʃ,vɪnd,aŋen,ˈʁuax,kʰäri,,,,,ˈvʲetʲɪr,bɔtaʱ
hear,ŋɛ˧˧,bining,høːrə,ʋinu,də.ŋar,owˈviɾ,,səmæn,kelkuga,ke:ɭə,tɯt̚t͈a̠,ḹ,,,ˈkuːloː,ˈhɒlː,ˈtʃuvəm,rtʃkʰilä,t͡ɕá,aˈkuo,ˈslɪʃɛt,klˠɔʃ,ˈkuːlːɑ,ke:dʒa,,,ˈheiːra,,,ʋinti,ˈkuːlːɑ,,,,,keɳaɾa,,ven,,awraˈwəl,,ˈjɛ(ː)rə,,ˈbiːstɯn,ˈhøːrən,oˈiɾ,,ke:ɭə,ˈhei̯ʀen,sa.mi.ʕa,kendʒ,,ʃonɑ,,ˈkləu̯ɛd,ʃeniˈdæn,ke:l,,ʃunidan,ke:ɭu,,,sʊn.nɑː,ˈt͡ʃute,ˈɦoːrə(n),ˈsɐmɐ,ˈswɨ.ʂɛt͡ɕ,,me:na,,ˈkuldɑ,hɪə(ɹ),,,ke:pə,sənˈti,,kʲi̥kɯ̟ᵝ,ɔˈiɾ,ləˈsɛl,daːj˥˩.jin˧,ke:ɭu,ˈau̯.di.oː,tukud,menna,ˈkuːlːɑ,,ˈkːuːltmɑ,ˈkuːlmɑ,,ɔʃkʼinu,ɑ̃.tɑ̃dʁ,kə:ɭ,dzìɾdɛ̂ːt,,dəŋa(r),ˈʃema,smɛnä,,ke:lə,,,ˈslɨʂətʲ,xu.na
hand,taj˧˧,ɖu:,hɔnˀ,tʃejji,taŋan,ˈmɐ̃w̃,ˈruka,ʃi,kaj,kaj,sʰo̞n,ṭai,,,ˈpiv,ˈkeːz,rəˈka,χɛ,lɛʔ,ˈçeɾi,ˈruka,l̪ˠɑːvˠ,ˈtʃæsi,kaj,ma,hant,hœnt,ɢar,hɑnd,keju,ˈkæsi,ɦɐ́s̪.t̪ɐ,rɔ̀ːka,ˈd͡za.ⁿd͡ʒa,mɯ˧˩,kai,quɫ,key,ˈdɔʁn,lɑs,mɯː˦˥,,el,,hant,ˈmano,dɔɹ,kaj,hant,jad,kaj,,ɦat̪,ɦat̪ʰ,ɬaːu̯,dæst,koi,,,kaj,ɾɐŋˈkɐ,ˈmɨ.nə,ɦaːt̪ʰ,rʊˈkɑ,ɦɑnt,,ˈrɛŋ.ka,hɔnt,ʈeʈu,ˈmaːno,ˈkæzi,hænd,isáːnɮa,,kaj,ˈma,,,,d͡zɛrkʰ,mɯː˧,kaj,ˈma.nus,ki:,kʰekkʰa,ˈkæsi,,ˈkːæsːi,ˈkæsi,,χɛ,mɛ̃,ki:ja,ɾùoka,hand,taŋan,jad,χɛli,ɫ̪ãːv,kaij,keju,,rʊˈka,
eye,mat̚˧˦,xan,øjə,kannu,,ˈo.ʎu,ˈɔkɔ,tʰɛ,kaɳɳə,kaɳɳə,nun,b̥ʰnaek,,køz,ˈsiːlmɑ,ˈsɛm,oˈkɔ,tʰɔli,mjɛʔsḭ,ˈmati,ˈoko,sˠuːlʲ,ˈsilmæ,koɳɖ,,,ˈøyːɣa,,²æʉɡə,kan,ˈsilmæ,,ɔˈkóː,ˈɗí.so,ta˨˦,kaɳɳu,kʏð,kan,ˈla.ɡat,st̪ərˈɡa,taː˩˨,ɪə̯x,ɟøz,,ˈaʊ̯ɡə,ˈoxo,sɒj,kaɳɳə,a,ʕaj.ja.na,kəɖə,ˈɔkɔ,tʃokʰ,ɑ̃ŋkʰ,ˈɬəɡad,tʃʰæʃm,kaɳ,,tʃaʃm,kaɳɳə,ɐˈkʲɪs,okʲ,ɑ̃ːkʰ,ˈɔkɔ,oːx,aˁːjn,ˈɔ.kɔ,ˈɛiːja,a:ndu,ˈɔk.kjo,ˈsilʲm,aɪ,îːsó,ˈt͡ʃalːpmiː,kaɳɳə,ˈuʎ,ˈvoka,ma̠,ˈoʎʊ,ɑt͡ʃʰkʰ,taː˧,kaɳɳə,ˈo.ku.lus,kaɳul,kʰann,ˈsilmæ,*mik,ˈsːilm,ˈsilm,suːlʲ,tʰɔli,œj,kaɳɳu,ats,ˈøːˌɡa,matə,ˈajin,tʰväli,s̪uːl,kaɳɳə,kanu,oəχ,ɡlas,sɔku
neck,ko˧˩,lex,hals,meɖa,,pɨʃ.ˈko.su,kr̩k,kʼintʃχ,kaɻutə,bo:ɭe,mo̞k̚,k,,,ˈkɑgːɨl,ˈɲɒk,ˈʃijə,kʼisɛri,lɛ̀bɪ́ɴ,,kr̩k,ˈmˠɪnɑːl,ˈkɑglɑ,meɖaka:ja,,haldz,hauls,xut͡su,hɑls,mak,ˈkɑklɑ,ɡɽiː.ʋɑ́ː,ˈʋráːt,ˈkʰo.si,ho˧˩,kekkilə,mu.ˈjɯ̞n,tūk,,,,,,,hals,ˈkweʎo,ˈcafə,kaɭuttə,,,guɖunga,vrat,,,ɡʊðv,ɡærdæn,maɾ,,ɡærdæn,bo:ɭe,ˈkä̌ːklɐs̪,ɡɨt,,ˈʃɪjɐ,,,ˈʂɨ.ja,,asaɾdu,ˈkɔl.lo,ˈkɑgl,nɛk,íntaːmo,,katə,ˈkɔʎ,,kɯ̟ᵝbʲi,pesˈkoθo̝,viz,kʰɔː˧,kuthige,ˈkol.lum,kanɖ,kʰesir,ˈkɑulɑ,,ˈkːɑːl,ˈkɑel,,dʒinikʰi,ku,kp:ma:ɭi,,,lehe(r),,kʼisɛri,,kaɖate:l,,,ˈʂɛjə,di.ŋi
fire,lɨə˧˩,xa:xaɾ,il,nippu,a.pi,ˈfo.ɣu,ˈɔɦɛɲ,lɛmɛsg,te:,titta,puɭ,b̥ʰloeṅ,,,ˈt̪uʎ,ˈtyːz,ˈɔɡən,dätʃχiri,mí,foˈtça,ˈoɦɛɲ,ˈtʲɪnʲə,ˈtuːli,kis,,,ˈɛltʏr,ɢaɮ,ɛld,kiss,ˈtuli,ɐɡ.n̪í,ɔ̀ːɡənʲ,ˈmó.to,fei˧˩,tuʋu,ut,kic,ˈtɑ̃ːn,or,fai˦˥,fjuə̯r,ɑ̟ˈt̪ɛʃ,,ˈfɔʏər,ˈfweɡo,zjaɾm,neruppu,ˈfai̯(e)ʀ,naːr,taɖmi,,,,taːn,,ti:ttə,,,ti:,ʊɡˈnʲɪs,fok,ɑːɡ,wɔˈɦɔnʲ,vyr,,ˈɔ.ɡʲɛɲ,,tʃitʃadu,ˈfwɔko,ˈlæmoi,ˈfaɪ.ə(ɹ),uḿ̩liːlo,ˈtolla,kitʃtʃə,ˈfɔk,aˈɣonʲ,⟨hi2⟩,ˈlu.mɪ,kəˈɾɑk,faj˧,benki,ˈiɡ.nis,tukud,tʃitʃtʃ,ˈtuli,*me,ˈtːuli,ˈtuli,,dätʃχuri,fø,tissə,uɡuns,ˈɛld,api,,tsɛtsχli,ˈtʰʲenə,nippu,dankeɾe,fyːr,ɐˈɡonʲ,zui
fear,,,,,ta.kut,ˈme.du,strax,mäqʼäl,,,ˈko̞ːŋpʰo̞,,,,ˈæd̪ɑːgɨ,ˈfeːlɛlɛm,,ʃkʰurini,bəjà,,ˈstrax,ˈaɡlˠə,ˈpelːætæ,,,,ˈr̥aiðstla,,,,ˈvɑrɑt,bʱɐ.jɐ́,ˈstráːx,,,,,,ɔ̃n,,,,,,ʔaŋst,ˈmjedo,ˈfɾik(ə),,aŋʃt,xawf,,,,,,,,ɡorˈχu,,,,ˈfrikə,,,ɑŋst,,strax,,,paˈu.ra,ˈvɑrɑitɑ,fɪə,,,,ˈpo,,,,vɑχ,klua̯˧,,ˈpa.wor,,,ˈpelætæ,,ˈpːelkæmæ,ˈkɑrtmɑ,,ʃkʼurinä,pœʁ,,bâjlɛs,,,,ʃiʃi,,,,frɪəs,strax,bʱɔe
where,ʔɗəw˧˧,,,,,ˈõ.d͡ʒi,ˈɡɟɛ,imɛg,,,ʌ̹di,,,,ˈkus,ˈɒɦol,,sɔ,,,ɡdɛ,,ˈkuzɑ,,ˈunt,vʊ,,,,,ˈkus,,ˈkjèː,,,,ˈqɑjðɑ,,,,,,nɛɾɛd̪ɛ,,voː,ˈdonde,,,,,,ˈkadɛ,,,,kʰoˈdʒɒː,,ˈhɑrɑ,,,kʊr,ˈunde,,ˈdɛ,ʋaːr,,ɡd͡ʑɛ,,,ˈdove,ˈkus,ʍɛə(ɹ),,,,ˈon,,idu,ˈonde̝,vɔɾˈtɛʁ,tʰiː˥˩.naj˩˩˦,,ˈu.bi,,,ˈmisːæ,,ˈkːon,ˈkus,,sɔ,u,,kùɾ,dɛːr,di manə,ejˈfo,säd,,,,,ɡdʲe,zot
day,ŋaj˨˩,,døjn,,,ˈdi.ɐ,,lädɛʁ,,,,t̥ʰṅai,,,ˈpæːvɑ,ˈnɒp,,dʁä,nḛ,,dɛn,l̪ˠɑː,ˈpæivæ,,,tɔɡ,ˈtaːɣʏr,otər,,,ˈpæivæ,d̪i.n̪ɐ́,,ˈt͡sí.ku,ŋon˧˩,,tæwˈlɪ̞k,,ˈdɛj,wrad͡z,wan˦˥,,ɡyn,ˈɾoʒ,tɑːk,ˈdia,,,daːχ,jawm,,,,,dɨːð,ɾuːz,,,rɵːz,,,zi,d̪ɪn,ˈdɛnʲ,dɑx,,d͡ʑɛɲ,ˈtɛaːvʊɹ,,ˈd͡ʒorno,ˈpæiv,deɪ,ûːsûːɠu,ˈpea̯jːviː,,ˈdi.ə,,nʲiti,ˈd̪iɐ,ɔɾ,wan˧,,ˈdi.eːs,,,ˈpæiʋæ,*ȵi.ma,ˈpːæiv,ˈpæeʋ,,dʁä,ʒuʁ,,,,hari,,dʁɛ,,,,daχ,ˈsutkʲɪ,din
squeeze,ʔɗɛ˨˩,,,,,,,litʰlɛ,,,t͡ɕ͈a̠da̠,kiap,,,ˈpiːkst̪ɨ,ˈɲom,,mɔntʃʼirä,ɲ̊ɪʔ,,,,ˈlutisɑː,,,,,,,,ˈlitʃɑtɑ,,,,,,,,,,,,,,ˈdʁʏkŋ̩,ekspɾiˈmiɾ,,,,,,,,,,,,,,,,,,,ˈklɛmə(n),,ˈɕt͡ɕi.skat͡ɕ,,,,ˈɑhtiʃtɑdɑ,skwiːz,,,,əsˈpɾe.mə,,,espɾeˈmeɾ,sɛʁˈmɛl,biːp̚˨˩,,ˈkom.pri.moː,,,ˈpuristɑː,,ˈpːitːsːitːæmæ,ˈpigistɑmɑ,,ɔzdimu,pʁɛ.se,,,,,,mɔtʃʼɛrä,,,,,ʐːɨˈmatʲ,
smooth,faŋ˧˩,,,,,ˈli.zu,,mərkʼənɛ,,,me̞k͈ɯɾʌ̹p̚t͈a̠,,,,ˈt̪ɑzzi,ˈʃimɒ,,värkʼälä,t͡ɕʰɔ́,,ˈɦlatkiː,kiːnʲ,ˈlɑkːɑ,,,,ˈstljɛhtʏr,,,,ˈtɑzɑine,,,,,,,,,,,,,,ɡlat,ˈliso,,,ɡlaːt,naː.ʕim,,,,,,,,,,,,ˈne.ted,t͡ʃɪk.nɑː,,ɣlɑt,,ˈɡwat.kʲi,,,ˈliʃʃo,ˈtɑzo,smuːð,,,,,ˈɣɫatkʲi,,,hɑɾtʰ,ria̯p̚˥˩,,ˈɡla.ber,,,ˈtɑsɑinen,,ˈsːilːe,ˈsile,,pʰrändɛri,lis,,,,,,pʼriälä,miːn,,,,ˈɡlatkʲɪj,
ice,ʔɓaŋ˧˧,,iːs,,,ˈʒe.lu,ˈʎat,kʼwärɛm,,,ʌ̹ɾɯm,dẏkkk,ˈje.lo,,ˈje̞i,ˈjeːɡ,lɛt,ʔini,jèɡɛ́,ˈpaɣos,lɛt,əiɾʲ,ˈʝæː,,,,iːs,mos,iːs,,ˈjæː,,ˈléːt,,,,bʊ̞ð,,,,,iːs,ˈbuz,,aɪ̯s,ˈɟ͡ʝelo,,,æi̯s,d͡ʒa.liːd,,mras,bɔrɔf,,jaː,jæx,,,,,,,,,ɛi̯s,θ,lut,ˈʊiːsʊɹ,,ˈɡjat.t͡ʃo,ˈjæ,aɪs,íːǃʰwa,ˈjie̯tɲa,,ˈʒɛl,lʲot,⟨ko2pori⟩,ˈʃe.ʊ,sɑˈrujt͡sʰ,nam˦˥.kʰɛŋ˩˩˦,,ˈɡla.ki.eːs,,,ˈjæː,,ˈijæ,ˈjæː,,buzi,ɡlas,,lædus,,aes,,qʼinuli,,,,ə̟i̯s,lʲɵt,
skin,zaː˧˧,sil,,to:lu,,ˈpɛ.lɨ,ˈkɔʒa,kʼæn,toli,to:lə,sʰa̠ɭɡa̠t̚,s̥paek,ba.ˈlat,,ˈnoːgɨ,ˈbøːr,ˈkɔʒə,tʼqʼɛbi,ʔəjè,ˈðɛɾma,ˈkuːʒɛ,ˈkɾˠacən̪ˠ,ˈiho,to:l,pɛl,heɪt,huːð,arʲs,,to:l,ˈnɑhkɑ,,ˈkòːʒa,ˈkʰu.ᵑɡú,naŋ˨˦,tʃeɾma,tʲi.ˈrɪ̞,tōl,ˈkʁoːχɛn,,,,,ˈt͡ʃɛɾm,haʊt,,ləkuɹə,to:lə,hæu̯t,d͡ʒild,to:l,,,t̪ʋətʃaː,kroːɨ̯n,poːst,tu:ɾs,dæˈri,pɵːst,to:lu,ˈôːd̪ɐ,ˈpjele,t̪ʋə.t͡ʃɑː,,ɦœy̯t,ˈdʒɪldɐ,ˈsku.ra,,tʃa:na,ˈpɛlle,ˈnɑhk,skɪn,isíkʰuːmba,ˈlijːkiː,to:lə,ˈpeʎ,ˈskura,,,mɑʃk,pʰiw˩˩˦.naŋ˩˩˦,togalu,ˈku.tis,tal,tʃapʈa,ˈiho,,ˈnɑhkː,ˈnɑhk,ˈkraːɣən,tʼkʼɛbi,po,to:lə,âːda,hʉːd,kulet,ɔʁ,kʼäni,,to:lu,,,ˈkoʐə,sal
rope,zəj˧˧,,tɔv,,,ˈkɔɾ.dɐ,ˈɫanɔ,tʰækʼw,,,pa̠t̚t͡ɕ͈uɭ,k̥ʰsae,,,ˈkie̞uʒ,ˈkøteːl,vəˈʒɛ,tʰɔkʼi,t͡ɕó,,,tʲiad̪ˠ,ˈtʃøysi,,,,ˈreiːpɪ,,,,ˈnuorɑ,,,,,,ɑrˈqɑn,,kɔrdɛn,,,,,,zaɪ̯l,ˈkwerda,liˈtaɾ,,zeːl,ħabl,,ˈjaʒɛ,,,r̥aːf,,,,ærʁæmtʃin,,,,ɖoː.ɾiː,,,,ˈlʲi.na,,,ˈkɔrda,ˈnor,ɹəʊp,íntaːmbo,,,ˈkɔɾ.də,vʲaˈrou̯ka,,,pɑˈɾɑn,t͡ɕʰɯa̯k̚˥˩,,ˈfuː.nis,,,ˈkøysi,,ˈkːøytsː,ˈkøis,,tʰɔkʼi,kɔʁd,,àwkla,,tali,ˈχe.vel,tʰɔkʼi,,,,,vʲɪˈrʲɵfkə,zɔ.ɹi
snow,twiət̚˧˦,,,,,ˈnɛ.vɨ,ˈsɲɛx,musw,,,nun,b̥ril,,,ˈlum,ˈhoː,snʲak,tʰiri,n̥ɪ́ɴ,,sɲiːx,ˈʃnʲaxt̪ˠə,ˈlumi,,ˈnɛw,,snjouːr,t͡sʰas,snøː,,ˈlumi,ɦi.mɐ́,,,nai˨˦,,qɑr,,,wɑˈwra,,sniə,kaɾ,,ʃneː,ˈnjebe,,,ʃnɜɪ,θald͡ʒ,,,bɔrɔf,,ˈei̯ra,,,,,,sʲnʲjæɡɐs,zəˈpadə,bə.ɾəf,ˈsʲnʲiɦ,sneːu̯,,ɕɲɛk,,,ˈne.ve,ˈlumi,snəʊ,íːǃʰwa,ˈmuo̯hta,,ˈnew,sʲnʲex,⟨yuki1⟩,ˈnɛβɪ,d͡zjun,hi˨˩.maʔ˦˥,,niks,,,ˈlumi,*ɡaŋs,ˈlumi,ˈlumi,ˈʃnʲaxt̪ə,mtʰviri,nɛʒ,,snìɛks,snøː,,ˈʃeleɡ,tʰɔvli,,,,sniu,sʲnʲek,bɔɹɔf
star,saːw˧˧,isʈa:ɾ,stjɛrnə,nakʂatɾamu,,ɨʃˈtɾelɐ,ˈɦvi̯ɛzda,ämtʼqʼwæsg,nakʂatɾam,nakʂatɾa,pjɘːɭ,tārā,,julˈtuz,ˈt̪e̞ːd̪j,ˈt͡ʃilːɒɡ,zvɛzˈda,murutsχi,t͡ɕɛ̀,,ˈɦvjɛzda,ˈɾˠeːl̪ˠt̪ˠə,ˈtæhti,ukka,,ˈʃtɛʁən,ˈstjartna,,²stjɛrnə,sukka,ˈtæhti,,ˈzʋèːzda,ɲéˈɲe.zí,ɗaːu˨˦ ɗei˧˥,nakʂatɾe,jʊ̞nˈdʊ̞ð,cukka,ste.ˈʁe.dɛ̃n,st̪oˈ.raɪ,daːu˩˨,,jɯɫˈdɯ́z,,ʃtɛʁn,esˈtɾeʎa,yɫ,mīṉ,ʃteːʀ,,sukku,ˈd͡zvɛzda,,,ˈsɛrɛn,sitɒːɾæ,naʈtʃatiɾam,uɫdúz,,natʃtʃatiɾa,ʒʋɐjɡʲʒʲˈdʲeː,,,,stɛr,,ˈɡvʲaz.da,ˈʃœtna,bi:nka,ˈstel.la,ˈtæhtɑz,stɑː(ɹ),ímbaːsa,ˈnaːsːtiː,natʃtʃatɾa,əsˈtɾə.ʎə,ˈzorka,posi,es̺ˈtɾelɐ,ˈɑstəʁ,daːw˧,nakʂatɾ,,puʈ,bi:nko,ˈtæhti,,ˈtːæhtː,ˈtæht,,murutsχi,e.twal,mi:nu,zvàjɡznɛ,²ɧæːɳa,bintaŋ,,värskʼvlävi,rˠeːɫ̪,nakʂaʈiɾam,huka,,zvʲɪzˈda,
fog,sɨəŋ˧˧ mu˨˩,,tɔːɡə,,,nɨ.ˈvwɐj.ɾu,ˈɦmɫa,bintʼw,,,a̠nɡe̞,ʾ˘b̥d,,,ˈud̪,ˈkød,məˈɡɫa,nirsi,mjù,,mɫ̩ɦa,coː,ˈutu,,ˈnɛβlo,,ˈθɔːka,manəŋ,,,ˈudu,,məˈɡlá,ˈᵑkʰú.ᵑɡu,,,tʊ̞ˈmɑn,,,,,,,,ˈneːbl̩,,ˈmjɛɡuɫ,,ˈnivəl,dˁa.baːb,,ˈmaɡla,,,,mæh,,,,,ˈruːkɐs,ˈt͡ʃe̯a.t͡sə,,,mɪst,,mɡwa,ˈtʰoːʰka,,ˈnebbja,ˈsumeg,fɒɡ,ínkuːnɡú,,,ˈbɔj.ɾə,,,ˈnɛβo̯a̝,mɑrɑˈχuʁ,mɔːk̚˨˩,,kaːˈliː.ɡoː,,,ˈsumu,*zmuk.pa,ˈuntsːɤʔ,ˈudu,kʲeː,mpʼulä,bʁu.jaʁ,,,,kabos,,nisli,,,,,tʊˈman,
worm,zun˧˧,,,,,ˈvɛɾ.mɨ,ˈt͡ʃɛrw,mətʼ,,,,ṭṅ̥kūv,,,ˈborʲ,ˈkukɒt͡s,ˈtʃɛrvɛj,tʃʼiä,tìɡàʊɴ,sku.ˈli.ci,ˈt͡ʃɛrf,pʲeːʃtʲ,ˈmɑokːɤin,,,,ˈmaθkʏr,,,,ˈuotːø,,ˈtʃə́rw,,,,qʊ̞rt,,pʁɛ̃,,,,,,,ɡuˈsano,kɾimb,,muə̯t,duː.da,,,,kiɽa,,,,,kirm,,,,kiː.ɽɑː,,,,ˈrɔ.bak,,,ˈvɛrme,ˈtʃundtʃ,wɜːm,isíɓuːnɡú,,,ˈkuk,,d͡zẽ̞ɲ̟t͡ɕɨᵝː,ˈbɛɾme̝,vɔɾtʰ,nɔːn˩˩˦,,ˈwer.mis,,,ˈmɑto,,ˈhusː,ˈusː,beˈʃtʲeːɡ,tsʼitsʼi,vɛʁ,,,,,toˈla(ʔ)at,tʃʼiä,,,,,t͡ɕerfʲ,
sew,xəw˧˧,,syː,,,,,liʃχbi,,,ˈkiːp̚t͈a̠,,,,ˈumblɨ,ˈvɒrː,ˈʃijə,tʃʼälä,t͡ɕʰoʊʔ,,,,ˈɤmːɤɑ,,,,ˈsøyːma,,,,ˈomːelːɑ,,,,,,,,,,,,,,ˈnɛːən,ko.ˈser,,,ˈbitsen,xajtˁ,,,,,,,,,,,ˈsʲuːtʲɪ,,,,ˈnaːjə(n),,ʂɨt͡ɕ,,,kuˈtʃire,ˈombeltɑ,səʊ,,,,kuˈzi,ʂɨt͡sʲ,nupu,,kɑˈɾɛl,jep̚˦˥,,ˈsu.oː,,,ˈomːelːɑ,,ˈumplɤmɑ,ˈɤmblemɑ,,ɔtʃʼu,kudʁ,,ʃūːt,,,taˈfar,kʼɛrvä,,,,,ʂɨtʲ,xia
round,swɛ˧˧,go:l peɾi,,guɳɖɾani,,ʁɨ.ˈdõ.du,,kʼurpʼi,vaṭṭa,uɾuʈa,tuŋɡɯɭda̠,,,,ˈimːɨr,ˈkɛrɛk,,rgväli,wáɪɴ,,ˈkulatiː,kɾˠiːnʲ,ˈpulskɤɑ,guɳɖɾa:n,,,,,,bubbaɾi,ˈpyøryɑ,,otˈkròːɡəw,,,uɾuʈə,tʏ.ŋæˈræk,tūk,,ɡərd,,,,,ʀʊnt,reˈdondo,,ʋaʈʈam,,,guɳɖɾal,,,,krʊn,,uʈʈi,,,uɾuʈu,,roˈtund,,,rɔnt,,ɔˈkrɔŋ.ɡwɨ,,guɖme,roˈtondo,ˈkehker,ˈɹaʊnd,,,,roˈdo,ˈkruɣɫɨ,,reˈðondo̝,,,baṭṭa,roˈtun.dus,tukud,guʈiɳɖa,ˈpyøreæ,,ˈtːsːɤːrikː,ˈymɑr,,mɔrgväli,ʁɔ̃,bəjnsakɾangu:də,,,,,mrgväli,kʰruɪɲ,ʋaʈam,,,ˈkruɡlɨj,
tail,ʔɗuəj˧˧,liʈʈik,haːlə,vālamu,,ˈʁa.bu,ˈxvɔst,hækʼwɛd,ʋa:lə,ba:lə,k͈o̞ɾi,kn̥duy,,,ˈt̪ɑbɑːr,ˈfɒrok,,kʼudɛli,ʔəmí,,ɔtsas,ˈɾˠɨbˠəl̪ˠ,ˈæntæ,toka:ɾ,,,ˈhaːlɪ,,,to:ka,ˈhæntæ,,ˈrɛ́p,ˈmt͡ʃí.ɽa,,bi:la,qʊ̞j.ˈrʊ̞q,tōka,,,,,kujɾuc,,ʃvant͡s,ˈkola,,ʋa:lə,,ða.nab,tokoɾ,ˈɔpaʃka,,,ˈkənfɔn,dæm,po:ɾsam,ɡujˈruɣ,dum,ba:lu,,ˈkʷadə,pũːt͡ʃʰ,,staːrt,,ˈɔ.ɡɔn,,oli,ˈkoda,ˈhænd,teɪl,úm̩sîːla,,pa:lə,ˈku.ə,xvost,ɕip̚po̞,ˈraβo̝,pɔt͡ʃʰ,haːŋ˩˩˦,ba:la,ˈkau̯.da,kindiɾ,kʰola,ˈhæntæ,,ˈhɑnt,ˈsɑbɑ,,kʼudɛli,kø,ba:lə,astɛ,svans,eko(r),,kʼudi,,ʋa:lə,,,xvost,nɛz
live,səwŋ͡m˧˦,,leːvə,,hi.dup,viˈveɾ,ˈʒic,lidrɛ,,,ˈsʰa̠ːɭda̠,nau,ma.ˈbu.hay,,ˈje̞lːɨ,ˈeːl,ʒiˈvɛjə,rinä,,ˈzo,ʒiːt,mˠaɾʲ,ˈelæː,,,,ˈlɪːva,,,,ˈelie,d͡ʑíː.ʋɐ.t̪i,ʒiˈʋeːti,,,,,,,,,ˈlɪbjə,,,ˈleːbən,biˈbiɾ,jɛˈtɔj,,ˈliə̯vən,ʕaː.ʃa,,,,,bɪu̯,,,,,,ɡiˈʋæntɪ,trəˈi,d͡ʒina,,ˈleːvə(n),ɛˁːʃ,ʐɨt͡ɕ,,,ˈvi.ve.re,ˈelædɑ,lɪv,,ˈea̯lliːh(t),,ˈviw.ɾə,,ikʲiɾɯ̟ᵝ,,ɑpˈɾɛl,miː˧.t͡ɕʰiː˧.wit̚˦˥,,ˈwiː.woː,,,ˈelæː,,ˈelæmæ,ˈelɑmɑ,,skʰidälä,vivʁ,,dzîːvuôt,leːva,hidop,,tsχɔvrɛbä,,,,,ʐɨtʲ,
wing,kajŋ̟˧˦,,,,,ˈa.zɐ,ˈkriːdɫɔ,kʼäbərdʒ,,,na̠ɭɡe̞,s̥lāp,,,ˈt̪iːbɨz,ˈsaːrɲ,kriˈlɔ,suä,ʔətàʊɴ,,kr̝̊iːdlo,ˈʃcɪhɑːn,ˈsiːpi,,,,ˈvaiŋkʏr,,,,ˈsiːbi,,ˈkrìːlɔ,ˈpʰi.ko,fɯːt˧,,qɑˈnɑt,,ˈas.kɛl,,,,,,ˈflyːɡl̩,ˈala,kɾa,,,d͡ʒa.naːħ,,,,,ˈadai̯n,bɒːl,,ɡɑˈnɑd,bɔːl,,,,,,,ˈd͡ʒwɪːnɐħ,ˈskʂɨ.dwɔ,ˈvɔŋkʊɹ,,ˈala,ˈsuːg,wɪŋ,íːpʰiːɠo,ˈsoɑ̯ɟɟiː,,ˈa.lə,krɨˈɫo,t͡sɨᵝba̠sa̠,aː,tʰɛv,piːk̚˨˩,,ˈaː.la,,,ˈsiːpi,,ˈsːiːp,ˈtiːb,ˈskiːən,msvä,ɛl,,spàːɾns,ˈvɪŋˌɛ,,kaˈnaf,pʰrtʰä,,,,,krɨˈlo,dɛu.ka
moon,,ʈu:be,,tʃendɾuɖu,bu.lan,ˈlu.ɐ,ˈmɛsi̯at͡s,dɔʃdul,tʃendɾan,tʃendɾa,ta̠ɭ,lokkʰae,,,ˈkuː,ˈhold,luˈna,tʰutʰä,la̰,,ˈmjɛsiːt͡s,ɟəˈl̪ˠɑx,ˈkuː,sanɖama:ma,ˈlyno,,tʰuŋl,sar,,nela,ˈkuː,t͡ɕɐn̪.d̪ɽɐ́,ˈlùːna,ˈmʷe.zí,ɣoːŋ˧ ɗɯːn˨˦,tʃendɾe,ɑj,neliñ,,spoʐˈməi,,ˈmwanə,aj,,moːnt,ˈluna,hənə,cantiraṉ,,,dʒango,,,,ˈɬeɨ̯ad,,nila,,,nilatʃi,mʲeːˈnʊlʲɪs,ˈlunə,t͡ʃɑːnd̪,,maːn,ˈʔaːmɐr,ˈkɕɛŋ.ʐɨt͡s,ˈmɔanɪ,bilpdu,ˈlu.na,ˈku,muːn,íɲaːnɡá,ˈmaːnnuː,tinguʋa,ˈʎu.nə,,ta̠iĩɴ,ˈluɐ,luˈsin,t͡ɕan˧,candra,ˈluː.na,neling,tʃando,ˈkuː,*zla.ba,ˈkːuː,ˈkuː,eːs,tʰutʰä,lyn,pəɾi,,ˈmoːˌnɛ,bulan,jaˈʁɛaχ,mtʰvärɛ,,nelavə,lendʒu,,lʊˈna,zʊn
all,,kull,alə,anta,sə.mu.a,ˈto.ðu,ˈfʃɛtɔk,mæg,ella,ella,ˈmo̞ːdɯn,,,,ˈɑmɑː,ˈmindɛn,,ärdzä,ʔálóʊɴ,,ˈfʃɪxɲɪ,ˈɪlʲə,ˈkɤikːi,anta:,tut,ˈalə,,,,ma:k,ˈkɑikːi,s̪ɐ́ɽ.ʋɐ,ˈʋə́s,,,ma:ta,ˈbʏ̞.tæ,tūk,,,,,byˈtyn,,al,ˈtodos,ɡjiθ(ə),ella:m,,kull,bottig,ˈsitɛ,,,ɪˈɡɨːd,hæˈme,oʋʋoɖimo,,,nanga:ɭə,ˈvʲɪ.sɐs,tot,səb,,ɑl,,ˈfʂɨ.stɛk,ˈat.lʊɹ,go:ʈahi:,ˈtutto,ˈkɑik,ɔːl,,,ella,ˈtot,,sɨᵝbe̞te̞,,bɔˈlɔɾ,,ella,,tukud,majin,ˈkɑikːi,,ˈkːɤikː,ˈkɤik,,iri,tus,o:ʈəja,,ˈalˌa,səmuə,kol,qʼvɛlä,,ella:m,hara,,vʲesʲ,xɔ.kɔ.lʊ
thou,maj˨˩,ni:,du,ni:ʋu,kamu,tu,ˈti,si,ni,ni:nə,ta̠ŋɕʰin,,,,ˈsinɑː,ˈtɛ,ti,si,,,tɪ,t̪ˠuː,ˈsiæ,nimma,,,θu,,,ni:nu,ˈsie,,ˈtíː,,,i,,īn,,,,,sen,,duː,ˈtu,,ni,,ʔanta,nimme,ti,ˈθʊiː,tʊm,tiː,to,ni,,,ni,tʊ,tu,tʊm,ˈtɪ,ɣɛi̯,,tɨ,tʰʉuː(w),ni:n,t̪u,ˈsinæ,ðaʊ,,,ni,ˈtu,,⟨ki1mi1⟩,,du,kʰun˧,ni:nu,tuː,in,ni:n,ˈsinæ,,ˈsːɑʔ,ˈsinɑ,,si,ty,ni:jə,,dʉː,əŋkau̯,(ʔ)aˈta,ʃɛn,hu,ni:ja,ninu,,tɨ,tɔɪ
yellow,vaːŋ˨˩,pu:ʃkun,ɡuːl,pasupu,,ɐ.mɐ.ˈɾɛ.lu,ˈʒɫ̩tiː,qʼwitʰɛl,maɲa,mandʒa,ˈno̞ːɾa̠tʰa̠,lẏaṅ,ˈdɪːlaʊ,,ˈviːri,ˈʃaːrɡɒ,ʒɤlt,ʔvintʰɛli,wà,,ˈʒlutiː,bˠiː,ˈkɤltɑin,pasap,,,ˈkʏːlʏr,ʃar,,pijuda,ˈkeltɑni,,ruˈmɛ́n,,,mandʒalu,hɑˈrɯ̞,tūk,,ʒeɻ,,,sɑˈɾɯ,ˈzɛɾ,ɡɛlp,amaˈɾiʎo,,mandʒaɭ,ɡie̯l,ʔasˁ.far,piva:ʰd,,,,ˈmɛlɨ̞n,,aɾdʒin,,,mandʒe,,ˈɡal.ben,piˈla,ˈʒɔu̯tei̯,ɣeːl,ˈɪsfɐr,ˈʐuw.tɨ,ˈkuːlʊɹ,balke,ˈdʒal.lo,ˈpɑkuine,ˈjɛl.əʊ,,,mandʒe,ˈɡɾɔk,ˈʐou̯tɨ,,,dɛˈʁin,lɯa̯ŋ˩˩˦,haladi,ˈflaː.wus,tukud,ba:lka,ˈkeltɑinen,,ˈkːɤlːɑnɤ,ˈkolːɑne,,säri,ʒon,mandʒəla:ngi,dzæ̀ltæns,ɡʉːl,kuneŋ,,qʼvitʰɛli,ˈb̥ujə,mandʒə,hingeɾi,χɪə̯l,ˈʐoltɨj,ɦa.lɔ.dʱia
swim,ʔɓəːj˧˧,beʂoling,svœmə,i:du,,nɐˈðaɾ,ˈpɫaːvac,likʰni,neentuga,mi:ɾodu,sʰujʌ̹ŋɦa̠da̠,hael,,,ˈvʊigɨ,ˈuːsik,,ntʃuruä,jèkú,,ˈplavat,sˠn̪ˠɑːvˠ,ˈuʝuɑ,i:ta,,,ˈsɪnta,seɮəx,²sʏmjɑ,po:nim,ˈuijɑ,,ˈplaːʋati,,,mi:ndaɾa,,tūk,,lɑmbəl,,ˈsvɪm.mə,,,ˈʃvɪmən,naˈdaɾ,nɔˈtɔj,neentə,ˈʃwɑmən,,pohem,,,,ˈnɔvjɔ,,ni:tʃal,,,maɳa,ˈpɫɒʊ̯ˑkʲtʲɪ,,,,ˈzʋɛ.mə(n),,ˈpwɨ.vat͡ɕ,,ho:gpo,nwoˈtare,ˈujudɑ,swɪm,,ˈvuo̯ɟɟah(t),ni:ndə,nəˈda,,ɡ,,lɔˈʁɑl,waːj˥˩.naːm˦˥,i:dʒo,ˈna.toː,tukud,o:gna,ˈuidɑ,,ˈoitmɑ,ˈujumɑ,,ɔntʃviru,na.ʒe,ni:nɖʒu,pɛ̄ldɛ̂ːt,,,,tsurvä,,ni:tʃal,,,ˈplavətʲ,
father,ʔɓaː˧˧,,,,bapa,paj,ˈɔcɛt͡s,mu,,,a̠bʌ̹d͡ʑi,ýubuk,,dɑdɑ,ˈizɑː,ˈɒpɒ,bɐˈʃta,mumä,ʔəpʰè,paˈteras,ˈotɛt͡s,ˈahəɾʲ,ˈisæ,,ˈpajɾe,ˈfɔtəʁ,ˈfaːðɪr,,,,ˈtuɑto,pi.t̪ŕ̩,ˈɔ̀ːtʃɛ,ˈɓa.ᵐbo,,,ɑˈtɑj,,ˈtɑːt,,pʰɔː˦,hai̯t,bɑˈbɑ,,ˈfaːtɐ,ˈpadɾe,baba,,pɑp,ʔab,,,abba,pət̪ɑː,taːd,pʰeˈd̪æɾ,,ɑˈtɑ,,,ˈtʲeːvɐs,ˈta.tə,pɪ.t̪ɑː,ˈbɑtʲkɔ,ˈvaː.dər,,ˈɔj.t͡ɕɛt͡s,ˈfɛaːjɪɹ,,ˈpa.dre,ˈtɑt,ˈfɑː.ðə(ɹ),úɓaːɓá,ˈaːhːt͡ʃiː,,ˈpa.ɾə,ˈbat͡sʲka,ototosama,,hɑjɾ,pʰɔː˥˩,,ˈpa.ter,,,ˈisæ,,ˈesːæ,ˈisɑ,ˈeːar,bäbä,pɛʁ,,tǣːws,,bapə,(ʔ)av,mämä,ˈahəɾʲ,,,fɑːdər,ɐˈtʲet͡s,dɛʊ.ta
some,mot̚˧˨ʔ ʔit̚˧˦,,noən,,,al.ˈɡũʃ,ˈɲi̯ɛkɔʎkɔ,ɛrχi,,,mjʌ̹t̚,,,,ˈmuːnd̪ɑ,,,nämtʰinɛ,tət͡ɕʰo̰,,ˈɲɛkolɪk,ɾˠəɪn̠ʲtʲ,ˈmɤni,,,,,,,,ˈmonies,,,,,,,,,,,,,,,,,,,,,,,,,,,,,,,,t̪ʰoɽaː,ˈkilʲka,ʋɑt,,ˈtrɔ.xɛ,,,,ˈerɑz,sʌm,,,,,,,,,baːŋ˧,,,,,ˈjokin,,ˈmɤni,ˈmɤni,,bäzi,dy,,,ˈnoːˌ(ɡ)ra,,,zɔgi,,,,,nʲɪˈmnoɡə,
egg,t͡ɕɨŋ˧˦,xuahae,ɛːɡ,guɖɖu,,ˈo.vu,ˈvajt͡sɛ,ləgrɛ,muʈʈa,muʈʈe,ta̠ɭɡja̠ɭ,s′ut,ʔitˈloɡ,,ˈmunɑː,ˈtojaːʃ,jəiˈt͡sɛ,märkʰväli,ʔṵ,ta.oˈa,ˈvɛjt͡sɛ,uː,ˈmunɑ,gaɾbam,,,ˈɛkː,,ɛɡː,sanku,ˈmunɑ,,ˈjàːjtsɛ,ˈd͡zi.ɽa,kʲai˧˥,ketti,kʏˈkæj,tūk,,həɡəi,kʰāi,aːi̯,jumuɾˈta,,aɪ̯,ˈwebo,,muʈʈe,e,,mi:ndʒ,ˈjajt͡sɛ,ɖim,,uːɨ̯,t̪ʰoχm,muʈʈe,jumurˈtɑ,tuxm,muʈʈe,,ow,ən.ɖɑː,,ɛi̯,ˈbɐjdɐ,ˈja.jɔ,ɛkː,ɾaɾapa:ndu,ˈwɔ.vo,ˈmunɑ,ɛɡ,íːǃaːndá,ˈmonniː,moʈʈe,ˈɔw,ˈjajka,ta̠ma̠ɡo̞,ˈɔ.βʊ,d͡zu,kʰaj˨˩,moʈʈe,ˈoː.wum,kaɾbə,bi:,ˈmunɑ,*zɡoŋ.ŋa,ˈmunɑ,ˈmunɑ,au,mäkʰväli,œf,mujɾgi,uōla,ɛɡː,təlo(r),,kʼvɛrtsχi,u,mooʈə,tala,ˈəiər,(j)ɪjˈt͡so,kɔ.ni
give,t͡ɕɔ˧˧,tinning,ɡiː,itʃtʃu,bəri,ˈdaɾ,,lihwdi,koɖukkuga,koɖi,t͡ɕuda̠,o̥y,,,ˈɑnd̪ɨ,ˈɒd,ˈdavəm,mɛtʃämä,pé,,ˈdaːvat,ˈt̪ˠuːɾʲ,ˈɑnːɑː,i:m,,,ˈcɛːva,oɡəx,,si:ta:n,ˈɑntuɑ,,ˈdati,ˈpa.t͡sa,haɯ˥,koɾo,,cī,ˈrɛĩ,,mɔːp˥˦,jaːn,veɾ.mec,,ˈɡeːbən,ˈdaɾ,,kuɖə,,ʔaʕ.tˁaː,hi,,,d̪ena,r̥ɔi̯,d̪ɒːˈd̪æn,ittʃadta,verˈmæk,dɔːdæn,koɖu,ˈduɔtʲɪ,da,d̪eː.nɑː,,ˈɣeːvə(n),,ˈda.vat͡ɕ,t͡ʃeːʋa,tʃiba:h,ˈda.re,ˈɑntːɑ,ɡɪv,,,koɖu,doˈna,,*ataperu,,tɑl,haj˥˩,koɖu,doː,tʃi,tʃihna,ˈɑntɑː,,ˈɑntmɑ,ˈɑndmɑ,,mɛtʃämu,dɔ.ne,koɖ,duôt,jeː,bəri,,mitsɛmä,,tej,taa,,dɐˈvatʲ,
smoke,xɔj˧˦,mo:ʃ,røj,poga,,ˈfu.mu,ˈdim,zinqʰ,puka,poge,ˈjɘːnɡi,p̥ʰsaeṅ,,,ˈsov,ˈfyʃt,,kʼumä,ʔəkʰó,kaˈpno̞s,diːm,ˈdʲat̪ˠəx,ˈsɑvːu,kumpo:ɖ,,,ˈreiːkʏr,ʊtʰa,,pog,ˈsɑvu,d̪ʱuː.mɐ́,ˈdím,ˈu.t͡sí,,poga,tʏ̞.ˈtʏ̞n,tūk,,d̪od̪,,,,,ʁaʊ̯x,ˈumo,,pukai,damp,du.xaːn,poja,,,d̪ʱuã,muːɡ,,pukuɖti,tysˈty,,poge,,,d̪ʱuː.ɑ̃ː,dɪm,roːk,,dɨm,ˈɹɔiːjkʊɹ,mo:ha,,ˈsɑvu,sməʊk,íntuːtʰú,ˈsuo̯vva,hoge,ˈfum,dɨm,keburi,ˈfume̝,t͡suχ,kʰwan˧,hoge,ˈfuː.mus,poa:g,mosaga,ˈsɑʋu,*du.ba,ˈsːɑu,ˈsuits,ˈd͡ʒeːax,kʼɔmä,fy.me,pəggi,,,asap,,bɔli,t̪ɔʰtʲ,pegu,,,dɨm,
forest,zɨŋ˨˩,,,,hu.tan,floˈɾɛs.ta,ˈlɛs,tsχɛkʼ,,,sʰup̚,b̥rai,,,ˈmɨt̪sɑː,ˈɛrdøː,ɡoˈra,tʼqʼä,tɔ́,ˈðasɔs,lɛs,kiːlʲ,ˈmetsːæ,,,,ˈskouːʏr,,,,ˈmetʃːɑ,ʋɐ́.n̪ɐ,ˈɡɔ́st,,ɗoŋ˨˦ fai˦˨,,urˈmɑn,,ˈkwɑːt,d͡zəŋɡəl,,,,,valt,ˈboske,pyɫ,,beʃ,ɣaː.ba,,ˈʃuma,,,ˈkɔɨ̯dwɪɡ,beːˈʃæ,,,beʃæ,,ˈmɪʂ.kɐs,pə.ˈdu.ɾe,,,ʋɑu̯t,,las,,,,ˈmets,ˈfɒɹɪst,îːɬâːtʰi,,,ˈbɔsk,lʲes,mo̞ɾʲi,ˈbɔske,ɑnˈtɑr,paː˨˩,,ˈsil.wa,,,ˈmetsæ,*ɕiŋ.naks,ˈmɤtːsː,ˈmets,kiːlʲ,gɛrmä,fɔ.ʁɛ,,,skuːɡ,hutan,ˈja(ʕ)aʁ,tʼqʼɛ,ˈkʰɤʎə,,,bɔs,lʲes,ɦa.bi
feather,ləwŋ͡m˧˧ vu˦ˀ˥,paɾɾɛ,fjeːr,i:ka,,,,pʼintʼqʼil,tu:ʋalə,topaʈa,kit̚,s̥lāp,,,ˈt̪uːrgɨz,ˈtolː,,burdʁä,ʔətàʊɴ,,ˈpɛːro,ˈclʲɛtʲə,ˈsulkɑ,geɾk,,,fjœːðʏr,,fjøːr,bull,ˈsulgɑ,,pɛˈróː,ˈⁿtʰe.ᵑɡa,,huʋi,qɑ.wɯ̞r.ˈhɯ̞n,tūk,,,,,tyj,,ˈfeːdəʁ,ˈpluma,,ɾekke,ˈfie̯deʀ,,buɾa,,,,plɨː,por,iɾakke,,pær,to:pəʈa:,,fulɡ,,peˈrɔ,veːr,ˈriːʃ,ˈpʲu.rɔ,ˈfjøːvʊɹ,paki:,ˈpjuma,ˈhøuneh,ˈfɛð.ə(ɹ),úːpʰaːpʰé,,ɾakke,,,ha̠ne̞,ˈplumɐ,pʰɛˈtuɾ,kʰon˩˩˦.nok̚˦˥,gari,ˈpluː.ma,tukud,pentʃo,ˈsulkɑ,,ˈsːulk,ˈsulg,,bundʁä,plym,tiʋija,spālva,,,,bumbuli,,ɾe:kə,,,pʲɪˈro,pakʰi
few,ʔit̚˧˦,,fɔː,,,ˈpow.kuʃ,ˈmaːlo,mɔid,,,ˈt͡ɕɘːk̚t͈a̠,tic,,,ˈve̞it̪ɨ,ˈkɛveːʃ,,tʃʼitʃʼɛ,nɛ́,ˈliɣos,ˈmaːlo,bʲɔɡ,ˈvæhæː,,,,,,,,ˈvæhæine,,mâlo,,,,æð,,,ləɡ,nɔːj˥˧,,ɑz,,ˈveːnɪç,,,,,qa.liːl,,ˈmaɫku,,,əˈχədɨ̞ɡ,kʲæm,,ɑz,,,,puˈt͡sin,kʊt͡ʃʰ,ˈmɑlo,ˈʋɛi̯nəx,,ˈma.wɔ,,,ˈpɔ.ko,ˈvæhæ,fjuː,,,,ˈpɔk,,sɨ̥ᵝko̞ɕi,,kʰitʃʰ,nɔːj˦˥,,ˈpau̯.kus,,,ˈʋæhæn,,ˈveityʔ,ˈʋæhe,,mtsikʰä,pø,,,foː,,,tsɔtʼä,,,,,nʲɪˈmnoɡʲɪj,
white,t͡ɕaŋ˧˦,pi:un,,vella,,ˈbɾɐ̃.ku,ˈbi̯ɛli,tʰɛtʰnɛ,ʋeɭuppə,boltadə,çida̠,s,ˈpúˈtɪ,ɑq,ˈvɑːld̪ɑ,ˈfɛɦeːr,bʲal,tʃɛ,pʰjù,ˈaspro̞s,ˈbiːliː,bˠɑːn̪ˠ,ˈvɑlkeɑ,telup,,vajs,ˈxʷiːtʏr,t͡sʰaɢaŋ,kʋiːt,telluɖi,ˈvɑlgei,ɕʋɐj.t̪ɐ́,ˈbéːw,,haːu˨˦,boldu,ɑq,vil,,spin,,vit,ɑk,ˈspiː,vaɪs,ˈblanko,baːɾð,veɭɭə,væːɪ̯s,ʔab.jadˁ,tellag,,ʃad̪a,,ɡwɨ̞n,seˈfiːd̪,pelti,,,boltaji,ˈbaːltɐs,alb,səfed̪,ˈbʲilei̯,ʋɪt,ˈɐbjɐt,ˈbʲa.wɨ,ˈkvʊiːjtʊɹ,sada:,ˈbjaŋko,ˈvɑuged,waɪt,m̩ɬôːpʰe,ˈvie̯lːkah(t),ʋeɭɭe,ˈblaŋk,ˈbʲeɫɨ,⟨siro1si⟩,ˈbɾaŋkʊ,əspiˈtɑk,kʰaːw˩˩˦,biɭi,ˈal.bus,tukud,paɳɖɾu,ˈʋɑlkoinen,*tkar.po,ˈvɑlkɤ,ˈʋɑlge,,χtʃɛ,blɑ̃,bəɭɭu,bālts,,puteh,,tʰɛtʰri,kʲaɫ̪,ʋellə,pandi,vət,ˈbʲelɨj,bɔ.ɡa
count,ʔɗem˧˦,,,,,kõ.ˈtaɾ,,liʃɛldɛ,,,ˈsʰe̞ːda̠,rāp´,,,ˈlugːɨ,ˈsaːmol,,kʼɔrɔtsχuä,jè,,ˈpot͡ʃiːtat,ɾˠiːvˠ,ˈlukɤɑ,,,,ˈtʰɛlja,,,,ˈlɑskie,,,,,,,,,,,,,,ˈt͡sɛːlən,konˈtaɾ,,,ˈt͡siələn,,,ˈbrɔi,,,,ʃomordæn,,sɑjˈmɑχ,ʃumurdæn,,,,ɡɪn.nɑː,,ˈtɛlə(n),,ˈlʲi.t͡ʂɨt͡ɕ,,,konˈtare,ˈlɑʃkɑ,kaʊnt,,ˈlohkah(t),,komˈta,,kazuapu,,,nap̚˦˥,,ˈnu.me.roː,,,ˈlɑskeɑ,,ˈlukɤmɑ,ˈlugemɑ,,ɔkʼɔrɔtsχu,kɔ̃.te,,skàjtîːt,,kirə,,tʰvlä,,,,tɛ̞ːl,ɕːɪˈtatʲ,
long,zaːj˨˩,muɾgun,lanɡ,poɖaʋu,,ˈlõ.ɡu,ˈdl̩ɦiː,dʒwɛdi,ni:nɖa,uddə,ˈkiːɭda̠,vaeṅ,,,ˈpit̪kɑː,ˈhosːuː,ˈdɤlək,gindzɛ,ʃè,,ˈdlou̯ɦiː,ˈfˠɑd̪ˠə,ˈpitʃːæ,poɖaʋuʈa:du,,,ˈlaŋkʏr,,,poɖa:m,ˈpitkæ,,ˈdɔ́ːwk,,,uda,ʊ̞.ˈðʊ̞n,tūk,,uʐd̪,,,,ˈdɯɾeːʒ,laŋ(k),ˈlarɡo,,nīṇṭa,laːŋ,tˁa.wiːl,la:m,,,,hiːr,,neɾti,uˈzun,,ni:ʈa,,luŋɡ,,ˈdɔu̯ɦei̯,lɑŋ,twiːl,ˈdwu.ɡʲi,ˈlɛŋkʊɹ,digaɖo,ˈlunɡo,ˈpitkʲ,ˈlɒŋ,,,utta,ʎuˈɲa,ˈdou̯ɣʲi,na̠ɡa̠i,,jɛɾˈkɑɾ,jaːw˧,udda,ˈlon.ɡus,tukud,diga:h,ˈpitkæ,,ˈpːikːkː,ˈpikː,,gundzɛ,lɔ̃,uddu,,lɔŋ,,,grdzɛli,fad̪̊ə,ni:tam,,,ˈdlʲinːɨj,
bite,kan˧˦,kaat kanning,biːdə,koɾuku,,muɾˈðeɾ,,liqʰɛpʰ,kadikkuga,kaɖi,muɾʌ̹t͈e̞da̠,kʰāṃ,,,ˈjɑmst̪ɨ,ˈhɒrɒp,ot̪ˈxapvəm,χitʃuä,kaɪʔ,ðaŋˈɡono,ˈkou̯sat,,ˈpurɤɑ,koɾaka,,,ˈpiːta,xat͡səx,,atekaʂin,ˈpurːɑ,,,,,tina:ɾa,,kork,,,,,,,ˈbaɪ̯sn̩,,kafˈʃɔj,kaɖi,ˈbæi̯sen,ʕadˁ.dˁa,kask,ɔdˈɡrizuva,,,knɔj,,paɾtʃiʈtʃi,,ɡæzidæn,kaɖi,,muʃˈka,,,ˈbɛi̯tə(n),,,,ko:hi,ˈmɔrdere,ˈpurdɑ,baɪt,lûːma,,katʃtʃə,mo.səˈɡa,kuˈsat͡sʲ,ka̠mɯ̟ᵝ,,kəˈtsɛl,kat̚˨˩,kaḍi,ˈmor.de.oː,tukud,kʰatʃtʃna,ˈpurːɑ,,ˈhɑukːɑmɑ,ˈhɑmːustɑmɑ,,ɔkʼibinu,mɔʁdʁ,kaɖi,kuôst,,ɡiɡet,,kʼbɛtʃä,,kaɖə,katʃine,,ɐtˈkusɨvətʲ,
sleep,ŋu˧˩,xatʃing,,nidɾapoʋu,ti.dur,duɾ.ˈmiɾ,ˈspac,uʒ,uɾanguga,oɾa,t͡ɕa̠da̠,ṭek,ma.ˈtu.loɡ,,ˈmɑgːɨ,ˈɒlsik,spʲɤ,luri,ʔeɪʔ,ciˈmame,spaːt,ˈkɔd̪ˠɪlʲ,ˈmɑkɑː,undʒaʈam,,,ˈsɔːva,,,i:mangsati,ˈmɑguɑ,s̪ʋɐ́.pi.t̪i,ˈspaːti,,,dʒippaɾa,,maḍ,,,nɔːn˦˥,,,,ˈʃlaːfn̩,dorˈmiɾ,,uṟaṅku,ˈʃloːfən,naː.ma,mi:ɳɖa,,,,ˈkəsɡɨ̞,xɒːbiˈdæn,oɾkʰə,jɑtˈmɑχ,xɔːbiˈdæn,oɾa,,dorˈmi,soː.nɑː,,ˈslaː.pə(n),ˈraːʔɐt,spat͡ɕ,,andaɾpo ko:ɖa,dorˈmire,ˈmɑgɑtɑ,sliːp,,ˈoɑ̯ððiːh(t),oɾəgədə,duɾˈmi,,,,kʰəˈnɛl,nɔːn˧,malagu,ˈdor.mi.oː,tukud,khandaɾna,ˈnukːuɑ,,ˈmɑkɑmɑ,ˈmɑgɑmɑ,,ndʒiri,dɔʁ.miʁ,aɾgu,ɡulɛ̂ːt,soːva,tido(r),,dzili,,oɾəgə,,,spatʲ,xʊa
root,ze˦ˀ˥,ɾo:tɛ,roːd,ʋe:ɾu,,ʁa.ˈis,ˈkɔrɛɲ,tsʼusχund,ʋe:ɾə,be:ɾə,p͈uɾi,ṛs,,,ˈjuːrʲ,ˈɟøkeːr,ˈkɔrɛn,dʒindʒi,ʔəmjɪʔ,,ˈkor̝ɛn,fʲɾʲeːvˠ,ˈʝuːri,ʋe:ɾ,rraˈis,,rouːt,untəs,ruːt,ʋe:ɾkam,ˈjuːri,,kɔrɛˈnìːna,ˈmu.zu,,be:ɾu,tɑˈmɯ̞r,vār,,,hâːk,,,ˈɾɛh,ˈvʊʁt͡sl̩,raˈiθ,rəːɲ,ʋe:ɾə,ˈvuə̯t͡səl,d͡ʒa.ða.ra,hi:ɾ,,,d͡ʒəɽ,ɡwrai̯ð,ɾeːʃæ,ʋeɾ,kœk,reʃæ,be:ɾə,ʃɐkʲˈn̪ʲɪs̪,,d͡ʒəɽ,ˈkɔrʲinʲ,ˈʋɔr.təl,,ˈkɔ.ʐɛɲ,ɹɔuːt,banda:,raˈditʃe,ˈjurʲ,ɹuːt,ímpâːnde,ˈruo̯htas,pe:ɾə,əˈrɛl,ˈkoranʲ,ne̞,raˈiθ,ɑɾˈmɑt,raːk̚˥˩,be:ɾu,ˈraː.diːks,kuɾe,pa:da,ˈjuːri,*rt͡sa.ba,ˈjuːr,ˈjuːr,,dʒidʒi,ʁa.sin,bja:ɾə,,,aka(r),ˈʃoʁɛʃ,pʰɛsvi,,bʰulo:gam,ʋeɾ,,ˈkorʲɪnʲ,xia
die,t͡ɕet̚˧˦,kahing,dø,tʃatʃtʃipo:ʋu,,mu.ˈʁeɾ,ˈumri̯ɛc,dägrä,maɾikkuga,tʃ:ɭa,t͡ɕuk̚t͈a̠,tāy,,,ˈkuːolɨ,ˈmɛkhɒl,oˈmiɾəm,ʁurä,θè,peˈθeno,ˈumr̝iːt,,ˈkoːlːɑ,ɖollatam,,,ˈteiːja,,,tigte:n,ˈkuolːɑ,mɐ́.ɽɐ.t̪i,,,taːi˨˦,sajjaɾa,,cay,,,taːj˩˧,,œlˈmɛc,,ˈʃtɛʁbən,,vdɛs,tʃa:,,ˈmaːta,ha:,,,mərna,,moɾˈd̪æn,keɖuoisi,œlˈmæk,murdæn,tʃa:ɭa,ˈmʲɪrʲ.tʲɪ,muˈri,məɾ.nɑː,,ˈdoːtxaːn,mɪːt,uˈmʲɛ.rat͡ɕ,,keəa:na:keəida:h,moˈrire,ˈkoldɑ,daɪ,fá,ˈjaːpmiːh(t),sa:ʋadə,muˈɾi,,ɕinɯ̟ᵝ,,mɛrˈnɛl,taːj˧,sa:ji,ˈmo.ri.or,tukud,kʰena,ˈkuolːɑ,,ˈkːuːlmɑ,ˈsuremɑ,,ʁurä,mu.ʁiʁ,maɾdo:g,mīɾt,,mati,,sikʼvdili,,ta:ʋə,,,ʊmʲɪˈratʲ,mɔɹ
push,so˧˧,,skɔbɘ,,doroŋ,ẽ.pu.ˈʁaɾ,ˈtɫat͡ʃic,likʰχɛ,,,miɭda̠,ruñ,,,ˈlikːɨ,ˈtol,,ɛkʼɔkʼinä,tʊ́ɴ,,ˈtlat͡ʃɪt,,ˈtɤukːɑː,,,,ˈr̥ɪnta,tuɮxəx,,,ˈtungie,,,,,,,,,,,ˈtrjoːə,itmec,,ˈdʁʏkŋ̩,empuˈxaɾ,,,,,,,,,,,,,,,,,d̪ʱə.keːl.nɑː,,ˈdyu̯ə(n),,pxat͡ɕ,,,ˈspindʒere,ˈtunktɑ,pʊʃ,,,,əmˈpə.ɲə,,,,həˈɾɛl,dan˧,,ˈpel.loː,,,ˈtyøntæː,,ˈtːoukːɑmɑ,ˈtɤukɑmɑ,,mɛkʼäntʃʼinu,pu.se,,,²ɧʉːta,to.laʔ,,mitsʼɛvä,,,,,tɐlˈkatʲ,
salt,muəj˧˦,,salt,,,ˈsaɫ,ˈsɔʎ,dʒim,,,sʰo̞ɡɯm,ʾṃpil,,,ˈsuːolɨ,ˈʃoː,,dʒimu,sʰá,aˈlati,suːl,ˈsalˠən̪ˠ,ˈsoːlɑ,,,,sal̥t,taws,,,ˈsuolɑ,l̪ɐ.ʋɐ.ɳɐ́,ˈsóːw,mˈt͡ʃé.ɽe,kʲu˨˦,,tʊ̞ð,,,ˈmɑlɡa,kɯa˩˨,,ˈtuz,,zal(t)s,sal,ˈkɹi.pə,,zɑlt͡s,milħ,,,,,ˈhalɛn,næmæk,,,næmæk,,,ˈsa.re,,ˈsʲilʲ,zɑu̯t,,sul,sal̥t,,ˈsale,ˈsol,sɔːlt,íːtswaːjí,ˈsaːlːtiː,,ˈsal,,ɕio̞,s̺al,ɑʁ,klɯa̯˧,,,,,ˈsuolɑ,*t͡sʰʷa,ˈsːuːl,ˈsoːl,ˈsolan,dʒumu,sɛl,,sàːls,salt,,,märili,,,,,solʲ,lʊn
kill,ziət̚˧˦,kasfing,,tʃampu,məmbunʊh,ma.ˈta(ʁ),ˈzabic,lidgæri,kolluga,kollə,t͡ɕuɡida̠,sm̥lāp´,,,ˈt̪ɑpːɨ,ˈøl,oˈbivəm,ʔviluä,θaʔ,skoˈtono,ˈzabiːt,ˈmˠaɾˠə,ˈtɑpːɑː,aʋaka:,,ˈtɛjtn̩,ˈtrɛːpa,,,alangʈa:n,ˈtɑpːuɑ,ɦɐ́n̪.t̪i,uˈbìːti,,,keɾijaɾa,,tūk,,,kʰaː˨˩,,,,ˈtøːtən,maˈtaɾ,,kollə,,qa.ta.la,haʋka,ˈubiva,,marna,ɬaːð,kʰoʃˈt̪ʰæn,keɖukisti,œldyrˈmæk,kuʃtæn,kollə,,omoˈrɨ,mɑːɾ‿ɖɑːl.nɑː,,ˈdoːdə(n),ˈʔaːtɛl,zaˈbʲi.jat͡ɕ,,badʒpo,utˈt͡ʃi.de.re,ˈriktɑ,kɪl,,ˈkodːdiːh(t),koppə,məˈta,,ko̞ɾo̞sɨᵝ,,spɑˈnɛl,kʰaː˥˩,kollu,ˈok.ki.doː,tukud,eɖabna,ˈtɑpːɑː,*ksot,ˈtːɑpːmɑ,ˈtɑpmɑ,,ɔqʼvilu,ty.e,kenga:ɭ,nâːvɛ̂ːt,ˈdøːda,məmbunoh,,kʼvlä,maɾav,ta:ʋiɾ,,,ʊbʲɪˈvatʲ,
in,t͡ɕawŋ͡m˧˧,,,,,ẽj̃,,sgä,,,,,sa,,ˈs,bɒn,vɤ,,m̥à,en,v,ɪ,ˈsːɑ,,,,,tɔtʰər,iː,,ˈsːɑ,,ʋ,,,,,,,,naɯ˦˥,,,,ʔɪn,en,ˈnə,,,fiː,,vɔ,,,ən,dæɾ,,,dær,,,ɨn,ən.d̪əɾ,,ɪn,,f,ʊiː,,ˈin,ˈs,ɪn,,,,ən,,ɲ̟i,,mɛt͡ʃʰ,naj˧,,in,,,ˈsːɑ,,ˈhn,ˈs,,,dɑ̃,,,iː,,,ʃi,,,,,vɛ,bʱi.tɔɹ
old,ku˦ˀ˥,,ɡaməl,,la.ma,ˈvɛ.ʎu,ˈstariː,dʒwinɛl,,,na̠k̚t͈a̠,cās´,ˈlu.maʔ,,ˈvɑnɑː,ˈreːɡi,star,dʒvɛʃi,háʊɴ,,ˈstariː,ʃanˠ,ˈvɑnhɑ,,,,ˈkaːmatl,,²ɡɑːmɑl,,ˈvɑnhɑ,,ˈstár,,,,iθˈkɪ̞,,,,kau˧˧,ɔːt,,ˈkɛvn,alt,anˈtiɡwo,,,,qa.diːm,,,,,heːn,ɢæd̪iːˈmiː,,æsˈki,,,ˈsʲæːnɐs,vekʲ,pʊ.ɾɑː.nɑː,,ɑu̯t,ʔɐˈdiːm,ˈsta.rɨ,kɛaːmal,,ˈvɛk.kjo,ˈvɑnh,ˈəʊld,,,,ˈveʎ,staˈrɨ,,,hin,kaw˨˩,,ˈwe.tus,,,ˈʋɑnhɑ,*rȵiŋ.pa,ˈvɑnɑ,ˈʋɑnɑ,,mdʒvɛʃi,vjø,,,,,,dzvɛli,ʃɛn,,,œu,ˈstarɨj,pu.ɹɔ.na
fat,məː˦ˀ˥,tʃaɾpi:,fet,koʋʋu (noun),,ɡoɹ.ˈdu.ɾa,tuk,mətʃχim,koɻuppə,tʃeɾabi,t͡ɕiba̠ŋ,k̥ʰlāñ´,,,ˈrɑzɑː,ˈʒiːr,,gägäbi,ʔəsʰì,ˈli.pos,,sˠail̠ʲ,ˈrɑzvɑ,kodoʋo:s,,,ˈfɪːta,oːx,,bʰu:mi,ˈrɑzvɑ,,,,,tʃeɾabi,,koṛukuḍ,,,,,ˈj‿a,,fɛt,ˈɡɾasa,,koɻuppə,,,koɾondʒ,,tʃorbi,tʃərbiː,ˈbrastɛr,tʃærbiː,koɻəppə,,,tʃiɾabi,rʲɪəbɐˈlɐɪ̯ˑ,,,,vɛt,,twuʂt͡ʂ,ˈfiːtɪ,nedʒdʒa,ˈɡras.so,ˈrɑzv,fæt,ámafûːtʰa,,koɭəppə,,,ɕibo̞ː,,t͡ʃɑɾp,kʰaj˩˩˦.man˧,kobbu,ˈa.deps,me:n,neʈa,ˈrɑsʋɑ,,ˈrɑsːɤv,ˈrɑsʋ,,jäʁi,ɡʁɛs,tanniʋi,,fɛt,,,tsχimi,,koɭupu,,,ʐɨr,
blow,tʰoj˧˩,,blɛːsə,,,suˈpɾaɾ,,libɛlɛ,,,ˈpuːɭda̠,pk´,,,ˈpuːgɨ,ˈfuːj,,bäruä,m̥oʊʔ,,ˈvaːt,ʃeːdʲ,ˈpuhuɑ,,,,,uɮex,,,ˈpuhɑlduɑ,,,,,,,,,,,,,,ˈblaːzn̩,,,,,na.fa.xa,,ˈduva,,,ˈχwəθɨ̞,,,,,,ˈpǔːsʲtʲɪ,,,,ˈblaːzə(n),,ˈdmu.xat͡ɕ,,,sofˈfjare,ˈpuhudɑ,bləʊ,,,,buˈfa,,ɸɯ̟ᵝkɯ̟ᵝ,,pʰəˈt͡ʃʰɛl,pʰat̚˦˥,,floː,,,ˈpuhɑltɑː,,ˈpːuhkːmɑ,ˈpuhumɑ,,bäräpʰä,su.fle,,,,,,bɛrvä,,,,,dutʲ,
there,,,dar,,,ɐ.ˈi,ˈtam,ɛtʃɛtʃu,,,kʌ̹ɡi,,,,ˈsæːl,ˈotː,,tʰɛkʰ,hòm̥à,e̞ˈci,tam,ənʲˈʃɪnʲ,ˈsiːnæ,,,,ˈθartna,,,,ˈsielæ,,ˈtám,,,,unˈdɑ,,,ˈhalta,nan˥˦,,,,dɔrt,aˈʎi,,,do,hu.naː.ka,,ˈtamu,,,ˈəna,ɒːnˈdʒɒː,,,,,,aˈko.lo,,ˈtɑm,daːr,ɛːmː,tam,,,,ˈsigæ,ðɛə(ɹ),,ˈtoppe,,əˈʎa,,,,ɑjnˈtɛʁ,tʰiː˥˩.nan˥˩,,ˈi.bi,,,ˈtuolːɑ,,ˈsːæːl,ˈseɑl,,ɛkʰ,la,,tùɾ,dɛːr,,,ikʰ,,,,dɑːr,tam,tat
grass,kɔ˧˩,,,,,ˈɡɾɐ̃mɐ,ˈtraːva,mɛl,,,,s̥mau,daˈmo,,ˈɑːinɑ,ˈfyː,trɛˈva,tʼqʼä,mjɛʔ,,ˈtraːva,fʲeːɾˠ,ˈroho,,ˈɛrβo,ɡʁɔz,kraːs,ows,ɡrɑːs,,ˈheinæ,t̪ŕ̩.ɳɐ,ˈtràːʋa,ˈu.d͡zú,ɲɯ˥,,ʏˈlæn,,ˈɡɛwt,,ɲaː˨˩,ɣɛːs,ɔt,,ɡʁaːs,ˈpas.to,baɾ,,ɡʀaːs,ħa.ʃiːʃ,,,,,ˈɡlaswɛɬd,sæbze,,,sæbzæ,,ʒoˈlʲeː,ˈjar.bə,,,ɣrɑs,ħɐˈʃiːʃ,ˈtra.va,kɹɛaːs,,ˈɛrba,ˈhein,ɡɹɑːs,útʃâːni,ˈsitnuː,,ˈeɾ.bə,,kɯ̟̊ᵝsa̠,ˈɛɾβa̝,χɔt,jaː˥˩,,ˈher.ba,,,ˈruoho,*rt͡sʷa,ˈhɑin,ˈrohi,feːə,tʼkʼä,ɛʁb,,,,,ˈdeʃe,bäläχi,ˈfiəɾ,,,,trɐˈva,ɡʱãʱ
leg,t͡ɕən˧˧,,beːn,,,ˈpɛɾ.nɐ,ˈnɔɦa,tʃʼiʃχ,,,ta̠ɾi,joeṅ,,,ˈjɑːlgɑ,ˈlaːb,krak,kʼutʃχi,t͡ɕʰèdaʊʔ,ˈpoði,ˈnoɦa,kɔsˠ,ˈrihi,,ˈkambo,fʊs,ˈfouːtʏr,,bæɪn,,ˈsiæri,,nɔ̀ːɡa,ˈmʷe.ⁿdo,ka˨˦,,ɑˈjɑq,,ˈɡɑːr,,kʰaː˩˨,skoŋk,badʒak,,baɪ̯n,ˈpjerna,kəm.bə,,,ra.d͡ʒi.la,,,pa,,koːɨ̯s,pɒː,,,,,,,,,beːn,ˈrɪd͡ʒɛl,ˈnɔ.ɡa,,,ˈɡamba,ˈjɑug,lɛɡ,uḿ̩leːnze,,,ˈka.mə,naˈɣa,kʲa̠kɯ̟ᵝ,,vɔtkʰ,kʰaː˩˩˦,,kruːs,,,ˈsæːri,*rkaŋ.pa,ˈsːiːr,ˈsæːr,,kʼutʃχɛ,ʒɑ̃b,,kāːja,ˈbeːn,kaki,ˈʁɛɡɛl,pʰɛχi,kʰas,,,,nɐˈɡa,bʱɔ.ɹi
rotten,mʊwk͡p̚˧˨ʔ,,rɔdən,,,ˈpo.ðɾɨ,ˈɦɲiliː,mɛkʰwrɛ,,,s͈ʌ̹k̚t͈a̠,,,,ˈmæːrgɑ,ˈroɦɒtː,,ʔɔrädili,poʊʔ,ˈsapços,ˈzɦɲɪliː,ˈl̪ˠɔfˠə,ˈlɑho,,,,,,,,ˈlɑho,,ˈɡníːw,,,,sɪ̞ˈrɪ̞k,,,,,,,,faʊ̯l,,,,,faː.sid,,,,,,,,,,,,ˈpu.tred,,,rɔt,,ˈzɡɲi.wɨ,,,,ˈlɑho,ˈɹɑtn̩,,,,,ɣnʲiˈɫɨ,kɯ̟ᵝsa̠ɾɯ̟ᵝ,ˈpoðɾe̝,pʰəˈtɑt͡s,naw˥˩,,ˈpu.ter,,,ˈmætæ,,ˈmætæ,ˈmædɑ,,χtsäpʰɛri,puʁi,,,,,,dämpʼäli,,,,,ɡnʲɪˈloj,
if,new˧˦,,ves,,,sɨ,ak,läχ,,,,poe,,,ˈɑʒ,ˈhɒ,,vär,ka̰/,,ˈjɛstlɪʒɛ,mˠɑː,ˈkui,,,,ɛːv,,,,ˈgu,,tʃɛ,,,,æˈɡær,,,,,ɔs,,,vɛn,si,,,,ʔin,,ˈakɔ,,,ɔs,ˈæɡʲæɾ,,ˈæɡʲæɾ,,,jæj,ˈda.kə,ə.ɡəɾ,,ɑ(l)s,ˈjɛkː,ˈjɛɕ.lʲi,,,se,ˈku,ɪf,,ˈjos,,ˈsi,,mo̞ɕi,,jɛˈtʰɛ,tʰaː˥˩,,siː,,,ˈjos,*na,ˈkːu,ˈkui,,vänä,si,,,ɔm,ka.lau̯,,tʰu,,,,,ˈjes⁽ʲ⁾lʲɪ,
dry,xo˧˧,ba:ɾun,tœːr,eɳɖu,,ˈse.ku,ˈsuxiː,pʰikʼwi,varaṇṭa,oɳangina,ma̠ɾɯda̠,s̥ṅuat,,,ˈkuːjɑ,ˈsaːrɒz,,skʰiru,t͡ɕʰaʊʔ,,ˈsuxiː,ˈtʲɪɾʲəmʲ,ˈkuivɑ,aɾta:d,,,θʏrː,,,a:tiɾ,ˈkuivɑ,ɕúʂ.kɐ,ˈsúːx,,ɣeːŋ˦˨,nunguduna,qʊ̞ˈrʊ̞,tūk,ˈsɛːχ,,,,,,ˈtʁɔkən,ˈseko,,ularnta,ˈdʀeχen,d͡ʒaːff,ʋaʈʈa,,,suːkʰa,sɨːχ,xoʃk,oɳikisi,,,unaku,,usˈkat,suː.kʰɑː,,droːx,,ˈsu.xɨ,,a:ika:,ˈsekko,ˈkuiv,dɹaɪ,,,oɳikiladə,əˈʃut,suˈxʲi,ka̠ɰᵝa̠kɯ̟ᵝ,,t͡ʃʰoɾ,hɛːŋ˥˩,battida,ˈsik.kus,tukud,kʰajka,ˈkuiʋɑ,*skam.po,ˈkːuiv,ˈkuiʋ,,χɔmulä,sɛk,ajngənu ipədə,sàws,,,,mʃräli,ˈtʃʰiɾəm,kanʈiko,,,sʊˈxoj,xu.kan
heart,tim˧˧,ust,jɛrtə,hɾudajamu,d͡ʒan.tʊŋ,ko.ɾa.ˈsɐ̃w̃,sr̩tsɛ,gwi,hɾudajam,hrudaja,,peḥṭūṅ,,,ˈsid̪ɑːm,ˈsiːv,sərˈt͡sɛ,guri,n̥əlóʊɴ,karˈðʝa,ˈsr̩t͡sɛ,kɾˠiː,ˈsyæ,guɳɖeka:ja,kɔr,,ˈçar̥ta,,²jɑrtə,gunɖe,ˈsyvæin,ɦŕ̩.d̪ɐ.jɐ,sərˈtséː,mˈtí.ma,θim˨˦,mannə,jʏ̞.ˈræk,tūk,ˈkalɔ̃n,zɻə,tɕai˩˨,hɛt,jyˈɾɛc,,hɛʁts,koɾaˈθon,ˈzɛməɾ,idajam,,qalb,guɳɖe,ˈsr̩t͡sɛ,,,ˈkalɔn,del,manasə,ɡælb,dil,nendʒi,ʃʲɪrʲˈdʲɪs,ˈinimə,d̪ɪl,ˈsɛrt͡se,ɦɑrt,ˈʔɐlp,ˈsɛr.t͡sɛ,ˈjaɹ̥ʈa,hugli:,ˈkwɔːre,ˈsydæin,hɑːt,ínɬizíːjo,ˈvaːjːpmuː,,ˈkɔr,ˈsert͡sa,ɕĩnd͡zo̞ː,,siɾt,hua̯˩˩˦.t͡ɕaj˧,hrudaya,kor,dʒibe,buka,ˈsydæn,*zȵiŋ,ˈsːyæ,ˈsydɑ,kriː,guri,kœʁ,jaddi,sîɾts,ˈjɛrˌta,d͡ʒantoŋ,,guli,,nendʒu,,,ˈsʲert͡sə,dil
dog,t͡ɕɔ˧˦,kutʃak,hun,kukka,aɲ.dʒiŋ,ˈkɐ̃w̃,ˈpɛs,ʒɛʁ,na:ja,na:ji,ke̞ː,c̥ʰkae,,it,ˈpiɲ,ˈkucɒ,ˈkutʃɛ,dʒɔʁɔri,kʰwé,ˈscilos,pɛs,ˈmˠad̪ˠɾˠə,ˈkoirɑ,nej,ˈɡus,hʊnt,ˈhʏntʏr,nɔxɔi,,a:te,ˈkoirɑ,ɕʋɐ́n̪,ˈpə́s,ˈɡa.ɽú,ma˨˦,na:ji,ɪ̞t,netta,,,maː˩˨,huːn,cøˈpec,,hʊnt,ˈpero,cɕɛn,na:ji,hont,kalb,nej,,kukuɾ,kutɑː,kiː,sæɡ,noi,,sæɡ,na:ji,ʂuə,ˈkɨj.ne,kʊt̪.t̪ɑː,,ɦɔnt,kɛlp,pʲɛs,ˈhʊntʊɹ,kutʃtʃo,ˈka.ne,ˈkoir,dɒɡ,îːɲdʒá,ˈpea̯na,ne,ˈɡos,,inɯ̟ᵝ,,ʃun,maː˩˩˦,na:ji,ˈka.nis,ne,alla,ˈkoirɑ,*kʰʲi,ˈpːini,ˈkoer,ˈmɔːðə,dʒɔʁɔri,ʃjɛ̃,na:jə,,hɵnd,and͡ʒeŋ,,dzäʁli,kuː,na:ji,,ɦɔnt,sɐˈbakə,kukuɹ
who,ʔaːj˧˧,de:ɾ,vɛm,evaru,,kẽ(j̃),kto̞,jær,a:ɾə,da:ɾə,nuɡu,ʾ̥nkṇā,,,ˈkis,ˈki,kɔj,mi,bəθù,,ɡdo,ceː,ˈtʃen,be:nonɖu,,,xʷɛːr,,,bʰu:mi,ˈken,kɐ,ˈɡdòː,ˈⁿda.ní,,je:ɾu,kɪ̞m,ed,piv,,,,cim,,veːɐ̯,ˈkjen,kuʃ,jaarə,,mann,boɾ,kɔj,,,puːɨ̯,kʰej,oɾi,kim,,ja:ɾu,,,kɔːn,ˈxtɔ,ʋi,,ktɔ,kvøːr,ne:du,k̟i,ˈken,hw,úɓaːní,,ta:ɾa,ˈki,xto,tare,,ɔv,kʰraj˧,ja:ɾu,kʷis,tukud,ne,ˈkukɑ,*su,ˈkːiæ,ˈkes,,min,ki,da:ɾə,,,siapə,,vin,koː,da:ɾə,daat,,kto,
meat,tʰit̚˧˨ʔ,su:,,ma:msamu,,ˈkaɻ.ne,ˈmæso,lɛʁw,iɾatʃi,eɾatʃi,ko̞ɡi,sāc´,,,ˈle̞jɑː,ˈhuːʃ,mɛˈsɔ,χɔrtsi,ʔəθá,ˈkre̞as,ˈmaso,fʲoːlʲ,ˈlihɑ,angi:,,flɛɪʃ,kʰjœːt,max,çøːt,muɾija,ˈlihɑ,mɑ̃ː.s̪ɐ́,mɛˈsóː,ˈɲa.ma,no˧,ma:sa,it,tūk,,ɣwaˈ.ʂa,,flai̯s,ɛt,,flaɪ̯ʃ,ˈkarne,miʃ,iṟaicci,fleːʃ,laħm,haʋʋi,,maŋʃo,,kiːɡ,ɡoːʃt,pi:t,,ɡɵːʃt,iɾatʃi,,ˈkarne,ɡoːʃt̪,ˈmjɑsɔ,vleːs,,ˈmʲɛ̃.sɔ,t͡ʃʰøːʰt,ma:kɖu,ˈkar.ne,ˈlihɑ,miːt,íɲaːma,ˈpie̯rːkuː,pa:ɖə,ˈkaɾn,ˈmʲasa,ɕiɕi,,mis,nɯa̯˦˥,bāḍu,ˈka.roː,tukud,ahɖa:,ˈlihɑ,*ɕa,ˈlihɑ,ˈlihɑ,feːlʲ,χɔrtsi,vjɑ̃d,əɾsi,ɡaʎa,ɕœtː,daɡeŋ,bɔˈsɔr,χɔrtsi,,podu,,fləis,ˈmʲasə,maŋxɔ
big,,ballun,,pedda,,mɐjˈɔɾ,,χɔʃä,ʋaludə,baljadə,ˈɘːɾɯn,,,,ˈsuːr,ˈfɛlnøːtː,,didi,,,,,ˈsuːri,beɾɾa,,,,,,bʰu:mi,ˈsuːri,,,,,malla,,berto,,ɣaʈ,,,,,ɡʁoːs,maˈɟ͡ʝoɾ,,peɾija,,ka.biːr,pedda,ˈɡɔlɛm,,,,,ittu:ɖə,,,baleji,,,,ʋeˈlɪkei̯,,,dɔˈrɔ.swɨ,,be:ɖo,ˈɡran.de,ˈsurʲ,bɪɡ,,,doɖɖadə,ˈɡɾan,,o̞to̞na̠,,mɛt͡s,,doɖɖadu,,muɾe,koha,ˈiso,,ˈsːuːr,ˈsuːr,,didi,ɡʁɑ̃,dappu,,ˈvɵkˌsɛn,,ɡaˈdɔl,didi,,toɖut,be:ɾ,,bɐlʲˈʂoj,daŋɔɹ
I,toj˧˧,i:,jaj,ne:nu,saja,ˈew,ˈja,mi,ɲa:n,na:nə,na̠,k̥ʰñuṃ,ˈko,mæn,ˈminɑː,ˈeːn,as,mä,t͡ɕʊ̀ɴdɔ̀/,eˈɣo,jaː,mʲeː,ˈmiæ,nanna,ˈjew,ɪχ,jɛɣ,,eːɡ,ne:nu,ˈmie,ɐ.ɦɐ́m,,ˈi.ne,kou˨˦,ja:nu,mʲin,ān,,zə,kʰɔːj˨˩,ɪk,bɛn,,ɪç,ɟ͡ʝo,ˈun,na:n,eχ,ʔa.na,nanna,jas,ˈɑmiː,mɛ̃,miː,mæn,o:n,mæn,mæn,na:n,ɐʂ,jew,mɛ̃ː,ˈjɑ,ɪk,jɪːn,ja,eː,he:nu,ˈi.o,ˈminæ,aɪ,miːná,ˈmun,na,ˈʒɔ,,ɰᵝa̠ta̠ɕi,ˈew,jɛs,pʰom˩˩˦,na:nu,ˈe.ɡoː,a:n,ae:n,ˈminæ,*ŋa,ˈmɑʔ,ˈminɑ,miː,mä,ʒə,na:ʋə,ɛs,ˈjɑː(ɡ),sajə,(ʔ)aˈni,mɛ,mi,a:n,na:nu,ɛk,ja,mɔɪ
bird,t͡ɕim˧˧,tʃok,fuːl,pakʂi,,ˈpa.sa.ɾu,ˈftaːk,næpʼr,pakʂi,pakʂi,sʰe̞ː,pk̥sī,,quʃ,ˈlind̪,ˈmɒdaːr,ˈptitsə,kʼvintʃä,ŋ̊ɛʔ,puˈli,ptaːk,eːnˠ,ˈlintu,piʈʈe:ku,awˈsɛl,fɔjɡl,fʏkl,ʃʊwʊ,fʉɡl,piʈʈa,ˈlintu,ʋí,ˈptítʃ,ᵐbáˈɽa.me,ɣok˧,pakki,qʊ̞ʂ,tūk,,marˈɣa,nok˦,,,,ˈfoːɡəl,ˈpaxaɾo,zɔɡ,paɾaʋai,ˈfuʁəl,tˁaːʔir,piʈʈə,ˈpti.t͡sa,,,aˈdɛrɨ̞n,pʰæɾænˈde,paɾaʋai,ɡuʃ,paɾːanˈda,paktʃi,ˈpɒʊk.ʃtʲɪs,,t͡ʃɪ.ɽiː.jɑː,ˈptɑx,ˈvoːɣəl,asˈfuːr,ptak,,pudʒudu,uˈt͡ːʃɛlːo,ˈlind,bɜːd,íɲoːni,ˈlodːdiː,,ˈaw,,⟨to2ri⟩,,tʰərˈtʃʰun,nok̚˦˥,hakki,ˈa.wis,titə,oɖa,ˈlintu,*bʲa,ˈtːsːirkː,ˈlind,ˈoʒaɡ,kʼintʃi,wa.zo,pikki,,foːɡəl,buroŋ,t͡siˈpoʁ,tʃitʼi,ian,pakkigaɭ,minu,,ˈptʲit͡sə,sɔɹaɪ
husband,t͡ɕəwŋ͡m˨˩,,mæn,,,ma.ˈɾi.du,,tʃʼæʃ,,,na̠mpʰjʌ̹n,p̥ṭī,,,ˈmiːe̞z,ˈfeːrʝ,ˈmɤʃ,kʰɔmɔndʒi,lɪ̀ɴ,,ˈmanʒɛl,fʲaɾˠ,ˈmeːz,,,,ˈeiːjɪn.maːðʏr,,,,ˈmies,,ˈmóːʃ,,po˧,,irĕ,,ˈɡwaː,,pʰua˩˨,,kɔˈd͡ʒɑ,,,maˈɾido,bur,,mɑn,zawd͡ʒ,,maʃ,sami,,ɡuːr,ʃoʊˈhæɾ,,æɾ,,,ˈʋʲiːrɐs,sots,,t͡ʃɔlɔˈu̯ʲik,mɑn,ˈraːdʒɛl,mɔŋʂ,ˈmɛaːvʊɹ,,maˈri.to,ˈmezʲ,ˈhʌzbənd,uḿ̩jeːni,ˈpoɑ̯dːɲiː,,məˈɾit,muʂ,o̞t̚to̞,,ɑmuˈsin,saː˩˩˦.miː˧,,maˈriː.tus,,,ˈmies,,ˈmiːsː,ˈmeːs,,kʰɔmɔli,ma.ʁi,,vīːɾs,ˈmɑːˌkɛ,suami,,kʰmäri,,,,,muʂ,ɡi.ɹi
man,ŋɨəj˨˩,naɾeenə,,puɾuʂuɖu,o.raŋ,ˈɔmẽɪ̯,ˈt͡ʃɫɔvɛk,märɛ,a:ɳə,a:naaɭə,ˈsʰa̠ːɾa̠m,mnus̥s,,,ˈmiːe̞z,ˈɛmbɛr,tʃoˈvɛk,kʼɔtʃi,lù,ˈanθɾɔpɔs,ˈt͡ʃlovjɛk,ˈd̪ˠɪnʲə,ˈmeːz,magaʋa:ɳɖ,,mɛnt͡ʃ,ˈmanːɛsca,,²mɛnːɛʃə,maniʂa:n,ˈmies,mɐ.n̪uʂ.jɐ́,ˈtʃlɔ̀ːʋɛk,,βun˧˩,a:ndʒʋu,kɪ̞ˈʃɪ̞,tūk,,,ma˧˧ nut˧˧,ˈminskə,inˈsɑn,ˈmɯɾov,mɛnʃ,ˈombɾe,ɲɛˈɽi,a:ɳə,mənʃ,ʔin.saːn,mankal,ˈt͡ʃɔvɛk,manuʃ,,dɨːn,,a:lom,inˈsɑn,,panija,ʒmoˈɡʊs,om,məˈnʊ.ʂjə,,mɛns,ˈbnɪːdɛm,ˈt͡ʂwɔ.vʲɛk,,muɖsa:,ˈwɔ.mo,ˈmezʲ,mæn,umúːntu,,kanɖumuga,ˈɔ.mə,t͡ʂaɫaˈvʲek,⟨pi1to2⟩,ˈɔmɪ,mɑɾtʰ,ma˦˥.nut̚˦˥,ganɖasu,ˈho.moː,tukud,me:t,ˈmies,,ˈmiːsː,ˈmeːs,,kʼɔtʃi,ɔm,gəɳɖaɭə,tsìlvæ̀ːks,mɛnːɪɧa,,,kʼätsi,t̪ɯɲə,ganmagu,kakasi,,t͡ɕɪlɐˈvʲek,ma.nuʱ
seed,hot̚˧˨ʔ,bedʒdʒ,sɛːd,ʋittanam,,sɨˈmẽtɨ,ˈsɛmɛnɔ,læʃi,vita,kuɾu,ɕ͈i,g̥rāp´būj,,,ˈsiːe̞mgɨz,ˈmɒɡ,ˈsɛmɛ,tʰäsi,ʔəsḭ,ˈspo̞ro̞s,ˈsɛmɛno,ʃiːl,ˈseːmeː,pe:ɳɖku,,ˈzɔɪ̯mn̩,fraiː,ur,frøː,ʋittanam,ˈsiemen,bíː.d͡ʑɐ,ˈsèːmɛ,ˈᵐbé.(w)u,,bi:dʒa,ʊ̞rˈɫʊ̞q,vittid,,,,,,ˈtov,ˈzaːmən,,ˈfaːɾ,ʋedə,zoːm,,vidʒdʒa,,,,haːd,t̪ʰoχm,pittə,toˈχum,tuxm,kuɾu,ˈsʲeːklɐ,səˈmɨntsə,,ˈsʲimjɐ,zaːt,zɛrˈrɪːja,naˈɕɛ.ɲɛ,fɹɛaː,bʰumi,ˈseme,ˈsemen,siːd,ímbêːwu,,pittə,ʎəˈvo,naˈsʲenʲːe,ta̠ne̞,seˈmɛnte̝,sɛɾm,ma˦˥.let̚˦˥.pʰan˧,bede,ˈseː.men,tukud,bi:,ˈsiemen,,ˈsːeːmeʔ,ˈseːme,,tʰäsi,sə.mɑ̃s,bissə,,,bəneh,,tʰɛsli,,ʋitu,,,ˈsʲemʲə,ɡu.ti
hit,ʔɗəp̚˧˨ʔ,,slɔː,,,ɡow.pe.ˈaɾ,ˈudri̯ɛc,liqʼɛr,,,t͡ɕʰida̠,vāy,,,ˈrɑbːɨ,ˈyt,,mɛgämä,jaɪʔ,,,,ˈløː,,,,stlauː,,,,ˈlyːvːæ,,,,,,,,,,,,,,ˈʃlaːɡən,,,,,dˁa.ra.ba,,,,marna,ˈtarɔ,zæˈd̪æn,,,,,,,ˈmɑːɾ.nɑː,,ˈraːkə(n),,uˈdɛ.ʐat͡ɕ,,,kolˈpire,ˈlødɑ,hɪt,,,,kol.pəˈʒa,,ɯ̟ᵝt͡sɨᵝ,,χəˈpʰɛl,tiː˧,,,,,ˈlyødæ,,ˈlɨːmæ,ˈløːmɑ,,gɛtʃämu,fʁa.pe,,,,,,rtʼqʼmä,ˈbuɪl,,,,ʊdɐˈrʲætʲ,
four,ʔɓon˧˦,,fiːrə,,əm.pat,ˈkwa.tɾu,ˈʃtiri,wɔʃtʰχw,,,ne̞ːt̚,puan,ˈa.pat,tøt,ˈne̞ːʎɑ,ˈneːɟ,,ɔtʰχi,lé,ˈte̞se̞ˌra,ˈt͡ʃtɪr̝ɪ,ˈcahəɾʲ,ˈnelːæ,,ˈkatre,fiʀ,ˈfjouːrir,torəw,,,ˈnelʲːæ,t͡ɕɐ́.t̪uɽ,ˈʃtìːrjɛ,,θei˧˥,,dʏrt,,,t͡sa.lor,siː˧˧,,dœɾt,,fiːɐ̯,ˈkwatɾo,ˈkatəɾ,,ˈfɜɪ̯ɐ,ʔar.ba.ʕa,,,,,ˈpɛdwar,tʃæˈhɒːɾ,,dœɾd,,,kʲɛt̪ʊˈrʲɪ,ˈpa.tru,,t͡ʃoˈtɪrɪ̞,vir,,ˈt͡ʂtɛ.rɨ,ˈfʊiːɹa,,ˈkwat.tro,ˈnelʲː,fɔː,,ˈɲe̯aʎːʎe,,ˈkwa.tɾə,t͡ʂaˈtɨrɨ,jo̞,,t͡ʃʰɔɾs,siː˨˩,,ˈkʷat.tu.or,,,ˈneljæ,*bʑi,ˈneli,ˈneli,kʲeːə(r),ɔtʰχɔ,katʁ,,tsætri,ˈfyːˌra,əmpat,,ɔtʰχi,,,,,t͡ɕɪˈtɨrʲe,sa.ɹi
pull,kɛw˧˦,,trɛkə,,,pu.ˈʃa(ɹ),ˈci̯aɦnuc,libid,,,ˈk͈ɯːɭda̠,dāñ,,,ˈvie̞d̪ːɨ,ˈhuːz,,zindäpʰi,sʰwɛ́,,ˈtaːɦnou̯t,,ˈtɤmpɑː,,,,ˈtraːɣa,tʰatʰəx,,,ˈvetyæ,,,,,,,,,,,,t͡ʃɛcˈmɛc,,ˈtsiːən,tiˈɾaɾ,,,,,,,ˈʈana,,,kʲeʃiːˈd̪æn,,t͡ʃækˈmæk,,,,,kʰĩː(ɳ).t͡ʃnɑː,tʲɐˈɦɑte,ˈtrɛkə(n),,ˈt͡ɕɔŋ.ɡnɔɲt͡ɕ,,,t̪iˈrare,ˈvedɑdɑ,pʊl,,,,tiˈɾa,t͡sʲaˈɣat͡sʲ,,,kʰɑˈʃɛl,dɯŋ˧,,ˈwel.loː,,,ˈʋetæː,,ˈvitæmæ,ˈtɤmbɑmɑ,,ɔzdimu,ti.ʁe,,,,tareʔ,,mɔkʰätʃvä,,,,,tʲɪˈnutʲ,ta.na
good,tot̚˧˦,dʒua:n,ɡoð,mantʃi,,bõ,ˈdɔbriː,χɔtʃä,nalla,nalla,ˈt͡ɕo̞ːtʰa̠,l̥ʾ,maˈbu.ti,jɑχʃi,ˈjɨvɑː,ˈjoː,doˈbɤr,dʒgiri,káʊɴ,kaˈlos,ˈdobriː,mˠa,ˈyvæ,mantʃid,,ɡʊt,ˈkouːðʏr,sɛ̃ːŋ,,sobhatan,ˈhyvæ,s̪ɑː.d̪ʱú,ˈdòːbər,,ɗei˨˦,eɖɖedana,jɑqˈʂɯ̞,tūk,,xə,,,,,ɡuːt,ˈbweno,majɾ,nalla,,,assal,,bʱɑlo,əˈtːʃʰaː,daː,xuːb,ulti,jɑχˈʃɯ,,nallə,ˈɡʲæɾɐs,bun,ət͡ʃ.t͡ʃʰɑː,ˈdɔbrɪj,ɣut,ˈtɐjːɛp,ˈdɔ.brɨ,ˈkɔuːwʊɹ,he:ɖu,ˈbwɔː.no,ˈhyvæ,ɡʊd,,,oɭɭajadə,ˈbɔ,ˈdobrɨ,joɕi,ˈbo,lɑv,diː˧,oɭɭijadu,ˈbo.nus,tukud,da:ʋ,ˈhyʋæ,,ˈhæː,ˈheɑ,,kʼäi,bɔ̃,nall,,ɡuːd,baeʔ,,kʼärgi,maː,oludə,nejun,χut,xɐˈroʂɨj,bʱal
and,vaː˨˩,,ˈɒw,,dan,ˈɛ,,i,,,wa̠,nẏṅ,at,,ˈjɑ,ˈeːʃ,i,dɔ,nɛ̰,ce̞,a,ˈɑɡəsˠ,ˈʝɑ,,,ʊn,ɔːɣ,,oː,,ˈtɑ,t͡ɕɐ,in,,ɕau˧˥,,hæm,,,aw,lɛʔ˦,ɛn,ve,ˈuː,ʊnt,ʝ,ðɛ,,an,waːw,,i,,,,o,,,,,,ʃi,ɔːɾ,ˈi,ɛn,,i,oː,,e,ˈdɑ,ænd,nʱa,ˈja,,ˈi,i,to̞,,ɛv,lɛʔ˦˥,,et,,,ˈjɑ,*daŋ,ˈjɑ,ˈjɑ,,dɔ,e,,ùn,ɔ,dan,,dä,,,,ɛn,i,a.ɹu
what,zi˨˩,antə,vad,ēmi,,u ˌki,ˈt͡ʃɔ,mæ,endə,jentə,muʌ̹t̚,ʾī,aˈno,nemɛ,ˈmis,ˈmi,kɐkˈvɔ,mu,bà,,t͡so,kad̪ˠ,ˈmikæ,ba:ta,,vɔs,xʷaːð,,kʋɑː,em,ˈmi,,ˈkàːj,t͡ʃiˈjá.ni,,entʃina,,nāto,ˈpe.tʁa,,ɲaŋ˩˨,,,,vas,ˈke,tʃfaɹ(ə),enne,,maː.ðaː,baʈʈal,,,kjaː,beːθ,tʃʰe,inno,næ,,entai,,t͡ʃe,kjɑː,ʃtʃɔ,ʋɑt,,t͡sɔ,kvɛaːʰt,indiɾdu,,ˈmi,wɔt,,,e:nə,ˈkə,ʂto,na̠ɲ̟i,,int͡ʃʰ,ʔa˨˩.raj˧,je:nu,kʷid,enna:ʈ,je:ndra,ˈmikæ,*ɡa.re,ˈmiæ,ˈmis,,mu,kwa,ajindi,,vɑː(d),apə,,rä,tʲeː,eta:nə,ena,vat,ʂto,ki
tooth,zaŋ˧˧,danda:n,tan,pannu,ɡi.ɡi,ˈdẽ.tɨ,ˈzup,ʃdikʰ,pallə,pallə,i,d̥ʰmeñ,,t͡ʃiʃ,ˈɑːmbɑz,ˈfoɡ,zɤp,kʼibiri,θwá,ˈðɔndi,zup,ˈfʲiəkəlʲ,ˈɑmːɑz,palk,,tsɔn,tʰœnː,ʃud,tɑnː,palku,ˈhɑmːɑs,d̪ɐ́n̪.t̪ɐ,ˈzóːp,ˈd͡zí.no,heːu˥,ku:li,tɪ̞ʃ,pel,,ɣɑʂ,kʰɛːw˨˩,,diʃ,,t͡saːn,ˈdjente,,pallə,,san.na,pal,,d̪ɑt̪,d̪ãt̪,dant,dændɒːn,paɾse,diʃ,dændɔːn,pallu,,ˈdinte,d̪ɑ̃ːt̪,,tɑnt,ˈsɪnːɐ,zɔmp,tʰɔnː,pa:ldu,ˈdɛnte,ˈhɑmbɑz,tuːθ,îːzîːɲo,,hallə,ˈdent,,ha̠,,ɑˈtɑm,fan˧,hallu,dens,pa:lkill,pall,ˈhɑmːɑs,*so,ˈhɑmːɑsː,ˈhɑmːɑs,,kʼibiri,dɑ̃,pallə,zùops,ˈtand,ɡiɡi,,kʼbili,,pal,palu,,zup,dãt
ash,t͡ɕɔ˧˧,his,,bu:ɖida,abu,,ˈpɔpɔɫ,kʰæm,tʃa:mbal,bu:di,t͡ɕe̞,kṃñm,,,ˈt̪uːgɨ,ˈhɒmu,ˈpɛpɛl,nätʃʼvi,pjà,,ˈpopɛl,l̪ˠuə,ˈtuhkɑ,bu:ɖida,,,ˈaska,uns,,buggi,ˈtuhkɑ,,pɛˈpéːw,t͡ʃiˈpa.ɽa,,tʃu:nja,ˈkʏ̞l,nīd,ˈlyːdy,,,ˈjɪskə,ˈcʏl,ˈxwɛliː,ˈaʃə,θeˈniθa,,sa:mbal,æʃ,ra.maːd,ni:ɾ,,,rakʰ,ˈɬɨ̞dʊ,xɒːkʲesˈt̪ʰæɾ,pu:di,,,bu:di,,,rakʰ,ˈpɔpʲil,ɑs,,ˈpɔ.pʲuw,ˈœska,bʰumi,,ˈtuhk,ˈæʃ,uḿ̩loːtʰa,,kolabu:di,,ˈpopʲeɫ,,,moˈχiɾ,tʰaw˥˩,bu:di,ˈki.nis,niɖ,tʃind,ˈtuhkɑ,*ɡo.tʰal,ˈtːuhkː,ˈtuhk,,nɔmtʃkʰä,sɑ̃dʁ,pi:di,,,abu,,pʰɛrpʰli,,po:du atukə,,,ˈpʲepʲɪl,saɪ
breast,vu˧˦,xad,brøst,gunde,,ˈsɐj.u,ˈpr̩sɲiːk,mutʃʼwɛd,māṟu,mele,juba̠ŋ,ṭoḥ,,,ˈriːnd̪ɑ,ˈmɛlː,ɡərˈda,kʼidiri,no̰,ˈstiθos,pr̩s,,ˈrintɑ,eddam,,,prjoust,,,sa:tti,ˈrintɑ,,,ˈɓé.ɽe,,tigala,im.ˈsæk,edram,,,tuː˥˦,,,,bʁʊst,ˈpet͡ʃo,,ma:ɾbə,,,dudo,ˈɡrada,,pɪst̪an,brɔn,pʰesˈt̪ʰɒːn,nidʒikuɖi,,,mele,,pjept,,,bɔrst,,pʲɛrɕ,brœst,daibuku,ˈse.no,ˈrind,bɹɛst,îːɓéːle,ˈt͡ʃidːd͡ʒiː,ma:ɾə,ˈpit,,mɯ̟ᵝna̠,,kuɾt͡skʰ,taː˥˩.nom˧,ede,ˈmam.ma,palgil,jeʋakʰ,ˈrintɑ,,ˈrɤnt,ˈrind,,gjɔnkʰsi,sɛ̃,kujndigi,,,,ʃad,mkʼɛrdi,kʰʲiəx,me:l,sipadaki,bɔ(ː)rs,ɡrutʲ,
dirty,ʔɓən˧˩,,beskit,,,ˈsu.ʒu,,lətsʼid,,,ˈtɘːɾʌ̹p̚t͈a̠,k̥rk̥ʰvk´,,,ˈmustɑː,ˈpiskoʃ,,tsʼindämi,ɲɪʔ,,ˈʃpɪnaviː,sˠəˈl̪ˠax,ˈmusːɑ,,,,ˈouːr̥eitn,,²ʃɪtːn̩,,ˈligɑhine,,uˈmáːzan,,,,,,,sxɑ,,,,,ˈʃmʊt͡sɪç,ˈsuθjo,,,,,,,,ɡə̃nd̪ə,,kʲæˈsiːf,,t͡ʃirkˈli,,,,murˈdar,ɡən.d̪ɑː,,vœy̯l,,ˈbrud.nɨ,,,ˈspɔrko,ˈredukɑz,ˈdɜːti,,,,ˈbɾut,ˈbrudnɨ,kʲita̠na̠i,,kɛχˈtɔt,sok̚˨˩.ka˨˩.prok̚˨˩,,ˈsor.di.dus,,,ˈlikɑinen,,ˈmusːtːɤnuʔ,ˈmust,,lɛbɔni,sal,,nɛtīːɾs,,koto(r),,tʃʼutʃʼqʼiäni,,,,,ˈɡrʲaznɨj,lɛ.tɛ.ɹa
freeze,ʔɗawŋ͡m˧˦ ʔɓaŋ˧˧,,,,,ʒe.ˈla(ɻ),,likʼwrɛmi,,,ˈɘːɭda̠,,,,ˈkilmɨ,,,ʔinuä,,,ˈzmr̩zˌnɔʊ̯t,,ˈʝæːtyæ,,,,ˈfrjouːsa,,,,ˈjiædyø,,,,,,,,,,,,,,ɡəˈfʁiːʁən,eˈlaɾ,,,ˈfʀei̯ʀen,,,,,,,,,,,,,,d͡ʒəm.nɑː,,bəˈvrizə(n),,zaˈmar.zat͡ɕ,,,dʒeˈlare,ˈjædudɑ,ˈfɹiːz,,,,,,,ʃeˈaɾ,,kʰɛŋ˩˩˦,,ˈɡe.loː,,,ˈjæːtyæ,,ˈkːylmæmæ,ˈkylmumɑ,,ɔqʼinu,ʒə.le,,,,,,gäqʼinvä,rˠɔː,,,,zəmʲɪrˈzatʲ,
leaf,laː˧˦,pann,blad,a:ku,,ˈfo.ʎɐ,ˈlist,bälɛ,ila,elakaɳɖa,ip̚,s̥lẏk,ˈda.hon,,ˈle̞ːd̪j,ˈlɛveːl,,pʰurtsɛli,ʔəjwɛʔ,ˈfilo̞,ˈlɪst,ˈdʲɪloːɡ,ˈlehto,a:ki:,ˈfɥɛʎo,blat,løyːv,,,a:k,ˈlehti,,ˈlíːst,ˈt͡sa.ᵐba,,iɾa,jɑpˈrɑq,ev,ˈde.ljɛ̃n,pɑˈɳa,baɯ˩˨,,jɑpˈɾɑk,,blat,ˈoxa,,ele,,wa.ra.qa,a:ki,,,pətːiː,ˈdei̯lɛn,bæɾɡ,eɾs,jɑrˈpɑχ,,ele,,ˈfrun.zə,,,blɑt,ˈwɛrʔɐ,lʲiɕt͡ɕ,blɛaː,ha:tʰa,ˈfɔʎʎa,ˈlehtez,liːf,íːkʰaːsi,ˈlasːta,elə,ˈfu.ʎə,lʲist,pa,ˈfo.ʎɐ,tɛˈɾɛv,baj˧,jele,ˈfo.li.um,ʈunɖe,atkʰa,ˈlehti,*lo.ma,ˈlehtː,ˈleht,ˈd̪olʲaɡ,pʰävri,fœj,jali,,,daon,(ʔ)aˈla,pʰɔtʰɔli,,e:lu,patɾa,blɑːr,lʲist,
cold,lajŋ̟˧˨ʔ,jakʰ,kɔl,tʃalla,,ˈfɾi.u,,mətsχi,taɳuppə,talindʒadə,t͡ɕʰa̠n,rṅā,laˈmiɡ,,ˈkiːlmɑ,ˈhidɛɡ,stuˈdɛn,ʔini,ʔé,,ˈstudɛniː,fˠuəɾˠ,ˈtʃylmæ,salla:,,,ˈkʰaltʏr,,,pani,ˈkylmæ,,,,,tʃappa,hɯ̞.ˈwɯ̞q,pañil,,soɻ,,,soˈɰuk,,kalt,ˈfɾio,,kuɭiɾtʃi,kaːl,baː.rid,sallag,,,,oːɨ̯r,sæɾd,koɾti,soˈjuχ,,taɳidʒe,ˈʃaltɐs,ˈret͡ʃe,ʈʰən.ɖɑː,xɔˈlɔdnei̯,kɑu̯t,ˈkɪːsɐħ,ˈʑim.nɨ,,panija:,ˈfreddo,ˈkɑuged,kəʊld,,,koɾuʋə,ˈfɾət,xaˈɫodnɨ,t͡sɨᵝme̞ta̠i,ˈfɾiʊ,ˈsɑrə,jen˧,taɳɳige,ˈal.ɡi.dus,tukud,ki:ɾna,ˈkylmæ,*ɡraŋ.mo,ˈkːylm,ˈkylm,,qʼini,fʁwɑ,səjlijə,āūksts,kal,səd͡ʒoʔ,,tsivi,fuəɾ,koɾʋə,,kœut,xɐˈlodnɨj,
fruit,kwaː˧˩,,frɔɡt,,,ˈfɾu.ta,ˈɔvɔt͡si̯ɛ,χil,,,ˈkwa̠ːiɭ,p̥ʰlaejʰoe,,,ˈviːʎɑ,ˈɟymølt͡ʃ,plɔt,χili,ʔəθí,,ˈovot͡sɛ,ˈt̪ˠɔɾˠə,ˈviʎːɑ,,,fʁʊχt,ˈauːvœxstʏr,ur,,,ˈfrukt,pʰɐ́.l̪ɐ,ˈsáːdɛʃ,t͡ʃiˈpá.t͡so,maːk˧˥,,jɪ̞ˈmɪ̞ʃ,,fʁwɛs,,,,,,fʁʊxt,ˈfɾuta,,,,faː.ki.ha,,,pʰɔl,pʰəl,fruːɨ̯θ,miːve,,mɛjvæ,mevæ,,ˈvai̯sʲʊs,,pʰəl,,vrʏxt,,ˈɔ.vɔt͡s,,,ˈfru.tːo,ˈplod,fɹuːt,isítʰeːlo,,,,,,ˈfɾojta̝,pəˈtuʁ,luːk̚˥˩,,ˈfruːk.tus,,,ˈhedelmæ,*ɕiŋ.tok,ˈvili,ˈʋili,meːs,χilä,fʁɥi,,âwɡlis,ˈfrɵkt,buah,pʁi,χili,,,,,plot,
stick,ɣəj˧˨ʔ,,kɛp,,,ˈpaʊ,,pʰäu,,,mak̚d̬ɛːɡi,ṭṃpṅ,,,ˈsovɑː,ˈbot,ˈprɤtʃkə,bigä,doʊʔ,,ɦuːl,ˈbˠat̪ˠə,ˈriuku,,,,ˈstaːvʏr,,çɛp,,ˈkepːi,,,,,,tɑ.ˈjɑq,,,,,,tʃubuk,,ʃtaːp,,,,,ʕa.sˁan,,stap,,,,t͡ʃoːb,,,tʃɵb,,lɐzˈdɐ,,t͡ʃʰə.ɽiː,,,,kʲij,,,basˈtone,ˈkɑlu,stɪk,índuːɠu,,,,,,,pʰɑjt,dun˥˩,,ˈba.ku.lum,,,ˈkepːi,,ˈkːepː,ˈkepː,,bigä,bɑ.tɔ̃,,,ɕɛp,bataŋ,,dʒɔχi,,,,,ˈpalkə,
narrow,hɛp̚˧˨ʔ,,snɛvər,,,iʃ.ˈtɾɐj.tu,ˈuːski,näχwtsʼi,,,,cṅ̥ʾiat,,,ˈoːd̪ɨz,ˈsyːk,ˈtɛsɛn,intsʼrɔ,t͡ɕɪ́ɴ,,ˈuːskiː,kuːŋ,ˈɑhɑz,,,,ˈθrøyŋkʏr,narʲiŋ,,,ˈkɑidu,,ˈòːzək,,,,ˈtɑr,,,,,,,,ɛŋ,es̺ˈtɾe.tʃo,,,,dˁaj.jiq,,,,,kɨːl,,,dɑr,,,,strɨmt,t̪əŋɡ,wʊˈzʲkɪi̯,nɑu,,ˈvɔ̃s.kʲi,,,ˈstretːo,ˈkɑid,ˈnæɹoʊ,,,,əsˈtɾət,ˈvuskʲi,se̞ma̠i,,nɛʁ,kʰɛːp̚˥˩,,anˈɡus.tus,,,ˈkɑpeɑ,,ˈɑhtːɑkɤnɤ,ˈkitsɑs,,ndäri,e.tʁwa,,ʃàuɾs,,,,vitsʼrɔ,kʰɯːɫ̪,,,,ˈuskʲɪj,
fingernail,mawŋ͡m˧˦,,najl,,,ˈu.ɲɐ,ˈɲɛxt,tsχä,,,sʰo̞ntʰo̞p̚,,,,ˈkiːɲt̪ʃ,ˈkørøm,ˈnɔkət,birtsχä,lɛʔθɛ́,ˈniçi,,,ˈtʃynsi,,,,nœkl,xʊms,,,ˈkynsi,n̪ɐ.kʰɐ́,ˈnóːxt,kʰáˈɗa.ɓo,,,tɯ̞rˈnɑq,,,,,,,,ˈfɪŋɐnaːɡl̩,ˈu.ɲa,,,ˈfaŋeʀˌnoːl,ðˁufr,,nɔkt,nɔːkʰ,,,nɒːxon,,dɯrˈnɑχ,nɔːxun,,,,,,,,pazˈnɔ.kʲɛt͡ɕ,,,ˈun.ɡja,ˈkynzʲ,ˈfɪŋɡɚˌneɪl,úːziːpʰo,,,ˈuŋ.ɡlə,paˈznoɣat͡sʲ,t͡sɨᵝme̞,,jɛˈʁunɡ,lep̚˦˥.mɯː˧,,ˈun.ɡʷis,,,ˈkynsi,,ˈkːɨːtsː,ˈkiːs,,butsχä,ɔ̃ɡl,,,,kuku,,pʰrtʃχili,,,,,ˈnoɡətʲ,
breathe,tʰəː˧˩,,ɔnə,,,ʁɨʃ.pi.ˈɾaɾ,ˈdiːxac,liχwäntʼɛ,,,sʰumʃʰɥida̠,ṭkṭṅ̥hoem,,,ˈje̞ngɨ,ˈleːlɛɡzik,,,ʃù,a.naˈpne.o,ˈdiːxat,,ˈentʃiæ,,,,ˈanta,amʲsɢəɮəx,,,ˈhengitiæ,,,,,,,,,,,,,,ˈaːtmən,,,,ˈoːtmən,ta.naf.fa.sa,,,,,anˈadlɨ̞,,,,,,,,,,ˈaːdəmə(n),,ɔdˈdɨ.xat͡ɕ,,,respiˈrare,ˈhenktæ,bɹiːð,,,,rəs.piˈɾa,,ko̞kʲɨᵝː,,ʃənˈt͡ʃʰɛl,haːj˩˩˦.t͡ɕaj˧,,ˈspiː.roː,,,ˈhengitːæː,,ˈhenkæmæ,ˈhingɑmɑ,,ɔʃvänu,ʁɛs.pi.ʁe,,,,bə(r)nafas,,suntʰkʰvä,,,,,dɨˈʂatʲ,
red,ʔɗɔ˧˩,xi:sun,røːd,eɾupu,,vɨɾ.ˈmɐ(j).ʎu,ˈt͡ʃɛrvɛniː,tsʼərni,tʃumappə,tʃo:pə,p͈a̠ɭɡa̠tʰa̠,k̥rhm,pʊˈla,,ˈpunːi,ˈpiroʃ,tʃɛrˈvɛn,tʃʼitʰä,nì,ˈkocinos,ˈt͡ʃɛrvɛniː,ˈdʲaɾˠəɡ,ˈkɑuniz,eɾɾa,,,ˈrøyːðʏr,,ræʉ,jeruɖi,ˈruskie,ɽu.d̪ʱi.ɽɐ́,ərˈdɛ́tʃ,,,kempu,,key,,sur,,,kɯɾmɯzɯ,,roːt,ˈroxo,kuc,cem,ʀəʊt,ʔaħ.mar,eɾɾag,,,lal,koːχ,ɢeɾˈmez,keppə,,,tʃo:pə,rɐʊˈdoːnɐs,ˈro.ʃu,lɑːl,t͡ʃeˈrwɔnei̯,roːt,ˈɐħmɐr,t͡ʂɛrˈvɔ.nɨ,,e:so,ˈros.so,ˈrusked,ɹɛd,,,keppə,ˈrɔt͡ʃ,t͡ʂɨˈrvonɨ,akaki,beɾˈmeʎo̝,kɑɾˈmiɾ,dɛːŋ˧,kempu,ˈru.be.us,tukud,kheso,ˈpunɑinen,*dmar.po,ˈverːev,ˈpunɑne,,mtʃʼitʰä,ʁuʒ,tissəgaɳɖa:ngi,sâɾkans,røːd,merah,,tsʼitʰɛli,ˈtʲɛrɛk,netiɾ,netuɾi,roːi̯,ˈkrasnɨj,ɹɔ.ŋa
left,t͡ɕaːj˧˦,,,,,iʃ.ˈkeɾ.ðu,,lɛrtʰɛn,,,,c̥ʰveṅ,,,ˈkurɑː,ˈbɒl,ˈlʲaf,kʼvärtʃχäni,bɛ̀,,ˈlɛviː,clʲeː,ˈkurɤɑz,,,,,,,,ˈhuruɑ,,,,,,huɫ,,,,,,,,lɪŋk,,,,leŋks,ja.saːr,,,,,χwiːθ,tʃæp,,soɫ,,,,stɨŋɡ,,,lɪŋks,ʃɛlːuːk,ˈlɛ.vɨ,,,,ˈhurɑ,lɛft,,,,əsˈkɛ.rə,,çida̠ɾʲi,,d͡zɑχ,saːj˦˥,,ˈlae̯.wus,,,ˈʋɑsen,,ˈkːurɑ,ˈʋɑsɑk,,kʼväntʃχäri,ɡoʃ,,kɾèjs,,kiri,,märtsχɛnä,kʰʲaːrˠ,,,,ˈlʲevɨj,
scratch,ɣaːj˦ˀ˥,,,,,ko.ˈsa(ɻ),,lipʰχäntʃʼwä,,,kɯk̚t͈a̠,ʾeḥ,,,ˈkɑsiːɲtʲɨ,ˈvɒkɒr,,tsχäbäruä,koʊʔ,ˈksino,,,ˈkrɑːpːiɑ,,,,,,,,ˈkyndʒie,,,,,,,,,,,,,,ˈkʀat͡sn̩,rasˈkaɾ,,,,,,,,,,xæɾɒːʃiːˈdæn,,,,,,,,,,,ˈdra.pat͡ɕ,,,,ˈkynstæ,skɹætʃ,,,,,ˈdrapat͡sʲ,çik̚ka̠kɯ̟ᵝ,,kʰɛɾˈtsɛl,kaw˧,,ˈskal.poː,,,ˈrɑːpiɑ,,ˈkːrɑːpːmɑ,ˈkrɑːpimɑ,,ɔʁätsʼkʼu,ɡʁa.te,,,,,,pʰχätʃʼnä,,,,,t͡sɐˈrapətʲ,ãsʊɹ
stab,ʔɗəm˧˧,,,,,,,liswɛm,,,,,,,ˈsiskɨ,ˈdøf,,tsikʼäpʰä,tʰó,,,,ˈpisːæː,,,,,,,,ˈpystelːæ,,,,,,,,,,,,,,ˈʃtɛçn̩,apuɲaˈlaɾ,,,,tˁa.ʕa.na,,,,,,,,,,,,,,,ˈsteːkə(n),,,,,puɲɲaˈlare,ˈtʃokɑitɑ,stæb,,,,ə.pu.ɲəˈla,,,,χoˈtsʰɛl,tʰɛːŋ˧,,konˈfo.di.oː,,,ˈpistæː,,ˈtːsːusːkːɑmɑ,ˈpistmɑ,,ɔtsigu,pwa.ɲaʁ.de,,,,,,rtʃʼɔbä,,,,,zɐˈkalɨvətʲ,
not,xəwŋ͡m˧˧,a:xa,ekə,le:du,,nɐ̃w̃,,dɛmɛ,illa,ille,a̠n,,,,ˈæb,ˈnɛm,nɛ,vär,mə,ðe̞,nɛ,n̠ʲiː,ˈeb,ille,,nit,ˈɛhcɪ,,²ɪçːə,ka:du,ˈei,,ˈnɛ́,,ɓou˥,a:tu,ˈtʏ.ɡɪ̞l,tūk,,,bɔː˧˧,ˈnɛt,dejil,,nɪçt,no,nʊk,ille,,laː,helle,,,nəɦĩː,dɪm,næ,a:ɖudi,dejil,,ille,,nu,nə.ɦĩː,ˈnɛ,nit,,ɲɛ,ˈɪʰtʃːɪ,mala:,non,ˈei,nɒt,,,kulle,ˈno,nʲe,,ˈnʊŋ,t͡ʃʰ,maj˥˩,alla,noːn,tukud,mala,ˈei,,ˈei,ˈei,,vär,nə,ila,,ˈɪnˌtɛ,tidaʔ,lo,är,,illa,,ni,nʲɪ,nɔ.ɦɔɛ
he,ʔajŋ̟˧˧ ʔəj˧˦,,han,,dia,ˈe.li,ɔn,ɛdʒi,,,kɯ,gāt´,niˈja,u,ˈt̪æmɑː,ˈøː,t̪ɔj,tʰinä,θù,aˈftos,on,ʃeː,ˈtæmæ,,,,ˈhanː,,,,ˈhæi,,ˈɔ́n,ˈi.jé,te˨˦,,uɫ,,,haɣə,kʰao˩˨,hɛi̯,o,,ʔeːɐ̯,el,,,,hu.wa,,tɔj,ˈʃe,,eːv,ʔoː,,ɔ,ɵ,,jɪs,,ʋəʱ,ˈʋʲin,ɦɛi̯,uː,ɔn,,,ˈlui,ˈhæn,ˈhiː,jeːná,,,ˈeʎ,jon,ka̠,ˈel,nɑ,kʰaw˩˩˦,,is,,,ˈhæn,,ˈtːimæ,ˈtemɑ,,ɛjä,il,,viɲʃ,hanː,diə,(h)u,is,ɛ,,,,on,xi
far,saː˧˧,,,,,ˈlõ.ʒɨ,,dʒwɛdiä,,,,c̥ʰṅāy,,,ˈkougɨn,ˈmɛsːɛ,dəˈlɛtʃɛn,ʃɔri,wékwà,makriˈa,ˈdalɛkiː,ˈfˠɑd̪ˠə,ˈkɑukɑlːɑ,,,,,χɔɬ,,,ˈetæhænæ,,ˈdàːlɛtʃ,,,,ɑˈɫɯ̞θ,,,ˈləre,,,uˈzac,,fɛʁn,,,,,ba.ʕiːd,,,,,pɛɬ,,,uˈzɑχ,,,,deˈpar.te,d̪uːɾ,,vɛr,,daˈlɛ.kʲi,,,lonˈtano,ˈedɑhɑn,fɑː,,,,ʎuˈɲa,daˈlʲokʲi,,,hɛˈru,klaj˧,,ˈpro.kul,,,ˈkɑukɑnɑ,,ˈkːɑvːɤn,ˈkɑugel,,mɛndrä,lwɛ̃.tɛ̃,,tâːls,,d͡ʒaoh,ʁaˈχɔk,ʃɔri,,,,,dɐˈlʲɵkʲɪj,
name,ten˧˧,pin,,pe:ɾu,,ˈno.mɨ,ˈmɛnɔ,ʒäχɛ,peɾə,peda,iɾɯm,j̥ʰmoḥ,,ɑt,ˈnim,ˈneːv,ˈimɛ,säχɛli,ʔəmjì/,ˈo̞no̞ˌma,ˈjmɛːno,ˈanʲəmʲ,ˈnimi,pedeɾ,,nɔmɛn,napn,nir,,pe:ɾ,ˈnimi,n̪ɑ́ː.mɐn̪,iˈméː,ˈd͡zí.na,,pudaɾə,iˈsɪ̞m,pidir,,,sɯː˦˦,,ɑt̪,ˈnɑːv,ˈnaːmə,ˈnom.bɾe,ɛməɾ,pe:ɾə,num,ism,poɾol,,nam,,ˈɛnʊ,nɒːm,pe:ɾ,ɑd,nɔːm,pe:ɾu,ˈvɐrːdɐs,ˈnu.me,naːm,iˈmjɑ,naːm,ˈiːsɛm,ˈi.mʲɛ,naun,na:mi,ˈno.me,ˈnimi,neɪm,îːɡâːma,ˈnamma,esaɾə,ˈnɔm,jiˈmʲa,na̠ma̠e̞,,ɑˈnun,t͡ɕʰɯː˥˩,hesaru,,tukud,na:me,ˈnimi,*miŋ,ˈnimi,ˈnimi,,dʒɔχɔ,nɔ̃,pja:ɾə,vàːɾds,namn,namə,,säχɛli,,pe:ɾ,doru,,ˈimʲə,
woman,fu˧˨ʔ nɨ˦ˀ˥,njaaɽi,ˈkʰvenə,stɾi:,,muˈʎɛɾ,ˈʒe.na,zuräl,peɳɳə,ponna:ɭə,jʌ̹sʰʌ̹ŋ,s̥rī,,,ˈnɑi,ˈnøː,ʒɛˈna,ɔsuri,méɪɴma̰,ʝiˈne̞ka,ˈʒɛna,bʲanˠ,ˈnɑin,na:taʋa:d,ˈfenno,,ˈkʰɔːna,,²kʋɪnːə,ba:ji,ˈnɑine,s̪t̪ɽíː,ˈʒèːnska,ˈmká.zi,,pondʒa,qɑˈtɯ̞n,tūk,,ʂəˈd͡za,pʰuː˨˩ ɲiŋ˦˥,,kaˈdɯn,,fʁaʊ̯,muˈxeɾ,ˈɡɾua,peɳ,fʀa,ʔim.ra.ʔa,muɾtad,ˈʒɛna,,,,,tusmo:gə,,,panitʃi,ˈmoːtʲɛrʲɪs,feˈmeje,ˈɔːɾət̪,ˈʒʲinkɐ,vrɑu̯,,kɔˈbʲɛ.ta,,teldu,ˈdɔn.na,ˈnɑine,ʊ,úm̩fâːzi,ˈnisuː,emma:ti,ˈdɔ.nə,ʐanˈt͡ʂɨna,õ̞nːa̠ no̞ çi̥to̞,muˈʎɛɾ,kin,pʰuː˥˩.jiŋ˩˩˦,hengasu,ˈfeː.mi.na,tukud,mukka,ˈnɑinen,,ˈnɑːnɤ,ˈnɑine,bɛᵈn,ɔχɔrdʒä,fam,pəɳakkən,,ˈkvɪnːˌa,wanita,,kʰäli,b̥ɛn,pemagu,ɖoli,,ˈʐɛnʲɕːɪnə,maɪ.ki ma.nuʱ
mouth,miəŋ˧˨ʔ,ba:,mon,no:ɾu,,ˈbo.kɐ,ˈuːsta,pʼil,ʋa:ja,ba:ji,ip̚,māt´,,,ˈsuː,ˈsaːj,usˈta,pʼidʒi,pəzaʔ,,ˈuːsta,bʲia̯l̪ˠ,ˈsuː,pavu:ɾ,buko,,ˈmʏnːʏr,am,,mu:ti,ˈsuː,ɑ́ːs̪,ˈùːsta,ˈka.mʷa,paːk˧˥,ba:ji,ɑˈwɯ̞ð,vāy,ˈɡɵ̃ː.nu,xwlə,,ˈmulə,aːɯz,ˈdɛv,mʊnt,ˈboka,ˈɡɔjə,ʋa:ji,mont,fam,toɖɖi,,mukʰ,,keːɡ,d̪æˈhɒːn,po:i,ɑˈɣɯz,dæˈhɔːn,ba:ji,bʊrˈnɐ,,mũːʱ,ˈrɔt,mɔnt,ħɐlʔ,ˈu.sta,,toɾo,ˈbokka,ˈsu,maʊθ,uḿ̩loːmo,,pe,ˈbo.kə,rot,kutu,,bɛˈɾɑn,paːk̚˨˩,ba:ji,oːs,tʃa:lu,baji,ˈsuː,*kʰa,ˈsːuː,ˈsuː,ˈbiəl,pʼidʒi,buʃ,ba:jə,mutɛ,mɵn,mulot,,pʼiri,piaɫ̪,ʋa:ji,guʈi,mɔnt,rot,mukʰ
eat,ʔan˧˧ kəːm˧˧,kuning,spiːsə,tinu,,ko.ˈme(ʁ),,lizwɛb,tinnuga,tinə,ɕʰiks͈a̠ɦa̠da̠,,,,ˈsiːe̞d̪ɨ,,,tʃʼkʼɔmuä,,ˈtro̞o̞,jiːst,ɪ,ˈsyvːæ,tinnu,,,,,,a:ntisatun,ˈsyːvːæ,,,,,uɳa:ɾa,,tin,,,kin˩˧ kʰau˨˩,,,ˈxwɑːɾɯn,ˈʔɛsn̩,koˈmeɾ,,sa:pədə,ˈie̯sen,,dʒeʋi,ˈjadɛ,,,,,toɾtin,jeˈmæk,,tinno:,,luˈa,,,,,,,dʒa:go:lpah,manˈdʒa.re,ˈsødɑ,iːt,ɮá,,timbə,məɲˈʒa,,,,uˈtɛl,kin˧.kʰaːw˥˩,tinnu,,tin,mokʰna,ˈsyødæ,,ˈsːɨːmæ,ˈsøːmɑ,,ɔtʃʼkʼɔmu,mɑ̃.ʒe,tinn,,ˈɛːˌta,,,tʃʼämä,,tin atej,tinu,,jesʲtʲ,
flow,t͡ɕaj˧˩,,,,,,ˈci̯ɛt͡sc,lizi,,,,hūr,,,ˈjuːokʃɨ,ˈfojik,tɛˈkə,ulä,sí,ˈre.o,tɛːt͡st,,ˈʝohsɑ,,,,ˈrɛnːa,,,,ˈvirːɑtɑ,,ˈtɛtʃi,,,,,,,,,,,,ˈfliːsn̩,ˈflwiɾ,,,ˈflei̯sen,,,,,,,,,,,,ˈbʲeːk.tʲɪ,,,,ˈvlujə(n),,ˈpwɨ.nɔɲt͡ɕ,,,fluˈire,ˈjokstɑ,fləʊ,,,,fluˈi,,,,hoˈsɛl,laj˩˩˦,,ˈflu.oː,,,ˈʋirːɑtɑ,,ˈjuːsːkːmɑ,ˈʋoːlɑmɑ,,ɔzimzilu,ku.le,,,,alo(r),,dinɛbä,,,,flui,tʲet͡ɕ,bʊa
here,,,,,,ɐˈki,,ämɛtʃu,,,jʌ̹ɡi,neḥ,,,ˈt̪æs,ˈitː,ˈtuk,tʰäkʰ,,,ˈtoto,,ˈtæːlːæ,,,,çɛːr,,,,ˈtæs,ɐ́t̪.ɽɐ,ˈtúːkaj,,,,,,,ˈd̪əlt̪a,,,,,hiːɐ,aˈki,,,hai̯,hu.naː,,ˈtuka,,,,iːnˈdʒɒː,,burɑˈdɑ,,,tʃʲɛ,aˈit͡ʃʲ,,,ɦir,aʊ̯n,tu,,,kwa,ˈtægæ,hɪə(ɹ),,,,əˈki,,⟨ko2ko2⟩,,ɑjsˈtɛʁ,tʰiː˥˩.niː˥˩,,hik,,,ˈtæːlːæ,,ˈtːɑn,ˈsiːn,,äkʰ,i.si,,,hæːr,sini,kan,äkʰ,,,,,zʲdʲesʲ,iat
stone,ʔɗaː˧˦,xal,,ɾa:ji,,ˈpɛ.dɾɐ,ˈkamɛɲ,bætʃ,kallə,kallə,to̞ːɭ,t̥ʰm,ba.ˈto,tɑʃ,ˈkiv,ˈkøː,ˈkamək,kʰuä,t͡ɕaʊʔ,,ˈkaːmɛn,klˠɔx,ˈtʃivi,ɾa:j,ˈpɛjɾo,,steitn,,,gunɖə,ˈkivi,,ˈkàːmən,ˈmʷa.ɽá,,kallu,tɑʂ,kel,,,,stiə̯n,tɑʃ,ˈkɛvɯɾ,ʃtaɪn,ˈpjedɾa,ɡuɾ,kallə,ʃteːn,,baɳɖa,,,,ˈkarɛɡ,sæŋɡ,kaɾs,,sæŋ,kallu,,,pət̪.t̪ʰəɾ,,steːn,,ˈka.mʲɛɲ,,guga,ˈpjɛtra,ˈkivi,stəʊn,íːtʃe,ˈkea̯ðːkiː,kallə,ˈpe.dɾə,,iɕi,ˈpɛðɾɐ,kʰɑɾ,hin˩˩˦,kallu,ˈla.pis,kanɖ,pakʰna,ˈkiʋi,*rdo,ˈkːivi,ˈkiʋi,klaːx,kʰvä,pjɛʁ,kallə,,,batu,ˈeven,kʰvä,,kal,ʋali,,ˈkamʲɪnʲ,pa.tʰɔɹ
this,naj˨˩,da:,,ī,,ˈɛʃ.tɨ,,äli,i:,idə,i,neḥ,,bu,ˈse̞,,ˈt̪ɔzi,tʰɛnä,,aˈftos,ˈtɛnto,ʃɔ,ˈse,iddu,,,ˈθɛsːɪ,,,id,ˈtæmæ,,ˈtáː,,,undu,,ī,,,niː˥˦,,bu,,ˈdiːzər,ˈeste,ky,inta,des,haː.ðaː,id,ˈɔvɔj,,,hʊn,ʔin,idə,bu,,iʋe:,,aˈt͡ʃest,jəʱ,,ˈdeːzə,,tɛn,,i:du,ˈkwes.to,ˈnetse,ðɪs,,,idə,əˈkəst,,ko̞no̞,,ɑjs,niː˦˥,idhu,hik,idə,i:d,ˈtæmæ,,ˈsːeo,ˈseː,,äjä,sə,idə,ʃis,,ini,ˈe.le,ɛs,ʃɔ,idhə,idu,dɨt,ˈɛtət,
louse,zən˧˨ʔ,bo:dʰ,,pe:nu,,pi.ˈo.ʎu,ˈvɔʃ,tʼiʃ,pe:n,pe:nə,i,cai,,,ˈt̪e̞i,ˈtɛtyː,ˈvɤʃkə,tʼi,θáɴ,,ˈvɛʃ,,ˈtæi,poɾiki,peˈzul,,luːs,poːs,,pa:nu,ˈtæi,,ˈúːʃ,ˈⁿsa.ɓʷe,,pe:n,bɪ̞t,pēni,ˈlɔw,,,,ˈbit,,laʊ̯s,ˈpjo.xo,mɔr,pe:nə,,qam.la,poɾki,ˈvɔʃka,,dʒũː,ˈɬeɨ̯ɛn,ʃeˈpeʃ,iɾs,bit,,pe:nə,,,dʒũː,ˈwɔʃɐ,lœy̯s,,vɛʂ,lʉuːs,bʰumi,pi.ˈdɔk̚.kjo,ˈtæi,laʊs,íntwáːla,,ili,ˈpoʎ,voʂ,ɕiɾa̠mʲi,,vɔˈt͡ʃʰil,haw˩˩˦,he:nu,ˈpeː.dis,tukud,pe:n,ˈtæi,,ˈtːæi,ˈtæi,,tʼi,pu,pja:nu,,,kutu,,tʼili,,paiji,,,voʂ,
dig,ʔɗaːw˨˩,,ɡraːvə,,,,ˈkɔpac,libərdʒɛ,,,pʰa̠da̠,,,,ˈkuovo,ˈaːʃ,,ntʰχɔruä,tú,,ˈkopat,ˈt̪ˠɔxəlʲ,ˈkɑivɑː,,,,,,,,ˈkɑivuɑ,,kɔˈpàːti,,,,,,,,,,,,ˈɡʁaːbən,ekskaˈbaɾ,,,ˈɡʀue̯ven,ħa.fa.ra,,,,,,kʲænˈdæn,,,,,,,kʰoːd̪.nɑː,,ˈɣraːvə(n),,ˈkɔ.pat͡ɕ,,,skaˈvare,ˈkɑidɑ,dɪɡ,,,,kəˈva,,,eskaˈβaɾ,pʰɔˈɾɛl,kʰut̚˨˩,,ˈfo.di.oː,,,ˈkɑiʋɑː,,ˈkːɑipmɑ,ˈkɑeʋɑmɑ,,ɔntʰχɔru,kʁø.ze,,ɾakt,,ɡali,,tʰχrä,,,,,kɐˈpatʲ,kʰan.da
drink,ʔuəŋ˧˦,kuning,drekə,ta:gu,,be.ˈbeɾ,ˈpic,litʰrɛ,kuṭi,kuɖipa,ma̠ɕʰida̠,pʰẏk,,,ˈjuːod̪ɨ,ˈisik,ˈpijə,ʃumä,θaʊʔ,ˈpi.no,piːt,oːl̪ˠ,ˈʝuvːɑ,unnu,ˈbewre,,ˈtrɛhka,,,aniɾusa:t,ˈjuːvːɑ,pí.bɐ.t̪i,ˈpiːti,,,paɾijaɾa,,un,ˈe.vɑ̃,,dɯːm˦˦,ˈdrɪŋkə,it͡ʃˈmɛ́c,ˈvɛxwɑːɾɯn,ˈtʁɪŋkən,beˈβeɾ,pi,kuɖi,ˈdʀeŋken,ʃa.ri.ba,un,ˈpi.ɛ,,,ˈəvɛd,nuːʃiːˈdæn,uʈʈudi,itʃmæc,nɵʃidæn,kuɖipə,ˈɡʲɛrʲ.tʲɪ,be̯a,piːn̪ɑː,,ˈdrɪŋkə(n),ˈʃɔrɔp,pʲit͡ɕ,ˈtɾɛʰkːa,ho:na:,ˈbe.re,ˈjodɑ,dɹɪŋk,,ˈjuhkah(t),kuɖapə,ˈbəw.ɾə,,no̞mɯ̟ᵝ,,χəˈmɛl,dɯːm˨˩,kuḍi,ˈbi.boː,un,onna,ˈjuodɑ,*ⁿtʰuŋ,ˈjuːmɑ,ˈjoːmɑ,,ɔʃu,bwaʁ,kuɖi,dzɛɾ̂t,drɪkːa,minom,ʃaˈta,smä,ɔːɫ̪,unatukə,,,pʲitʲ,
smell,muj˨˩,,loɡt,,,ˈʃɐj.ɾu,,likʰwni,,,ˈne̞ːmsʰe̞,k̥lin,,,ˈnuːʃkɨ,ˈsɒɡ,,ʃuräpʰä,ʔəna̰ɴ,miɾoˈðʝa,ˈvuːɲɛ,,ˈhɑisːɑː,,,,lɪxt,,,,ˈhɑiʒuo,,,,,,jɪ̞θ,,,buj,,,koˈku,,ɡəˈʁʊχ,,ɛːɹ,,,,,,,,,,,ɡɔxu,,,,,ɡənd̪ʱ,,ɣøːr,,ˈza.pax,,,oˈdo.re,ˈmujudɑ,smɛl,,,,oˈlo,pax,ɲ̟io̞i,,hɔt,klin˨˩,,ˈo.dor,,,ˈhɑistɑː,,ˈhɑisːu tːuntmɑ,ˈhɑistmɑ,,ɔʃuru,ɔ.dœʁ,,,,bau,ˈʁe.aχ,qʼnɔsvä,,,,,ˈzapəx,
wipe,law˧˧,,veskɘ,,,ˌes.fɾe.ˈɡa(ɻ),,likʼwtsæni,,,ɕ͈it̚t͈a̠,,,,ˈpuːst̪ɨ,ˈtørøl,,tsʼiminduä,θoʊʔ,,ˈuciːrat,ˈkɪmʲɪlʲ,ˈpyhtʃiæ,,ejsyˈɣa,,,,,,ˈpyhkie,,,,,,,,,,,,,,ˈvɪʃn̩,limˈpjaɾ,,,,ma.sa.ħa,,ˈbriʃɛ,,mɪʈanaː,,,,,,,,,,,ˈveː.ɣə(n),,vɨˈt͡ɕɛ.rat͡ɕ,,,aʃʃuˈɡare,ˈpyhktæ,waɪp,,,,ə.ʃuˈɡa,,,,səɾˈpʰɛl,t͡ɕʰet̚˦˥,,ˈter.ɡoː,,,ˈpyːhkiæ,,ˈpːyhkːmæ,ˈpyhkimɑ,,ɔtsʼimidu,e.sɥi.je,,slāwtsîːt,,,ˈneɡev,tsʼmɛndä,,,,,vɨtʲɪˈratʲ,mɔ.sa
two,haːj˧˧,iɾat,toː,ɾeɳɖu,,ˈdojʃ,ˈdva.ja,jɔri,ɾendə,daɳɖə,tuːɭ,bīr,da.laˈwa,iˈkːi,ˈkɑkʃ,ˈkɛtːøː,,ʒiri,n̥ɪʔ,ˈðiˌo̞,dva,d̪ˠoː,ˈkɑhsi,ɾeɳɖ,,tsvɛj,tʰveiːr,xɔjər,,duɖə,ˈkɑksi,,ˈdʋáː,,ŋei˧,ɾaɖɖu,iˈkɪ̞,ir(ḍu),,dwa,sɔːŋ˩˧,,iki,,t͡svaɪ̯,dos,dy,ɾenɖə,t͡sweː,(ʔi)θnaːn,ɾeɳɖu,,,,daɨ̯,duː,e:ɖə,iki,,iɾandə,,doj,,ˈdʋɑ,tʋeː,,dva,,pa:nɖa,ˈdu.e,ˈkɑks,tuː,,ˈku̯okːte,eɾaɖə,ˈdos,dva,ɲ̟i,,jɛɾˈku,sɔːŋ˩˩˦,jeɾaɖu,ˈdu.o,iɾuɖu,i:rəb,ˈkɑksi,*gȵis,ˈkːɑtːsː,ˈkɑks,d̪eː,ʒur,dø,əddu,,tvoː,duə,,ɔri,,eɖu,rinɖa,tvɪə̯,dva,dui
lake,ho˨˩,,søː,,,ˈla.ɣu,ˈjazɛrɔ,tʼɔb,,,ɸʷo̞sʰu,pẏṅ,,køl,ˈjoːrɑ,ˈtoː,ˈɛzɛro,tʼɔbä,kàɴ,,ˈjɛzɛro,l̪ˠɔx,ˈʝɑrvi,,,,vaʰtn,nʊːr,,,ˈjærvi,,ˈjéːzɛrɔ,ˈɲa.ⁿd͡ʒá,hu˧˩,,kʏl,,,,nɔːŋ˩˨,,ɟœl,,zeː,ˈla.ɡo,liˈcɛn,,zɜɪ,bu.ħaj.ra,,,,,ɬɨ̞n,dæɾjɒːˈtʃʰe,,ɡœl,kɵl,,ˈæːʒʲɛɾɐs,,d͡ʒʱiːl,ˈɔzerɔ,meːr,aˁːˈdiːr,jɛˈʑɔ.rɔ,vaʰtn,,ˈlaɡo,ˈjærvʲ,leɪk,íːǀʰiːɓí,ˈjaːvːriː,,ˈʎak,ˈvozʲera,mʲizɨᵝɯ̟ᵝmʲi,ˈlaɣo̝,lit͡ʃ,saːp̚˨˩,,ˈla.kus,,,ˈjærʋi,*mt͡sʰo,ˈjærv,ˈjærʋ,laːx,tʼɔbä,lak,,æzæɾs,ɧøː,taseʔ,,tʼbä,,,,,ˈozʲɪrə,bil
dull,kun˨˩,,sløːv,,,ˈsɛ.ɣu,ˈtupiː,luwrɛ,,,mudida̠,,,,ˈt̪ɨːlzɑ,,,dʒärguliä,tóʊɴ,,ˈtʊpiː,,ˈtylpːæ,,,,,,,,ˈtyltʃːæ,,ˈtɔ́p,,,,,,,,,,køɾ,,ʃtʊm(p)f,ˈromo,,,,ka.liːl,,,,,,,,,,,,toˈt͡ʃit,,,bɔt,,ˈtɛm.pɨ,,,,ˈtylts,dʌl,,,,,tuˈpɨ,,,butʰ,,,ˈhe.bes,,,ˈtylsæ,,ˈnyhr,ˈnyri,,dʒängulä,e.mu.se,,,,,,blägvi,,,,,tʊˈpoj,
belly,ʔɓʊwŋ͡m˧˨ʔ,peɖʰ,,poʈʈa,,bɐ.ˈʁi.ɡɐ,ˈbruxɔ,qʰæd,ʋajaɾə,poʈʈe,pe̞,k̥rbḥ,,,ˈmɑg,ˈhɒʃ,koˈrɛm,kʰɔrä,baɪʔ,,ˈbr̝ɪxo,ˈbˠɔlˠəɡ,ˈvɑtsːɑ,ɖokka,,bɔɪχ,ˈmaːjɪ,,,ʈeʈʈe,ˈvɑtʃːɑ,,ˈtrèːbux,ˈmí.ᵐba,,bandʒi,,poṭṭa,ˈkofː,nas,,,,,baʊ̯x,bäˈriɣä,,vayiṟu,,ba.tˁa.na,pi:ɾ,mɛf,,,,ʃeˈkʲæm,piɾ,,ʃikæm,baiɾu,,,peːʈ,,bœy̯k,zɐʔ,bʐux,,puɖa:,ˈpan.t͡ʃa,ˈvɑts,bɛli,isíːsu,,oʈʈe,ˈbuk,,wi,banˈduʎo̝,pʰɔɾ,tʰɔːŋ˦˥,hoṭṭe,abˈdoː.men,pudug,ku:l,ˈmɑhɑ,,ˈkːɤtːtː,ˈkɤht,,kʰɔrbä,vɑ̃tʁ,poʈʈi,,²mɑːɡɛ,pərot,,mutsɛli,,naɖpe:ʈgu,banɖi,,ʐɨˈvot,pɛt
turn,,,drajə,,,,,lisipʼ,,,ˈto̞ːɭda̠,,,,ˈkiːe̞rɨ,ˈforoɡ,,rtʰäpʰä,l̥ɛ̰,,ˈtot͡ʃɪt,kɑsˠ,ˈtʃæːntæː,,,,,,,,ˈkiændiæ,,,,,,,,,tɑwaˈwəl,,,dœnmec,,ˈdʁeːən,xiˈɾaɾ,,,,,,,,,,ɡæʃtæn,,,,,,,,,ˈdraːi̯ə(n),,,,,dʒiˈrare,ˈkæroutɑ,tɜːn,,,,ʒiˈɾa,,,,ʃəɾdʒˈvɛl,mun˩˩˦,,ˈwer.toː,,,ˈkæːntyæ,,ˈkːæːntmæ,ˈpøːrɑmɑ,,ɔkʰtʰu,tuʁ.ne,,,,,,tʼriäli,,,,,vrɐˈɕːat͡sːə,
