,aa,ab,ae,af,ak,am,an,ar,as,av,ay,az,ba,be,bg,bh,bi,bm,bn,bo,br,bs,ca,ce,ch,co,cr,cs,cu,cv,cy,da,de,dv,dz,ee,el,en,eo,es,et,eu,fa,ff,fi,fj,fo,fr,fy,ga,gd,gl,gn,gu,gv,ha,he,hi,ho,hr,ht,hu,hy,hz,ia,id,ie,ig,ii,ik,io,is,it,iu,ja,jv,ka,kg,ki,kj,kk,kl,km,kn,ko,kr,ks,ku,kv,kw,ky,la,lb,lg,li,ln,lo,lt,lu,lv,mg,mh,mi,mk,ml,mn,mr,ms,mt,my,na,nb,nd,ne,ng,nl,nn,no,nr,nv,ny,oc,oj,om,or,os,pa,pi,pl,ps,pt,qu,rm,rn,ro,ru,rw,sa,sc,sd,se,sg,si,sk,sl,sm,sn,so,sq,sr,ss,st,su,sv,sw,ta,te,tg,th,ti,tk,tl,tn,to,tr,ts,tt,tw,ty,ug,uk,ur,uz,ve,vi,vo,wa,wo,xh,yi,yo,za,zh,zu,Unnamed: 185
aa,,,,,,,,,,,,,,,,,,,,,,,,,,,,,,,,,,,,,,,,,,,,,,,,,,,,,,,,,,,,,,,,,,,,,,,,,,,,,,,,,,,,,,,,,,,,,,,,,,,,,,,,,,,,,,,,,,,,,,,,,,,,,,,,,,,,,,,,,,,,,,,,,,,,,,,,,,,,,,,,,,,,,,,,,,,,,,,,,,,,,,,,,
ab,-,,,,,,,,,,,,,,,,,,,,,,,,,,,,,,,,,,,,,,,,,,,,,,,,,,,,,,,,,,,,,,,,,,,,,,,,,,,,,,,,,,,,,,,,,,,,,,,,,,,,,,,,,,,,,,,,,,,,,,,,,,,,,,,,,,,,,,,,,,,,,,,,,,,,,,,,,,,,,,,,,,,,,,,,,,,,,,,,,,,,,,,,
ae,-,-,,,,,,,,,,,,,,,,,,,,,,,,,,,,,,,,,,,,,,,,,,,,,,,,,,,,,,,,,,,,,,,,,,,,,,,,,,,,,,,,,,,,,,,,,,,,,,,,,,,,,,,,,,,,,,,,,,,,,,,,,,,,,,,,,,,,,,,,,,,,,,,,,,,,,,,,,,,,,,,,,,,,,,,,,,,,,,,,,,,,,,,
af,-,-,-,,,,,,,,,,,,,,,,,,,,,,,,,,,,,,,,,,,,,,,,,,,,,,,,,,,,,,,,,,,,,,,,,,,,,,,,,,,,,,,,,,,,,,,,,,,,,,,,,,,,,,,,,,,,,,,,,,,,,,,,,,,,,,,,,,,,,,,,,,,,,,,,,,,,,,,,,,,,,,,,,,,,,,,,,,,,,,,,,,,,,,
ak,-,-,-,-,,,,,,,,,,,,,,,,,,,,,,,,,,,,,,,,,,,,,,,,,,,,,,,,,,,,,,,,,,,,,,,,,,,,,,,,,,,,,,,,,,,,,,,,,,,,,,,,,,,,,,,,,,,,,,,,,,,,,,,,,,,,,,,,,,,,,,,,,,,,,,,,,,,,,,,,,,,,,,,,,,,,,,,,,,,,,,,,,,,,,
am,-,-,-,-,-,,,,,,,,,,,,,,,,,,,,,,,,,,,,,,,,,,,,,,,,,,,,,,,,,,,,,,,,,,,,,,,,,,,,,,,,,,,,,,,,,,,,,,,,,,,,,,,,,,,,,,,,,,,,,,,,,,,,,,,,,,,,,,,,,,,,,,,,,,,,,,,,,,,,,,,,,,,,,,,,,,,,,,,,,,,,,,,,,,,,
an,-,-,-,-,-,-,,,,,,,,,,,,,,,,,,,,,,,,,,,,,,,,,,,,,,,,,,,,,,,,,,,,,,,,,,,,,,,,,,,,,,,,,,,,,,,,,,,,,,,,,,,,,,,,,,,,,,,,,,,,,,,,,,,,,,,,,,,,,,,,,,,,,,,,,,,,,,,,,,,,,,,,,,,,,,,,,,,,,,,,,,,,,,,,,,,
ar,-,-,-,22.9619,-,-,-,,,,,,,,,,,,,,,,,,,,,,,,,,,,,,,,,,,,,,,,,,,,,,,,,,,,,,,,,,,,,,,,,,,,,,,,,,,,,,,,,,,,,,,,,,,,,,,,,,,,,,,,,,,,,,,,,,,,,,,,,,,,,,,,,,,,,,,,,,,,,,,,,,,,,,,,,,,,,,,,,,,,,,,,,,,,,,,,,,
as,-,-,-,22.02349,-,-,-,22.46812,,,,,,,,,,,,,,,,,,,,,,,,,,,,,,,,,,,,,,,,,,,,,,,,,,,,,,,,,,,,,,,,,,,,,,,,,,,,,,,,,,,,,,,,,,,,,,,,,,,,,,,,,,,,,,,,,,,,,,,,,,,,,,,,,,,,,,,,,,,,,,,,,,,,,,,,,,,,,,,,,,,,,,,,,,,,,,,,,
av,-,-,-,-,-,-,-,-,-,,,,,,,,,,,,,,,,,,,,,,,,,,,,,,,,,,,,,,,,,,,,,,,,,,,,,,,,,,,,,,,,,,,,,,,,,,,,,,,,,,,,,,,,,,,,,,,,,,,,,,,,,,,,,,,,,,,,,,,,,,,,,,,,,,,,,,,,,,,,,,,,,,,,,,,,,,,,,,,,,,,,,,,,,,,,,,,,
ay,-,-,-,-,-,-,-,-,-,-,,,,,,,,,,,,,,,,,,,,,,,,,,,,,,,,,,,,,,,,,,,,,,,,,,,,,,,,,,,,,,,,,,,,,,,,,,,,,,,,,,,,,,,,,,,,,,,,,,,,,,,,,,,,,,,,,,,,,,,,,,,,,,,,,,,,,,,,,,,,,,,,,,,,,,,,,,,,,,,,,,,,,,,,,,,,,,,
az,-,-,-,22.14521,-,-,-,22.12551,21.76677,-,-,,,,,,,,,,,,,,,,,,,,,,,,,,,,,,,,,,,,,,,,,,,,,,,,,,,,,,,,,,,,,,,,,,,,,,,,,,,,,,,,,,,,,,,,,,,,,,,,,,,,,,,,,,,,,,,,,,,,,,,,,,,,,,,,,,,,,,,,,,,,,,,,,,,,,,,,,,,,,,,,,,,,,,,,,,,,,,
ba,-,-,-,22.74285,-,-,-,23.41289,24.39421,-,-,11.37074,,,,,,,,,,,,,,,,,,,,,,,,,,,,,,,,,,,,,,,,,,,,,,,,,,,,,,,,,,,,,,,,,,,,,,,,,,,,,,,,,,,,,,,,,,,,,,,,,,,,,,,,,,,,,,,,,,,,,,,,,,,,,,,,,,,,,,,,,,,,,,,,,,,,,,,,,,,,,,,,,,,,,,,,,,,,,
be,-,-,-,21.32552,-,-,-,22.13312,21.54528,-,-,22.53032,23.24753,,,,,,,,,,,,,,,,,,,,,,,,,,,,,,,,,,,,,,,,,,,,,,,,,,,,,,,,,,,,,,,,,,,,,,,,,,,,,,,,,,,,,,,,,,,,,,,,,,,,,,,,,,,,,,,,,,,,,,,,,,,,,,,,,,,,,,,,,,,,,,,,,,,,,,,,,,,,,,,,,,,,,,,,,,,,
bg,-,-,-,19.88082,-,-,-,21.07982,21.6885,-,-,22.07305,22.68721,13.4189,,,,,,,,,,,,,,,,,,,,,,,,,,,,,,,,,,,,,,,,,,,,,,,,,,,,,,,,,,,,,,,,,,,,,,,,,,,,,,,,,,,,,,,,,,,,,,,,,,,,,,,,,,,,,,,,,,,,,,,,,,,,,,,,,,,,,,,,,,,,,,,,,,,,,,,,,,,,,,,,,,,,,,,,,,,
bh,-,-,-,-,-,-,-,-,-,-,-,-,-,-,-,,,,,,,,,,,,,,,,,,,,,,,,,,,,,,,,,,,,,,,,,,,,,,,,,,,,,,,,,,,,,,,,,,,,,,,,,,,,,,,,,,,,,,,,,,,,,,,,,,,,,,,,,,,,,,,,,,,,,,,,,,,,,,,,,,,,,,,,,,,,,,,,,,,,,,,,,,,,,,,,,,,,,,,,,,
bi,-,-,-,-,-,-,-,-,-,-,-,-,-,-,-,-,,,,,,,,,,,,,,,,,,,,,,,,,,,,,,,,,,,,,,,,,,,,,,,,,,,,,,,,,,,,,,,,,,,,,,,,,,,,,,,,,,,,,,,,,,,,,,,,,,,,,,,,,,,,,,,,,,,,,,,,,,,,,,,,,,,,,,,,,,,,,,,,,,,,,,,,,,,,,,,,,,,,,,,,,
bm,-,-,-,-,-,-,-,-,-,-,-,-,-,-,-,-,-,,,,,,,,,,,,,,,,,,,,,,,,,,,,,,,,,,,,,,,,,,,,,,,,,,,,,,,,,,,,,,,,,,,,,,,,,,,,,,,,,,,,,,,,,,,,,,,,,,,,,,,,,,,,,,,,,,,,,,,,,,,,,,,,,,,,,,,,,,,,,,,,,,,,,,,,,,,,,,,,,,,,,,,,
bn,-,-,-,22.54582,-,-,-,21.12514,11.15834,-,-,20.9718,23.46133,22.24889,20.89023,-,-,-,,,,,,,,,,,,,,,,,,,,,,,,,,,,,,,,,,,,,,,,,,,,,,,,,,,,,,,,,,,,,,,,,,,,,,,,,,,,,,,,,,,,,,,,,,,,,,,,,,,,,,,,,,,,,,,,,,,,,,,,,,,,,,,,,,,,,,,,,,,,,,,,,,,,,,,,,,,,,,,,,,,,,,,
bo,-,-,-,25.37449,-,-,-,24.22678,24.88678,-,-,23.13229,24.49897,23.10335,23.0333,-,-,-,25.17588,,,,,,,,,,,,,,,,,,,,,,,,,,,,,,,,,,,,,,,,,,,,,,,,,,,,,,,,,,,,,,,,,,,,,,,,,,,,,,,,,,,,,,,,,,,,,,,,,,,,,,,,,,,,,,,,,,,,,,,,,,,,,,,,,,,,,,,,,,,,,,,,,,,,,,,,,,,,,,,,,,,,,,
br,-,-,-,21.70481,-,-,-,22.92607,22.64058,-,-,22.61424,24.18954,23.34257,21.38311,-,-,-,-,24.60082,,,,,,,,,,,,,,,,,,,,,,,,,,,,,,,,,,,,,,,,,,,,,,,,,,,,,,,,,,,,,,,,,,,,,,,,,,,,,,,,,,,,,,,,,,,,,,,,,,,,,,,,,,,,,,,,,,,,,,,,,,,,,,,,,,,,,,,,,,,,,,,,,,,,,,,,,,,,,,,,,,,,,
bs,-,-,-,-,-,-,-,-,-,-,-,-,-,-,-,-,-,-,-,-,-,,,,,,,,,,,,,,,,,,,,,,,,,,,,,,,,,,,,,,,,,,,,,,,,,,,,,,,,,,,,,,,,,,,,,,,,,,,,,,,,,,,,,,,,,,,,,,,,,,,,,,,,,,,,,,,,,,,,,,,,,,,,,,,,,,,,,,,,,,,,,,,,,,,,,,,,,,,,,,,,,,,,
ca,-,-,-,20.74128,-,-,-,22.69932,21.4799,-,-,22.83779,23.29679,21.13267,19.70764,-,-,-,20.89505,23.64681,21.37942,-,,,,,,,,,,,,,,,,,,,,,,,,,,,,,,,,,,,,,,,,,,,,,,,,,,,,,,,,,,,,,,,,,,,,,,,,,,,,,,,,,,,,,,,,,,,,,,,,,,,,,,,,,,,,,,,,,,,,,,,,,,,,,,,,,,,,,,,,,,,,,,,,,,,,,,,,,,,,,,,,,,,
ce,-,-,-,-,-,-,-,-,-,-,-,-,-,-,-,-,-,-,-,-,-,-,-,,,,,,,,,,,,,,,,,,,,,,,,,,,,,,,,,,,,,,,,,,,,,,,,,,,,,,,,,,,,,,,,,,,,,,,,,,,,,,,,,,,,,,,,,,,,,,,,,,,,,,,,,,,,,,,,,,,,,,,,,,,,,,,,,,,,,,,,,,,,,,,,,,,,,,,,,,,,,,,,,,
ch,-,-,-,-,-,-,-,-,-,-,-,-,-,-,-,-,-,-,-,-,-,-,-,-,,,,,,,,,,,,,,,,,,,,,,,,,,,,,,,,,,,,,,,,,,,,,,,,,,,,,,,,,,,,,,,,,,,,,,,,,,,,,,,,,,,,,,,,,,,,,,,,,,,,,,,,,,,,,,,,,,,,,,,,,,,,,,,,,,,,,,,,,,,,,,,,,,,,,,,,,,,,,,,,,
co,-,-,-,-,-,-,-,-,-,-,-,-,-,-,-,-,-,-,-,-,-,-,-,-,-,,,,,,,,,,,,,,,,,,,,,,,,,,,,,,,,,,,,,,,,,,,,,,,,,,,,,,,,,,,,,,,,,,,,,,,,,,,,,,,,,,,,,,,,,,,,,,,,,,,,,,,,,,,,,,,,,,,,,,,,,,,,,,,,,,,,,,,,,,,,,,,,,,,,,,,,,,,,,,,,
cr,-,-,-,-,-,-,-,-,-,-,-,-,-,-,-,-,-,-,-,-,-,-,-,-,-,-,,,,,,,,,,,,,,,,,,,,,,,,,,,,,,,,,,,,,,,,,,,,,,,,,,,,,,,,,,,,,,,,,,,,,,,,,,,,,,,,,,,,,,,,,,,,,,,,,,,,,,,,,,,,,,,,,,,,,,,,,,,,,,,,,,,,,,,,,,,,,,,,,,,,,,,,,,,,,,,
cs,-,-,-,20.60012,-,-,-,22.16155,22.10602,-,-,22.13922,23.2697,9.90892,12.89477,-,-,-,22.24565,22.96086,22.03537,-,20.48951,-,-,-,-,,,,,,,,,,,,,,,,,,,,,,,,,,,,,,,,,,,,,,,,,,,,,,,,,,,,,,,,,,,,,,,,,,,,,,,,,,,,,,,,,,,,,,,,,,,,,,,,,,,,,,,,,,,,,,,,,,,,,,,,,,,,,,,,,,,,,,,,,,,,,,,,,,,,,,,,,,,,,,
cu,-,-,-,-,-,-,-,-,-,-,-,-,-,-,-,-,-,-,-,-,-,-,-,-,-,-,-,-,,,,,,,,,,,,,,,,,,,,,,,,,,,,,,,,,,,,,,,,,,,,,,,,,,,,,,,,,,,,,,,,,,,,,,,,,,,,,,,,,,,,,,,,,,,,,,,,,,,,,,,,,,,,,,,,,,,,,,,,,,,,,,,,,,,,,,,,,,,,,,,,,,,,,,,,,,,,,
cv,-,-,-,-,-,-,-,-,-,-,-,-,-,-,-,-,-,-,-,-,-,-,-,-,-,-,-,-,-,,,,,,,,,,,,,,,,,,,,,,,,,,,,,,,,,,,,,,,,,,,,,,,,,,,,,,,,,,,,,,,,,,,,,,,,,,,,,,,,,,,,,,,,,,,,,,,,,,,,,,,,,,,,,,,,,,,,,,,,,,,,,,,,,,,,,,,,,,,,,,,,,,,,,,,,,,,,
cy,-,-,-,21.5395,-,-,-,22.44553,22.11788,-,-,22.68485,23.70633,23.2311,20.59542,-,-,-,23.60477,25.41931,13.95223,-,20.51338,-,-,-,-,21.51226,-,-,,,,,,,,,,,,,,,,,,,,,,,,,,,,,,,,,,,,,,,,,,,,,,,,,,,,,,,,,,,,,,,,,,,,,,,,,,,,,,,,,,,,,,,,,,,,,,,,,,,,,,,,,,,,,,,,,,,,,,,,,,,,,,,,,,,,,,,,,,,,,,,,,,,,,,,,,,,
da,-,-,-,15.21269,-,-,-,22.78813,21.48233,-,-,23.77658,22.85752,21.99068,19.77885,-,-,-,21.80782,25.62501,20.5214,-,19.39241,-,-,-,-,21.23643,-,-,20.44484,,,,,,,,,,,,,,,,,,,,,,,,,,,,,,,,,,,,,,,,,,,,,,,,,,,,,,,,,,,,,,,,,,,,,,,,,,,,,,,,,,,,,,,,,,,,,,,,,,,,,,,,,,,,,,,,,,,,,,,,,,,,,,,,,,,,,,,,,,,,,,,,,,,,,,,,,,
de,-,-,-,13.50013,-,-,-,22.16833,22.15271,-,-,23.51451,24.24699,22.02113,19.68844,-,-,-,22.17209,25.36858,21.16966,-,20.65475,-,-,-,-,20.98314,-,-,20.7387,14.58126,,,,,,,,,,,,,,,,,,,,,,,,,,,,,,,,,,,,,,,,,,,,,,,,,,,,,,,,,,,,,,,,,,,,,,,,,,,,,,,,,,,,,,,,,,,,,,,,,,,,,,,,,,,,,,,,,,,,,,,,,,,,,,,,,,,,,,,,,,,,,,,,,,,,,,,,,
dv,-,-,-,-,-,-,-,-,-,-,-,-,-,-,-,-,-,-,-,-,-,-,-,-,-,-,-,-,-,-,-,-,-,,,,,,,,,,,,,,,,,,,,,,,,,,,,,,,,,,,,,,,,,,,,,,,,,,,,,,,,,,,,,,,,,,,,,,,,,,,,,,,,,,,,,,,,,,,,,,,,,,,,,,,,,,,,,,,,,,,,,,,,,,,,,,,,,,,,,,,,,,,,,,,,,,,,,,,,
dz,-,-,-,-,-,-,-,-,-,-,-,-,-,-,-,-,-,-,-,-,-,-,-,-,-,-,-,-,-,-,-,-,-,-,,,,,,,,,,,,,,,,,,,,,,,,,,,,,,,,,,,,,,,,,,,,,,,,,,,,,,,,,,,,,,,,,,,,,,,,,,,,,,,,,,,,,,,,,,,,,,,,,,,,,,,,,,,,,,,,,,,,,,,,,,,,,,,,,,,,,,,,,,,,,,,,,,,,,,,
ee,-,-,-,-,-,-,-,-,-,-,-,-,-,-,-,-,-,-,-,-,-,-,-,-,-,-,-,-,-,-,-,-,-,-,-,,,,,,,,,,,,,,,,,,,,,,,,,,,,,,,,,,,,,,,,,,,,,,,,,,,,,,,,,,,,,,,,,,,,,,,,,,,,,,,,,,,,,,,,,,,,,,,,,,,,,,,,,,,,,,,,,,,,,,,,,,,,,,,,,,,,,,,,,,,,,,,,,,,,,,
el,-,-,-,21.54333,-,-,-,20.67037,21.58552,-,-,22.67629,23.74666,20.21848,19.06096,-,-,-,21.0268,24.17818,22.47203,-,20.52386,-,-,-,-,20.19779,-,-,21.3053,21.70689,20.86711,-,-,-,,,,,,,,,,,,,,,,,,,,,,,,,,,,,,,,,,,,,,,,,,,,,,,,,,,,,,,,,,,,,,,,,,,,,,,,,,,,,,,,,,,,,,,,,,,,,,,,,,,,,,,,,,,,,,,,,,,,,,,,,,,,,,,,,,,,,,,,,,,,,,,,,,,,,
en,-,-,-,15.22563,-,-,-,24.34678,22.68927,-,-,24.65668,24.2723,24.42746,22.30876,-,-,-,22.48912,25.72015,22.93129,-,21.93974,-,-,-,-,22.69214,-,-,21.805,16.59303,16.85573,-,-,-,23.8855,,,,,,,,,,,,,,,,,,,,,,,,,,,,,,,,,,,,,,,,,,,,,,,,,,,,,,,,,,,,,,,,,,,,,,,,,,,,,,,,,,,,,,,,,,,,,,,,,,,,,,,,,,,,,,,,,,,,,,,,,,,,,,,,,,,,,,,,,,,,,,,,,,,,
eo,-,-,-,22.04368,-,-,-,22.09492,21.33972,-,-,23.05389,23.98805,20.87441,19.35251,-,-,-,20.98011,23.1562,22.53249,-,16.57984,-,-,-,-,20.36957,-,-,20.54565,20.42304,19.83516,-,-,-,17.89883,21.87268,,,,,,,,,,,,,,,,,,,,,,,,,,,,,,,,,,,,,,,,,,,,,,,,,,,,,,,,,,,,,,,,,,,,,,,,,,,,,,,,,,,,,,,,,,,,,,,,,,,,,,,,,,,,,,,,,,,,,,,,,,,,,,,,,,,,,,,,,,,,,,,,,,,
es,-,-,-,23.21992,-,-,-,21.54306,21.97608,-,-,22.58802,24.1584,20.03921,19.74706,-,-,-,21.88327,23.2274,22.56415,-,13.12818,-,-,-,-,20.05377,-,-,20.66181,20.88093,20.94993,-,-,-,19.02926,22.6394,14.72618,,,,,,,,,,,,,,,,,,,,,,,,,,,,,,,,,,,,,,,,,,,,,,,,,,,,,,,,,,,,,,,,,,,,,,,,,,,,,,,,,,,,,,,,,,,,,,,,,,,,,,,,,,,,,,,,,,,,,,,,,,,,,,,,,,,,,,,,,,,,,,,,,,
et,-,-,-,-,-,-,-,-,-,-,-,-,-,-,-,-,-,-,-,-,-,-,-,-,-,-,-,-,-,-,-,-,-,-,-,-,-,-,-,-,,,,,,,,,,,,,,,,,,,,,,,,,,,,,,,,,,,,,,,,,,,,,,,,,,,,,,,,,,,,,,,,,,,,,,,,,,,,,,,,,,,,,,,,,,,,,,,,,,,,,,,,,,,,,,,,,,,,,,,,,,,,,,,,,,,,,,,,,,,,,,,,,
eu,-,-,-,-,-,-,-,-,-,-,-,-,-,-,-,-,-,-,-,-,-,-,-,-,-,-,-,-,-,-,-,-,-,-,-,-,-,-,-,-,-,,,,,,,,,,,,,,,,,,,,,,,,,,,,,,,,,,,,,,,,,,,,,,,,,,,,,,,,,,,,,,,,,,,,,,,,,,,,,,,,,,,,,,,,,,,,,,,,,,,,,,,,,,,,,,,,,,,,,,,,,,,,,,,,,,,,,,,,,,,,,,,,
fa,-,-,-,22.51923,-,-,-,21.60916,21.2646,-,-,20.85526,22.86843,21.55499,20.20505,-,-,-,20.17388,25.23187,22.64412,-,21.30479,-,-,-,-,20.90186,-,-,21.30294,21.51103,20.38042,-,-,-,20.59971,22.77127,21.96465,20.91414,-,-,,,,,,,,,,,,,,,,,,,,,,,,,,,,,,,,,,,,,,,,,,,,,,,,,,,,,,,,,,,,,,,,,,,,,,,,,,,,,,,,,,,,,,,,,,,,,,,,,,,,,,,,,,,,,,,,,,,,,,,,,,,,,,,,,,,,,,,,,,,,,,,
ff,-,-,-,-,-,-,-,-,-,-,-,-,-,-,-,-,-,-,-,-,-,-,-,-,-,-,-,-,-,-,-,-,-,-,-,-,-,-,-,-,-,-,-,,,,,,,,,,,,,,,,,,,,,,,,,,,,,,,,,,,,,,,,,,,,,,,,,,,,,,,,,,,,,,,,,,,,,,,,,,,,,,,,,,,,,,,,,,,,,,,,,,,,,,,,,,,,,,,,,,,,,,,,,,,,,,,,,,,,,,,,,,,,,,
fi,-,-,-,24.26571,-,-,-,21.24231,21.69892,-,-,21.23539,22.94944,20.59011,20.48904,-,-,-,21.56815,23.01896,23.81635,-,21.30606,-,-,-,-,20.93843,-,-,21.7293,21.99297,21.61933,-,-,-,20.91539,24.38238,19.49833,20.90299,-,-,21.67493,-,,,,,,,,,,,,,,,,,,,,,,,,,,,,,,,,,,,,,,,,,,,,,,,,,,,,,,,,,,,,,,,,,,,,,,,,,,,,,,,,,,,,,,,,,,,,,,,,,,,,,,,,,,,,,,,,,,,,,,,,,,,,,,,,,,,,,,,,,,,,,
fj,-,-,-,-,-,-,-,-,-,-,-,-,-,-,-,-,-,-,-,-,-,-,-,-,-,-,-,-,-,-,-,-,-,-,-,-,-,-,-,-,-,-,-,-,-,,,,,,,,,,,,,,,,,,,,,,,,,,,,,,,,,,,,,,,,,,,,,,,,,,,,,,,,,,,,,,,,,,,,,,,,,,,,,,,,,,,,,,,,,,,,,,,,,,,,,,,,,,,,,,,,,,,,,,,,,,,,,,,,,,,,,,,,,,,,
fo,-,-,-,21.13286,-,-,-,23.18176,23.87391,-,-,24.81776,24.3113,22.56212,21.63662,-,-,-,23.00629,25.90686,22.07855,-,22.50202,-,-,-,-,22.2961,-,-,21.98326,16.22947,18.60067,-,-,-,21.76758,19.80631,21.45639,21.76312,-,-,23.24265,-,22.16585,-,,,,,,,,,,,,,,,,,,,,,,,,,,,,,,,,,,,,,,,,,,,,,,,,,,,,,,,,,,,,,,,,,,,,,,,,,,,,,,,,,,,,,,,,,,,,,,,,,,,,,,,,,,,,,,,,,,,,,,,,,,,,,,,,,,,,,,,,,,,
fr,-,-,-,22.72671,-,-,-,23.65557,23.01383,-,-,23.4251,25.03593,24.01653,21.41865,-,-,-,22.75893,25.07675,22.23273,-,15.35943,-,-,-,-,22.7071,-,-,21.92768,21.72655,22.36273,-,-,-,23.03481,22.58998,18.7662,19.57507,-,-,22.45674,-,23.35498,-,24.29917,,,,,,,,,,,,,,,,,,,,,,,,,,,,,,,,,,,,,,,,,,,,,,,,,,,,,,,,,,,,,,,,,,,,,,,,,,,,,,,,,,,,,,,,,,,,,,,,,,,,,,,,,,,,,,,,,,,,,,,,,,,,,,,,,,,,,,,,,,
fy,-,-,-,10.83241,-,-,-,22.93839,22.02092,-,-,24.60402,23.9581,21.71297,19.06479,-,-,-,22.31833,25.11143,-,-,20.73422,-,-,-,-,20.41836,-,-,19.82061,15.09828,13.03219,-,-,-,20.94297,16.32647,20.34656,22.72667,-,-,21.74434,-,21.21283,-,20.52662,22.80694,,,,,,,,,,,,,,,,,,,,,,,,,,,,,,,,,,,,,,,,,,,,,,,,,,,,,,,,,,,,,,,,,,,,,,,,,,,,,,,,,,,,,,,,,,,,,,,,,,,,,,,,,,,,,,,,,,,,,,,,,,,,,,,,,,,,,,,,,
ga,-,-,-,23.24989,-,-,-,25.94923,25.00635,-,-,25.02299,25.44848,25.13028,23.04255,-,-,-,24.52032,27.00514,22.9257,-,23.15984,-,-,-,-,24.18832,-,-,20.87941,22.68197,23.42177,-,-,-,24.00373,23.41469,23.65635,24.31163,-,-,23.79186,-,24.99508,-,25.40647,24.30406,22.8537,,,,,,,,,,,,,,,,,,,,,,,,,,,,,,,,,,,,,,,,,,,,,,,,,,,,,,,,,,,,,,,,,,,,,,,,,,,,,,,,,,,,,,,,,,,,,,,,,,,,,,,,,,,,,,,,,,,,,,,,,,,,,,,,,,,,,,,,
gd,-,-,-,24.89333,-,-,-,26.01394,23.13269,-,-,23.44532,24.89018,23.91534,22.24276,-,-,-,22.67908,25.8797,23.3877,-,20.83057,-,-,-,-,23.62861,-,-,19.21649,23.17357,23.75496,-,-,-,24.44756,23.80708,23.33836,22.99467,-,-,23.11827,-,24.01377,-,25.7473,22.97997,22.42322,12.14732,,,,,,,,,,,,,,,,,,,,,,,,,,,,,,,,,,,,,,,,,,,,,,,,,,,,,,,,,,,,,,,,,,,,,,,,,,,,,,,,,,,,,,,,,,,,,,,,,,,,,,,,,,,,,,,,,,,,,,,,,,,,,,,,,,,,,,,
gl,-,-,-,21.56889,-,-,-,22.22933,21.89855,-,-,23.59424,23.86793,22.76663,20.14933,-,-,-,22.10339,23.29874,23.98752,-,15.25013,-,-,-,-,20.66077,-,-,21.49722,20.66026,21.04596,-,-,-,19.8274,22.01086,15.63887,10.86477,-,-,21.58664,-,20.58719,-,22.60566,19.51738,21.89218,24.17559,23.15958,,,,,,,,,,,,,,,,,,,,,,,,,,,,,,,,,,,,,,,,,,,,,,,,,,,,,,,,,,,,,,,,,,,,,,,,,,,,,,,,,,,,,,,,,,,,,,,,,,,,,,,,,,,,,,,,,,,,,,,,,,,,,,,,,,,,,,
gn,-,-,-,-,-,-,-,-,-,-,-,-,-,-,-,-,-,-,-,-,-,-,-,-,-,-,-,-,-,-,-,-,-,-,-,-,-,-,-,-,-,-,-,-,-,-,-,-,-,-,-,-,,,,,,,,,,,,,,,,,,,,,,,,,,,,,,,,,,,,,,,,,,,,,,,,,,,,,,,,,,,,,,,,,,,,,,,,,,,,,,,,,,,,,,,,,,,,,,,,,,,,,,,,,,,,,,,,,,,,,,,,,,,,,,,,,,,,,
gu,-,-,-,-,-,-,-,-,-,-,-,-,-,-,-,-,-,-,-,-,-,-,-,-,-,-,-,-,-,-,-,-,-,-,-,-,-,-,-,-,-,-,-,-,-,-,-,-,-,-,-,-,-,,,,,,,,,,,,,,,,,,,,,,,,,,,,,,,,,,,,,,,,,,,,,,,,,,,,,,,,,,,,,,,,,,,,,,,,,,,,,,,,,,,,,,,,,,,,,,,,,,,,,,,,,,,,,,,,,,,,,,,,,,,,,,,,,,,,
gv,-,-,-,22.52891,-,-,-,25.49068,22.62439,-,-,23.74517,24.44831,23.35858,22.78637,-,-,-,-,26.63408,21.22721,-,21.81956,-,-,-,-,22.15412,-,-,19.55049,22.08382,22.18397,-,-,-,23.03002,22.26572,21.89531,23.69447,-,-,21.96072,-,24.17859,-,25.15464,23.15216,22.42253,11.59955,14.13208,23.95281,-,-,,,,,,,,,,,,,,,,,,,,,,,,,,,,,,,,,,,,,,,,,,,,,,,,,,,,,,,,,,,,,,,,,,,,,,,,,,,,,,,,,,,,,,,,,,,,,,,,,,,,,,,,,,,,,,,,,,,,,,,,,,,,,,,,,,,
ha,-,-,-,-,-,-,-,-,-,-,-,-,-,-,-,-,-,-,-,-,-,-,-,-,-,-,-,-,-,-,-,-,-,-,-,-,-,-,-,-,-,-,-,-,-,-,-,-,-,-,-,-,-,-,-,,,,,,,,,,,,,,,,,,,,,,,,,,,,,,,,,,,,,,,,,,,,,,,,,,,,,,,,,,,,,,,,,,,,,,,,,,,,,,,,,,,,,,,,,,,,,,,,,,,,,,,,,,,,,,,,,,,,,,,,,,,,,,,,,,
he,-,-,-,22.64142,-,-,-,15.35398,20.88241,-,-,22.49118,23.60265,21.63206,20.66433,-,-,-,21.48375,23.81331,20.92187,-,21.3436,-,-,-,-,21.56408,-,-,21.85442,22.68652,21.62293,-,-,-,21.25243,23.12592,22.57115,21.17357,-,-,22.13563,-,22.9389,-,24.10817,22.80043,21.71826,25.01044,25.01466,22.98634,-,-,24.90604,-,,,,,,,,,,,,,,,,,,,,,,,,,,,,,,,,,,,,,,,,,,,,,,,,,,,,,,,,,,,,,,,,,,,,,,,,,,,,,,,,,,,,,,,,,,,,,,,,,,,,,,,,,,,,,,,,,,,,,,,,,,,,,,,,,
hi,-,-,-,22.39849,-,-,-,22.96643,17.34915,-,-,20.57004,23.09504,22.70353,20.98845,-,-,-,15.74619,25.48599,22.17821,-,20.33005,-,-,-,-,22.24138,-,-,22.14905,21.82363,21.94939,-,-,-,22.22546,23.888,21.8162,22.15765,-,-,19.52295,-,22.63231,-,22.57322,22.81433,21.20578,24.83138,24.24736,23.62884,-,-,24.1268,-,22.22792,,,,,,,,,,,,,,,,,,,,,,,,,,,,,,,,,,,,,,,,,,,,,,,,,,,,,,,,,,,,,,,,,,,,,,,,,,,,,,,,,,,,,,,,,,,,,,,,,,,,,,,,,,,,,,,,,,,,,,,,,,,,,,,,
ho,-,-,-,-,-,-,-,-,-,-,-,-,-,-,-,-,-,-,-,-,-,-,-,-,-,-,-,-,-,-,-,-,-,-,-,-,-,-,-,-,-,-,-,-,-,-,-,-,-,-,-,-,-,-,-,-,-,-,,,,,,,,,,,,,,,,,,,,,,,,,,,,,,,,,,,,,,,,,,,,,,,,,,,,,,,,,,,,,,,,,,,,,,,,,,,,,,,,,,,,,,,,,,,,,,,,,,,,,,,,,,,,,,,,,,,,,,,,,,,,,,,
hr,-,-,-,-,-,-,-,-,-,-,-,-,-,-,-,-,-,-,-,-,-,-,-,-,-,-,-,-,-,-,-,-,-,-,-,-,-,-,-,-,-,-,-,-,-,-,-,-,-,-,-,-,-,-,-,-,-,-,-,,,,,,,,,,,,,,,,,,,,,,,,,,,,,,,,,,,,,,,,,,,,,,,,,,,,,,,,,,,,,,,,,,,,,,,,,,,,,,,,,,,,,,,,,,,,,,,,,,,,,,,,,,,,,,,,,,,,,,,,,,,,,,
ht,-,-,-,-,-,-,-,-,-,-,-,-,-,-,-,-,-,-,-,-,-,-,-,-,-,-,-,-,-,-,-,-,-,-,-,-,-,-,-,-,-,-,-,-,-,-,-,-,-,-,-,-,-,-,-,-,-,-,-,-,,,,,,,,,,,,,,,,,,,,,,,,,,,,,,,,,,,,,,,,,,,,,,,,,,,,,,,,,,,,,,,,,,,,,,,,,,,,,,,,,,,,,,,,,,,,,,,,,,,,,,,,,,,,,,,,,,,,,,,,,,,,,
hu,-,-,-,21.81018,-,-,-,23.15432,23.45614,-,-,20.42704,21.15038,22.08398,21.88908,-,-,-,22.82026,23.50127,23.8799,-,22.45902,-,-,-,-,22.24463,-,-,22.27696,22.40971,22.31928,-,-,-,23.0659,22.54417,23.08149,23.11767,-,-,21.90204,-,22.03487,-,24.62769,23.23802,22.00831,24.25726,22.44985,23.43929,-,-,24.17451,-,22.94261,23.38313,-,-,-,,,,,,,,,,,,,,,,,,,,,,,,,,,,,,,,,,,,,,,,,,,,,,,,,,,,,,,,,,,,,,,,,,,,,,,,,,,,,,,,,,,,,,,,,,,,,,,,,,,,,,,,,,,,,,,,,,,,,,,,,,,,
hy,-,-,-,23.70981,-,-,-,23.1955,23.29917,-,-,22.93265,23.44223,23.86571,21.43436,-,-,-,21.42181,24.90891,22.06666,-,22.49451,-,-,-,-,22.90208,-,-,22.05963,21.91591,21.95356,-,-,-,22.30333,23.29865,23.06783,22.06558,-,-,20.1604,-,23.78218,-,24.1759,23.69522,20.01517,24.23801,23.07821,23.38686,-,-,22.97113,-,22.06633,22.23912,-,-,-,22.92323,,,,,,,,,,,,,,,,,,,,,,,,,,,,,,,,,,,,,,,,,,,,,,,,,,,,,,,,,,,,,,,,,,,,,,,,,,,,,,,,,,,,,,,,,,,,,,,,,,,,,,,,,,,,,,,,,,,,,,,,,,,
hz,-,-,-,-,-,-,-,-,-,-,-,-,-,-,-,-,-,-,-,-,-,-,-,-,-,-,-,-,-,-,-,-,-,-,-,-,-,-,-,-,-,-,-,-,-,-,-,-,-,-,-,-,-,-,-,-,-,-,-,-,-,-,-,,,,,,,,,,,,,,,,,,,,,,,,,,,,,,,,,,,,,,,,,,,,,,,,,,,,,,,,,,,,,,,,,,,,,,,,,,,,,,,,,,,,,,,,,,,,,,,,,,,,,,,,,,,,,,,,,,,,,,,,,,
ia,-,-,-,-,-,-,-,-,-,-,-,-,-,-,-,-,-,-,-,-,-,-,12.94139,-,-,-,-,19.83904,-,-,21.8947,-,21.59985,-,-,-,-,21.94571,13.40854,9.33353,-,-,22.4037,-,-,-,-,19.30928,-,22.72089,-,-,-,-,-,-,-,24.23385,-,-,-,25.39691,21.40261,-,,,,,,,,,,,,,,,,,,,,,,,,,,,,,,,,,,,,,,,,,,,,,,,,,,,,,,,,,,,,,,,,,,,,,,,,,,,,,,,,,,,,,,,,,,,,,,,,,,,,,,,,,,,,,,,,,,,,,,,,,
id,-,-,-,-,-,-,-,18.97324,21.4397,-,-,21.52705,23.63481,22.65347,20.19944,-,-,-,-,23.80063,-,-,21.14334,-,-,-,-,22.20472,-,-,21.32117,21.40394,20.61489,-,-,-,19.28734,22.3847,19.56544,19.61223,-,-,21.71604,-,21.24269,-,23.20206,22.45869,21.41704,24.1591,-,-,-,-,-,-,-,21.43649,-,-,-,22.82394,21.81602,-,-,,,,,,,,,,,,,,,,,,,,,,,,,,,,,,,,,,,,,,,,,,,,,,,,,,,,,,,,,,,,,,,,,,,,,,,,,,,,,,,,,,,,,,,,,,,,,,,,,,,,,,,,,,,,,,,,,,,,,,,,
ie,-,-,-,-,-,-,-,-,-,-,-,-,-,-,-,-,-,-,-,-,-,-,-,-,-,-,-,-,-,-,-,-,-,-,-,-,-,-,-,-,-,-,-,-,-,-,-,-,-,-,-,-,-,-,-,-,-,-,-,-,-,-,-,-,-,-,,,,,,,,,,,,,,,,,,,,,,,,,,,,,,,,,,,,,,,,,,,,,,,,,,,,,,,,,,,,,,,,,,,,,,,,,,,,,,,,,,,,,,,,,,,,,,,,,,,,,,,,,,,,,,,,,,,,,,,
ig,-,-,-,-,-,-,-,-,-,-,-,-,-,-,-,-,-,-,-,-,-,-,-,-,-,-,-,-,-,-,-,-,-,-,-,-,-,-,-,-,-,-,-,-,-,-,-,-,-,-,-,-,-,-,-,-,-,-,-,-,-,-,-,-,-,-,-,,,,,,,,,,,,,,,,,,,,,,,,,,,,,,,,,,,,,,,,,,,,,,,,,,,,,,,,,,,,,,,,,,,,,,,,,,,,,,,,,,,,,,,,,,,,,,,,,,,,,,,,,,,,,,,,,,,,,,
ii,-,-,-,-,-,-,-,-,-,-,-,-,-,-,-,-,-,-,-,-,-,-,-,-,-,-,-,-,-,-,-,-,-,-,-,-,-,-,-,-,-,-,-,-,-,-,-,-,-,-,-,-,-,-,-,-,-,-,-,-,-,-,-,-,-,-,-,-,,,,,,,,,,,,,,,,,,,,,,,,,,,,,,,,,,,,,,,,,,,,,,,,,,,,,,,,,,,,,,,,,,,,,,,,,,,,,,,,,,,,,,,,,,,,,,,,,,,,,,,,,,,,,,,,,,,,,
ik,-,-,-,-,-,-,-,-,-,-,-,-,-,-,-,-,-,-,-,-,-,-,-,-,-,-,-,-,-,-,-,-,-,-,-,-,-,-,-,-,-,-,-,-,-,-,-,-,-,-,-,-,-,-,-,-,-,-,-,-,-,-,-,-,-,-,-,-,-,,,,,,,,,,,,,,,,,,,,,,,,,,,,,,,,,,,,,,,,,,,,,,,,,,,,,,,,,,,,,,,,,,,,,,,,,,,,,,,,,,,,,,,,,,,,,,,,,,,,,,,,,,,,,,,,,,,,
io,-,-,-,21.41806,-,-,-,22.02347,21.0604,-,-,22.22129,23.68414,19.94832,18.45384,-,-,-,20.51295,23.5463,21.53941,-,15.11343,-,-,-,-,19.55312,-,-,20.31871,21.66903,19.18798,-,-,-,18.97637,22.72223,7.66105,11.89257,-,-,20.31425,-,20.48365,-,20.44164,18.05908,21.56724,23.28697,22.94735,14.51677,-,-,22.12691,-,21.20817,21.74935,-,-,-,23.28373,22.70235,-,-,20.79775,-,-,-,-,,,,,,,,,,,,,,,,,,,,,,,,,,,,,,,,,,,,,,,,,,,,,,,,,,,,,,,,,,,,,,,,,,,,,,,,,,,,,,,,,,,,,,,,,,,,,,,,,,,,,,,,,,,,,,,,,,,
is,-,-,-,20.62445,-,-,-,21.65312,22.78939,-,-,23.67482,23.60281,21.6596,20.46465,-,-,-,22.08886,24.87398,23.01869,-,21.44724,-,-,-,-,21.09941,-,-,21.36888,15.38094,17.84189,-,-,-,20.89766,19.61438,20.60486,20.63205,-,-,22.09267,-,20.72108,-,11.11921,23.83086,15.6656,24.26317,23.83554,22.01553,-,-,23.63518,-,22.53333,21.85442,-,-,-,23.96721,22.77237,-,22.05815,21.68319,-,-,-,-,20.08082,,,,,,,,,,,,,,,,,,,,,,,,,,,,,,,,,,,,,,,,,,,,,,,,,,,,,,,,,,,,,,,,,,,,,,,,,,,,,,,,,,,,,,,,,,,,,,,,,,,,,,,,,,,,,,,,,,
it,-,-,-,23.36931,-,-,-,21.34947,22.01161,-,-,22.77372,23.99194,19.91005,18.1587,-,-,-,20.92075,22.71236,22.13342,-,14.58284,-,-,-,-,20.09271,-,-,20.99464,21.40358,21.19914,-,-,-,17.65504,23.84993,13.28085,11.07665,-,-,21.1858,-,20.55404,-,21.63002,19.31859,21.15721,24.50348,24.04593,13.23333,-,-,22.83664,-,22.23067,21.56289,-,-,-,23.41246,22.85072,-,6.41508,19.44382,-,-,-,-,11.92168,21.08732,,,,,,,,,,,,,,,,,,,,,,,,,,,,,,,,,,,,,,,,,,,,,,,,,,,,,,,,,,,,,,,,,,,,,,,,,,,,,,,,,,,,,,,,,,,,,,,,,,,,,,,,,,,,,,,,,
iu,-,-,-,-,-,-,-,-,-,-,-,-,-,-,-,-,-,-,-,-,-,-,-,-,-,-,-,-,-,-,-,-,-,-,-,-,-,-,-,-,-,-,-,-,-,-,-,-,-,-,-,-,-,-,-,-,-,-,-,-,-,-,-,-,-,-,-,-,-,-,-,-,-,,,,,,,,,,,,,,,,,,,,,,,,,,,,,,,,,,,,,,,,,,,,,,,,,,,,,,,,,,,,,,,,,,,,,,,,,,,,,,,,,,,,,,,,,,,,,,,,,,,,,,,,,,,,,,,,
ja,-,-,-,23.96401,-,-,-,23.30989,23.42241,-,-,24.27417,24.88571,22.54332,21.77074,-,-,-,22.7058,22.97632,24.91304,-,23.77843,-,-,-,-,22.93417,-,-,24.19834,23.98052,23.92038,-,-,-,20.88566,25.25735,21.30738,22.0242,-,-,23.71302,-,21.37847,-,23.22264,25.72033,24.83421,26.27494,25.61091,22.68058,-,-,26.26758,-,23.20916,24.28056,-,-,-,24.67849,25.1699,-,-,21.39855,-,-,-,-,22.71269,23.88405,22.08042,-,,,,,,,,,,,,,,,,,,,,,,,,,,,,,,,,,,,,,,,,,,,,,,,,,,,,,,,,,,,,,,,,,,,,,,,,,,,,,,,,,,,,,,,,,,,,,,,,,,,,,,,,,,,,,,,
jv,-,-,-,-,-,-,-,-,-,-,-,-,-,-,-,-,-,-,-,-,-,-,-,-,-,-,-,-,-,-,-,-,-,-,-,-,-,-,-,-,-,-,-,-,-,-,-,-,-,-,-,-,-,-,-,-,-,-,-,-,-,-,-,-,-,-,-,-,-,-,-,-,-,-,-,,,,,,,,,,,,,,,,,,,,,,,,,,,,,,,,,,,,,,,,,,,,,,,,,,,,,,,,,,,,,,,,,,,,,,,,,,,,,,,,,,,,,,,,,,,,,,,,,,,,,,,,,,,,,,
ka,-,-,-,25.36752,-,-,-,23.57397,23.50855,-,-,23.76808,25.24997,23.81117,22.90107,-,-,-,23.03229,26.3335,24.51949,-,23.73718,-,-,-,-,23.23848,-,-,24.82018,24.65815,24.9206,-,-,-,21.77179,26.49793,22.68822,22.88764,-,-,24.04343,-,22.84008,-,25.35222,26.44095,24.79439,26.34372,25.64583,22.79644,-,-,25.53695,-,23.61649,23.2584,-,-,-,25.40629,24.92946,-,-,21.89265,-,-,-,-,21.73426,24.59215,21.42084,-,23.38444,-,,,,,,,,,,,,,,,,,,,,,,,,,,,,,,,,,,,,,,,,,,,,,,,,,,,,,,,,,,,,,,,,,,,,,,,,,,,,,,,,,,,,,,,,,,,,,,,,,,,,,,,,,,,,,
kg,-,-,-,-,-,-,-,-,-,-,-,-,-,-,-,-,-,-,-,-,-,-,-,-,-,-,-,-,-,-,-,-,-,-,-,-,-,-,-,-,-,-,-,-,-,-,-,-,-,-,-,-,-,-,-,-,-,-,-,-,-,-,-,-,-,-,-,-,-,-,-,-,-,-,-,-,-,,,,,,,,,,,,,,,,,,,,,,,,,,,,,,,,,,,,,,,,,,,,,,,,,,,,,,,,,,,,,,,,,,,,,,,,,,,,,,,,,,,,,,,,,,,,,,,,,,,,,,,,,,,,
ki,-,-,-,-,-,-,-,-,-,-,-,-,-,-,-,-,-,-,-,-,-,-,-,-,-,-,-,-,-,-,-,-,-,-,-,-,-,-,-,-,-,-,-,-,-,-,-,-,-,-,-,-,-,-,-,-,-,-,-,-,-,-,-,-,-,-,-,-,-,-,-,-,-,-,-,-,-,-,,,,,,,,,,,,,,,,,,,,,,,,,,,,,,,,,,,,,,,,,,,,,,,,,,,,,,,,,,,,,,,,,,,,,,,,,,,,,,,,,,,,,,,,,,,,,,,,,,,,,,,,,,,
kj,-,-,-,-,-,-,-,-,-,-,-,-,-,-,-,-,-,-,-,-,-,-,-,-,-,-,-,-,-,-,-,-,-,-,-,-,-,-,-,-,-,-,-,-,-,-,-,-,-,-,-,-,-,-,-,-,-,-,-,-,-,-,-,-,-,-,-,-,-,-,-,-,-,-,-,-,-,-,-,,,,,,,,,,,,,,,,,,,,,,,,,,,,,,,,,,,,,,,,,,,,,,,,,,,,,,,,,,,,,,,,,,,,,,,,,,,,,,,,,,,,,,,,,,,,,,,,,,,,,,,,,,
kk,-,-,-,-,-,-,-,-,-,-,-,-,-,-,-,-,-,-,-,-,-,-,-,-,-,-,-,-,-,-,-,-,-,-,-,-,-,-,-,-,-,-,-,-,-,-,-,-,-,-,-,-,-,-,-,-,-,-,-,-,-,-,-,-,-,-,-,-,-,-,-,-,-,-,-,-,-,-,-,-,,,,,,,,,,,,,,,,,,,,,,,,,,,,,,,,,,,,,,,,,,,,,,,,,,,,,,,,,,,,,,,,,,,,,,,,,,,,,,,,,,,,,,,,,,,,,,,,,,,,,,,,,
kl,-,-,-,-,-,-,-,-,-,-,-,-,-,-,-,-,-,-,-,-,-,-,-,-,-,-,-,-,-,-,-,-,-,-,-,-,-,-,-,-,-,-,-,-,-,-,-,-,-,-,-,-,-,-,-,-,-,-,-,-,-,-,-,-,-,-,-,-,-,-,-,-,-,-,-,-,-,-,-,-,-,,,,,,,,,,,,,,,,,,,,,,,,,,,,,,,,,,,,,,,,,,,,,,,,,,,,,,,,,,,,,,,,,,,,,,,,,,,,,,,,,,,,,,,,,,,,,,,,,,,,,,,,
km,-,-,-,23.98591,-,-,-,25.4256,25.01365,-,-,24.08627,25.66355,25.27339,24.7766,-,-,-,25.88336,24.88787,23.50301,-,24.05029,-,-,-,-,24.26615,-,-,23.4801,23.70686,24.24607,-,-,-,24.20919,24.43335,25.03736,24.94579,-,-,25.2568,-,25.14172,-,25.73559,25.40969,23.95716,25.77878,24.76056,26.68525,-,-,24.40311,-,25.73873,25.07139,-,-,-,24.5558,24.96961,-,27.28677,23.96651,-,-,-,-,25.36815,25.23597,25.39267,-,26.51544,-,27.3546,-,-,-,-,-,,,,,,,,,,,,,,,,,,,,,,,,,,,,,,,,,,,,,,,,,,,,,,,,,,,,,,,,,,,,,,,,,,,,,,,,,,,,,,,,,,,,,,,,,,,,,,,,,,,,,,,
kn,-,-,-,-,-,-,-,-,-,-,-,-,-,-,-,-,-,-,-,-,-,-,-,-,-,-,-,-,-,-,-,-,-,-,-,-,-,-,-,-,-,-,-,-,-,-,-,-,-,-,-,-,-,-,-,-,-,-,-,-,-,-,-,-,-,-,-,-,-,-,-,-,-,-,-,-,-,-,-,-,-,-,-,,,,,,,,,,,,,,,,,,,,,,,,,,,,,,,,,,,,,,,,,,,,,,,,,,,,,,,,,,,,,,,,,,,,,,,,,,,,,,,,,,,,,,,,,,,,,,,,,,,,,,
ko,-,-,-,26.09886,-,-,-,23.05376,22.32744,-,-,24.0938,24.58079,23.35987,23.42733,-,-,-,22.30775,24.56403,24.4153,-,22.77207,-,-,-,-,23.40057,-,-,24.54236,24.6803,25.25061,-,-,-,22.65013,25.86927,23.19714,23.74304,-,-,22.84411,-,22.42667,-,25.04596,25.27834,24.71811,26.86414,26.09263,25.28468,-,-,25.44173,-,23.99113,23.03555,-,-,-,24.92375,24.93927,-,24.35332,22.02518,-,-,-,-,23.3025,24.24691,22.94723,-,22.88671,-,24.44283,-,-,-,-,-,27.04775,-,,,,,,,,,,,,,,,,,,,,,,,,,,,,,,,,,,,,,,,,,,,,,,,,,,,,,,,,,,,,,,,,,,,,,,,,,,,,,,,,,,,,,,,,,,,,,,,,,,,,,
kr,-,-,-,-,-,-,-,-,-,-,-,-,-,-,-,-,-,-,-,-,-,-,-,-,-,-,-,-,-,-,-,-,-,-,-,-,-,-,-,-,-,-,-,-,-,-,-,-,-,-,-,-,-,-,-,-,-,-,-,-,-,-,-,-,-,-,-,-,-,-,-,-,-,-,-,-,-,-,-,-,-,-,-,-,-,,,,,,,,,,,,,,,,,,,,,,,,,,,,,,,,,,,,,,,,,,,,,,,,,,,,,,,,,,,,,,,,,,,,,,,,,,,,,,,,,,,,,,,,,,,,,,,,,,,,
ks,-,-,-,-,-,-,-,-,-,-,-,-,-,-,-,-,-,-,-,-,-,-,-,-,-,-,-,-,-,-,-,-,-,-,-,-,-,-,-,-,-,-,-,-,-,-,-,-,-,-,-,-,-,-,-,-,-,-,-,-,-,-,-,-,-,-,-,-,-,-,-,-,-,-,-,-,-,-,-,-,-,-,-,-,-,-,,,,,,,,,,,,,,,,,,,,,,,,,,,,,,,,,,,,,,,,,,,,,,,,,,,,,,,,,,,,,,,,,,,,,,,,,,,,,,,,,,,,,,,,,,,,,,,,,,,
ku,-,-,-,-,-,-,-,21.83898,20.13829,-,-,19.91799,22.57613,20.59704,18.51855,-,-,-,-,-,-,-,19.0379,-,-,-,-,19.92848,-,-,19.59223,19.43937,19.61335,-,-,-,20.10113,22.8265,21.27721,19.82737,-,-,13.12231,-,22.76898,-,23.06662,20.41648,-,23.38904,-,-,-,-,-,-,-,17.44164,-,-,-,20.18688,19.76948,-,-,-,-,-,-,-,-,21.32081,20.1855,-,20.88722,-,22.00025,-,-,-,-,-,24.73766,-,23.19784,-,-,,,,,,,,,,,,,,,,,,,,,,,,,,,,,,,,,,,,,,,,,,,,,,,,,,,,,,,,,,,,,,,,,,,,,,,,,,,,,,,,,,,,,,,,,,,,,,,,,,
kv,-,-,-,-,-,-,-,-,-,-,-,-,-,-,-,-,-,-,-,-,-,-,-,-,-,-,-,-,-,-,-,-,-,-,-,-,-,-,-,-,-,-,-,-,-,-,-,-,-,-,-,-,-,-,-,-,-,-,-,-,-,-,-,-,-,-,-,-,-,-,-,-,-,-,-,-,-,-,-,-,-,-,-,-,-,-,-,-,,,,,,,,,,,,,,,,,,,,,,,,,,,,,,,,,,,,,,,,,,,,,,,,,,,,,,,,,,,,,,,,,,,,,,,,,,,,,,,,,,,,,,,,,,,,,,,,,
kw,-,-,-,-,-,-,-,-,-,-,-,-,-,-,-,-,-,-,-,-,-,-,-,-,-,-,-,-,-,-,-,-,-,-,-,-,-,-,-,-,-,-,-,-,-,-,-,-,-,-,-,-,-,-,-,-,-,-,-,-,-,-,-,-,-,-,-,-,-,-,-,-,-,-,-,-,-,-,-,-,-,-,-,-,-,-,-,-,-,,,,,,,,,,,,,,,,,,,,,,,,,,,,,,,,,,,,,,,,,,,,,,,,,,,,,,,,,,,,,,,,,,,,,,,,,,,,,,,,,,,,,,,,,,,,,,,,
ky,-,-,-,-,-,-,-,-,-,-,-,-,-,-,-,-,-,-,-,-,-,-,-,-,-,-,-,-,-,-,-,-,-,-,-,-,-,-,-,-,-,-,-,-,-,-,-,-,-,-,-,-,-,-,-,-,-,-,-,-,-,-,-,-,-,-,-,-,-,-,-,-,-,-,-,-,-,-,-,-,-,-,-,-,-,-,-,-,-,-,,,,,,,,,,,,,,,,,,,,,,,,,,,,,,,,,,,,,,,,,,,,,,,,,,,,,,,,,,,,,,,,,,,,,,,,,,,,,,,,,,,,,,,,,,,,,,,
la,-,-,-,22.49294,-,-,-,22.37184,22.5706,-,-,23.41191,23.3485,21.03777,19.24557,-,-,-,21.9301,23.52605,23.08861,-,17.19818,-,-,-,-,21.01258,-,-,20.28583,21.26186,21.26354,-,-,-,17.63878,22.7634,14.48188,15.59103,-,-,21.61571,-,20.85867,-,21.88484,20.41957,20.58567,23.73504,23.76063,16.68996,-,-,22.26008,-,22.78761,22.52353,-,-,-,23.14813,23.17706,-,12.57138,19.98986,-,-,-,-,14.65544,20.60726,14.38525,-,22.65324,-,23.43304,-,-,-,-,-,25.36288,-,23.744,-,-,19.89669,-,-,-,,,,,,,,,,,,,,,,,,,,,,,,,,,,,,,,,,,,,,,,,,,,,,,,,,,,,,,,,,,,,,,,,,,,,,,,,,,,,,,,,,,,,,,,,,,,,,
lb,-,-,-,13.56607,-,-,-,22.95274,22.60943,-,-,23.53104,24.36332,22.86793,20.57552,-,-,-,21.58675,25.69704,20.83057,-,20.90175,-,-,-,-,21.04792,-,-,21.02068,16.28941,10.46498,-,-,-,21.7427,17.13093,21.04587,21.44632,-,-,20.93836,-,22.38422,-,19.12554,21.80631,12.36069,23.35086,24.03851,21.92762,-,-,22.65124,-,21.06146,22.188,-,-,-,22.41596,21.45767,-,23.68622,21.77844,-,-,-,-,19.32525,18.77434,21.56669,-,24.44911,-,25.58737,-,-,-,-,-,23.90195,-,24.52093,-,-,20.30814,-,-,-,21.82096,,,,,,,,,,,,,,,,,,,,,,,,,,,,,,,,,,,,,,,,,,,,,,,,,,,,,,,,,,,,,,,,,,,,,,,,,,,,,,,,,,,,,,,,,,,,,
lg,-,-,-,-,-,-,-,-,-,-,-,-,-,-,-,-,-,-,-,-,-,-,-,-,-,-,-,-,-,-,-,-,-,-,-,-,-,-,-,-,-,-,-,-,-,-,-,-,-,-,-,-,-,-,-,-,-,-,-,-,-,-,-,-,-,-,-,-,-,-,-,-,-,-,-,-,-,-,-,-,-,-,-,-,-,-,-,-,-,-,-,-,-,,,,,,,,,,,,,,,,,,,,,,,,,,,,,,,,,,,,,,,,,,,,,,,,,,,,,,,,,,,,,,,,,,,,,,,,,,,,,,,,,,,,,,,,,,,,
li,-,-,-,-,-,-,-,-,-,-,-,-,-,-,-,-,-,-,-,-,-,-,-,-,-,-,-,-,-,-,-,-,-,-,-,-,-,-,-,-,-,-,-,-,-,-,-,-,-,-,-,-,-,-,-,-,-,-,-,-,-,-,-,-,-,-,-,-,-,-,-,-,-,-,-,-,-,-,-,-,-,-,-,-,-,-,-,-,-,-,-,-,-,-,,,,,,,,,,,,,,,,,,,,,,,,,,,,,,,,,,,,,,,,,,,,,,,,,,,,,,,,,,,,,,,,,,,,,,,,,,,,,,,,,,,,,,,,,,,
ln,-,-,-,-,-,-,-,-,-,-,-,-,-,-,-,-,-,-,-,-,-,-,-,-,-,-,-,-,-,-,-,-,-,-,-,-,-,-,-,-,-,-,-,-,-,-,-,-,-,-,-,-,-,-,-,-,-,-,-,-,-,-,-,-,-,-,-,-,-,-,-,-,-,-,-,-,-,-,-,-,-,-,-,-,-,-,-,-,-,-,-,-,-,-,-,,,,,,,,,,,,,,,,,,,,,,,,,,,,,,,,,,,,,,,,,,,,,,,,,,,,,,,,,,,,,,,,,,,,,,,,,,,,,,,,,,,,,,,,,,
lo,-,-,-,21.68413,-,-,-,24.14298,22.20374,-,-,24.4253,25.61093,25.62063,24.34525,-,-,-,23.99162,23.55294,23.53412,-,23.59403,-,-,-,-,24.09118,-,-,23.70649,21.49644,22.971,-,-,-,24.48708,23.41069,24.88312,25.13164,-,-,24.15979,-,25.08162,-,25.89804,23.85045,22.10806,25.49847,25.1076,24.66385,-,-,23.62768,-,23.34263,24.26318,-,-,-,23.80486,25.06041,-,-,23.7065,-,-,-,-,25.26906,24.80026,25.68581,-,24.3393,-,26.46085,-,-,-,-,-,22.56497,-,25.83019,-,-,-,-,-,-,25.34811,22.00957,-,-,-,,,,,,,,,,,,,,,,,,,,,,,,,,,,,,,,,,,,,,,,,,,,,,,,,,,,,,,,,,,,,,,,,,,,,,,,,,,,,,,,,,,,,,,,,
lt,-,-,-,24.34231,-,-,-,23.22014,24.19008,-,-,23.88039,22.93375,19.18264,18.10459,-,-,-,22.34504,25.94796,24.05354,-,22.26866,-,-,-,-,20.20427,-,-,22.72709,22.86292,22.45045,-,-,-,19.74768,25.0835,20.57747,21.44605,-,-,21.35538,-,21.70492,-,22.04392,24.40272,20.77954,25.08816,25.32138,22.34648,-,-,25.19326,-,22.69726,22.6278,-,-,-,24.99238,23.44761,-,-,21.10721,-,-,-,-,20.60681,21.18334,19.97029,-,23.71783,-,23.72588,-,-,-,-,-,27.77112,-,24.82838,-,-,-,-,-,-,20.10664,22.95659,-,-,-,28.01897,,,,,,,,,,,,,,,,,,,,,,,,,,,,,,,,,,,,,,,,,,,,,,,,,,,,,,,,,,,,,,,,,,,,,,,,,,,,,,,,,,,,,,,,
lu,-,-,-,-,-,-,-,-,-,-,-,-,-,-,-,-,-,-,-,-,-,-,-,-,-,-,-,-,-,-,-,-,-,-,-,-,-,-,-,-,-,-,-,-,-,-,-,-,-,-,-,-,-,-,-,-,-,-,-,-,-,-,-,-,-,-,-,-,-,-,-,-,-,-,-,-,-,-,-,-,-,-,-,-,-,-,-,-,-,-,-,-,-,-,-,-,-,-,,,,,,,,,,,,,,,,,,,,,,,,,,,,,,,,,,,,,,,,,,,,,,,,,,,,,,,,,,,,,,,,,,,,,,,,,,,,,,,,,,,,,,,
lv,-,-,-,19.66665,-,-,-,21.54258,22.0231,-,-,21.57012,22.77506,18.97047,17.37794,-,-,-,21.86883,24.25121,22.38558,-,20.6219,-,-,-,-,17.48812,-,-,20.77214,20.92688,19.68795,-,-,-,20.09819,21.42686,20.80504,20.74089,-,-,20.25793,-,21.53029,-,22.13872,22.82058,18.08201,23.10062,22.98336,22.19065,-,-,21.71975,-,21.60431,21.4775,-,-,-,21.83159,22.07621,-,22.2269,19.52899,-,-,-,-,20.60392,20.98932,20.64682,-,23.45201,-,23.06344,-,-,-,-,-,23.87413,-,23.6639,-,-,19.0577,-,-,-,19.9982,20.13515,-,-,-,23.99838,13.73216,-,,,,,,,,,,,,,,,,,,,,,,,,,,,,,,,,,,,,,,,,,,,,,,,,,,,,,,,,,,,,,,,,,,,,,,,,,,,,,,,,,,,,,,
mg,-,-,-,-,-,-,-,-,-,-,-,-,-,-,-,-,-,-,-,-,-,-,-,-,-,-,-,-,-,-,-,-,-,-,-,-,-,-,-,-,-,-,-,-,-,-,-,-,-,-,-,-,-,-,-,-,-,-,-,-,-,-,-,-,-,-,-,-,-,-,-,-,-,-,-,-,-,-,-,-,-,-,-,-,-,-,-,-,-,-,-,-,-,-,-,-,-,-,-,-,,,,,,,,,,,,,,,,,,,,,,,,,,,,,,,,,,,,,,,,,,,,,,,,,,,,,,,,,,,,,,,,,,,,,,,,,,,,,,,,,,,,,
mh,-,-,-,-,-,-,-,-,-,-,-,-,-,-,-,-,-,-,-,-,-,-,-,-,-,-,-,-,-,-,-,-,-,-,-,-,-,-,-,-,-,-,-,-,-,-,-,-,-,-,-,-,-,-,-,-,-,-,-,-,-,-,-,-,-,-,-,-,-,-,-,-,-,-,-,-,-,-,-,-,-,-,-,-,-,-,-,-,-,-,-,-,-,-,-,-,-,-,-,-,-,,,,,,,,,,,,,,,,,,,,,,,,,,,,,,,,,,,,,,,,,,,,,,,,,,,,,,,,,,,,,,,,,,,,,,,,,,,,,,,,,,,,
mi,-,-,-,-,-,-,-,-,-,-,-,-,-,-,-,-,-,-,-,-,-,-,-,-,-,-,-,-,-,-,-,-,-,-,-,-,-,-,-,-,-,-,-,-,-,-,-,-,-,-,-,-,-,-,-,-,-,-,-,-,-,-,-,-,-,-,-,-,-,-,-,-,-,-,-,-,-,-,-,-,-,-,-,-,-,-,-,-,-,-,-,-,-,-,-,-,-,-,-,-,-,-,,,,,,,,,,,,,,,,,,,,,,,,,,,,,,,,,,,,,,,,,,,,,,,,,,,,,,,,,,,,,,,,,,,,,,,,,,,,,,,,,,,
mk,-,-,-,-,-,-,-,20.79064,20.7268,-,-,21.55873,21.80484,15.79001,7.63221,-,-,-,-,23.8212,-,-,20.24494,-,-,-,-,15.37136,-,-,21.28558,19.56854,21.28367,-,-,-,20.30378,22.87717,19.61666,20.64756,-,-,19.7243,-,20.3223,-,20.52339,21.14329,19.81326,23.93258,22.40998,21.92766,-,-,-,-,20.60891,20.97486,-,-,-,21.60341,21.77881,-,-,-,-,-,-,-,18.80428,20.01349,19.26859,-,21.70157,-,23.44227,-,-,-,-,-,24.63091,-,21.86553,-,-,-,-,-,-,20.82331,21.95625,-,-,-,24.52969,19.55909,-,19.54717,-,-,-,,,,,,,,,,,,,,,,,,,,,,,,,,,,,,,,,,,,,,,,,,,,,,,,,,,,,,,,,,,,,,,,,,,,,,,,,,,,,,,,,,
ml,-,-,-,-,-,-,-,-,-,-,-,-,-,-,-,-,-,-,-,-,-,-,-,-,-,-,-,-,-,-,-,-,-,-,-,-,-,-,-,-,-,-,-,-,-,-,-,-,-,-,-,-,-,-,-,-,-,-,-,-,-,-,-,-,-,-,-,-,-,-,-,-,-,-,-,-,-,-,-,-,-,-,-,-,-,-,-,-,-,-,-,-,-,-,-,-,-,-,-,-,-,-,-,-,,,,,,,,,,,,,,,,,,,,,,,,,,,,,,,,,,,,,,,,,,,,,,,,,,,,,,,,,,,,,,,,,,,,,,,,,,,,,,,,,
mn,-,-,-,24.02867,-,-,-,23.06249,23.42767,-,-,21.393,23.16976,23.68142,22.87018,-,-,-,23.16119,25.46134,24.49515,-,23.67704,-,-,-,-,23.82826,-,-,23.28424,21.46818,22.70815,-,-,-,23.97472,23.69894,24.04199,24.0207,-,-,22.53855,-,23.59491,-,24.54483,23.83642,24.21119,25.67146,25.18584,24.52369,-,-,24.78154,-,22.53274,24.0016,-,-,-,21.7649,22.15905,-,-,-,-,-,-,-,23.78262,22.83736,24.24657,-,26.19185,-,26.3933,-,-,-,-,-,26.84843,-,24.99647,-,-,-,-,-,-,23.12489,22.37974,-,-,-,24.96683,26.36151,-,22.78355,-,-,-,-,-,,,,,,,,,,,,,,,,,,,,,,,,,,,,,,,,,,,,,,,,,,,,,,,,,,,,,,,,,,,,,,,,,,,,,,,,,,,,,,,,
mr,-,-,-,-,-,-,-,-,-,-,-,-,-,-,-,-,-,-,-,-,-,-,-,-,-,-,-,-,-,-,-,-,-,-,-,-,-,-,-,-,-,-,-,-,-,-,-,-,-,-,-,-,-,-,-,-,-,-,-,-,-,-,-,-,-,-,-,-,-,-,-,-,-,-,-,-,-,-,-,-,-,-,-,-,-,-,-,-,-,-,-,-,-,-,-,-,-,-,-,-,-,-,-,-,-,-,,,,,,,,,,,,,,,,,,,,,,,,,,,,,,,,,,,,,,,,,,,,,,,,,,,,,,,,,,,,,,,,,,,,,,,,,,,,,,,
ms,-,-,-,20.49313,-,-,-,19.67743,20.51171,-,-,21.536,22.4617,20.47484,20.08215,-,-,-,20.39972,22.96623,21.11311,-,21.06908,-,-,-,-,20.72177,-,-,21.41425,21.90012,21.02342,-,-,-,19.21065,22.75627,19.48329,19.8,-,-,20.53895,-,20.66139,-,22.89773,22.74729,21.79894,23.81357,24.33383,21.49634,-,-,23.67281,-,20.55697,21.6873,-,-,-,22.37849,21.80785,-,-,3.23464,-,-,-,-,20.07019,21.36214,19.85733,-,20.91808,-,22.71216,-,-,-,-,-,24.03299,-,22.45805,-,-,20.03097,-,-,-,20.47486,20.87693,-,-,-,21.68974,21.48864,-,20.29772,-,-,-,19.93984,-,22.16287,-,,,,,,,,,,,,,,,,,,,,,,,,,,,,,,,,,,,,,,,,,,,,,,,,,,,,,,,,,,,,,,,,,,,,,,,,,,,,,,
mt,-,-,-,22.77428,-,-,-,14.55455,22.65409,-,-,20.68099,22.98185,23.08374,22.04221,-,-,-,22.63217,23.82382,23.37501,-,22.93767,-,-,-,-,21.015,-,-,22.57796,21.97908,22.32736,-,-,-,21.56633,22.39814,23.31815,23.25612,-,-,22.39261,-,23.34983,-,23.37795,24.27933,23.16195,25.53283,24.94027,25.13048,-,-,24.40175,-,17.00294,21.89171,-,-,-,22.48893,22.88269,-,-,-,-,-,-,-,22.8853,22.36209,23.57357,-,24.64739,-,24.97659,-,-,-,-,-,25.83092,-,23.84289,-,-,-,-,-,-,23.35668,23.78515,-,-,-,24.29178,23.14922,-,23.06392,-,-,-,22.48221,-,24.08705,-,21.63244,,,,,,,,,,,,,,,,,,,,,,,,,,,,,,,,,,,,,,,,,,,,,,,,,,,,,,,,,,,,,,,,,,,,,,,,,,,,,
my,-,-,-,22.77569,-,-,-,25.47405,24.86915,-,-,25.06929,25.50573,25.56795,24.23736,-,-,-,24.60066,23.55295,24.93866,-,24.53672,-,-,-,-,24.95416,-,-,24.22626,23.9488,24.53918,-,-,-,23.75298,24.07727,25.6567,25.12753,-,-,24.89322,-,24.46836,-,26.46569,24.44444,24.72193,25.31745,24.39483,25.15361,-,-,23.95178,-,22.55014,25.96203,-,-,-,24.7077,26.34986,-,27.5743,23.65984,-,-,-,-,25.57551,26.06033,26.08067,-,24.88432,-,26.43053,-,-,-,-,-,24.96217,-,26.63998,-,-,23.57711,-,-,-,25.72755,24.54837,-,-,-,21.6508,26.84903,-,24.81309,-,-,-,24.77607,-,25.17815,-,23.39352,24.30164,,,,,,,,,,,,,,,,,,,,,,,,,,,,,,,,,,,,,,,,,,,,,,,,,,,,,,,,,,,,,,,,,,,,,,,,,,,,
na,-,-,-,-,-,-,-,-,-,-,-,-,-,-,-,-,-,-,-,-,-,-,-,-,-,-,-,-,-,-,-,-,-,-,-,-,-,-,-,-,-,-,-,-,-,-,-,-,-,-,-,-,-,-,-,-,-,-,-,-,-,-,-,-,-,-,-,-,-,-,-,-,-,-,-,-,-,-,-,-,-,-,-,-,-,-,-,-,-,-,-,-,-,-,-,-,-,-,-,-,-,-,-,-,-,-,-,-,-,-,,,,,,,,,,,,,,,,,,,,,,,,,,,,,,,,,,,,,,,,,,,,,,,,,,,,,,,,,,,,,,,,,,,,,,,,,,,
nb,-,-,-,-,-,-,-,-,-,-,-,-,-,-,-,-,-,-,-,-,-,-,-,-,-,-,-,-,-,-,-,-,-,-,-,-,-,-,-,-,-,-,-,-,-,-,-,-,-,-,-,-,-,-,-,-,-,-,-,-,-,-,-,-,-,-,-,-,-,-,-,-,-,-,-,-,-,-,-,-,-,-,-,-,-,-,-,-,-,-,-,-,-,-,-,-,-,-,-,-,-,-,-,-,-,-,-,-,-,-,-,,,,,,,,,,,,,,,,,,,,,,,,,,,,,,,,,,,,,,,,,,,,,,,,,,,,,,,,,,,,,,,,,,,,,,,,,,
nd,-,-,-,-,-,-,-,-,-,-,-,-,-,-,-,-,-,-,-,-,-,-,-,-,-,-,-,-,-,-,-,-,-,-,-,-,-,-,-,-,-,-,-,-,-,-,-,-,-,-,-,-,-,-,-,-,-,-,-,-,-,-,-,-,-,-,-,-,-,-,-,-,-,-,-,-,-,-,-,-,-,-,-,-,-,-,-,-,-,-,-,-,-,-,-,-,-,-,-,-,-,-,-,-,-,-,-,-,-,-,-,-,,,,,,,,,,,,,,,,,,,,,,,,,,,,,,,,,,,,,,,,,,,,,,,,,,,,,,,,,,,,,,,,,,,,,,,,,
ne,-,-,-,-,-,-,-,-,-,-,-,-,-,-,-,-,-,-,-,-,-,-,-,-,-,-,-,-,-,-,-,-,-,-,-,-,-,-,-,-,-,-,-,-,-,-,-,-,-,-,-,-,-,-,-,-,-,-,-,-,-,-,-,-,-,-,-,-,-,-,-,-,-,-,-,-,-,-,-,-,-,-,-,-,-,-,-,-,-,-,-,-,-,-,-,-,-,-,-,-,-,-,-,-,-,-,-,-,-,-,-,-,-,,,,,,,,,,,,,,,,,,,,,,,,,,,,,,,,,,,,,,,,,,,,,,,,,,,,,,,,,,,,,,,,,,,,,,,,
ng,-,-,-,-,-,-,-,-,-,-,-,-,-,-,-,-,-,-,-,-,-,-,-,-,-,-,-,-,-,-,-,-,-,-,-,-,-,-,-,-,-,-,-,-,-,-,-,-,-,-,-,-,-,-,-,-,-,-,-,-,-,-,-,-,-,-,-,-,-,-,-,-,-,-,-,-,-,-,-,-,-,-,-,-,-,-,-,-,-,-,-,-,-,-,-,-,-,-,-,-,-,-,-,-,-,-,-,-,-,-,-,-,-,-,,,,,,,,,,,,,,,,,,,,,,,,,,,,,,,,,,,,,,,,,,,,,,,,,,,,,,,,,,,,,,,,,,,,,,,
nl,-,-,-,9.35876,-,-,-,22.27344,22.15748,-,-,22.45356,22.92634,21.7196,19.97437,-,-,-,20.68945,24.75177,21.44575,-,20.52499,-,-,-,-,20.82287,-,-,20.10698,14.53199,10.36782,-,-,-,21.05759,15.87608,20.26413,21.19483,-,-,20.32686,-,22.04436,-,19.44295,22.23994,10.963,23.15481,23.67468,21.78554,-,-,21.4004,-,20.28919,21.56279,-,-,-,21.60276,20.83496,-,22.88069,20.21126,-,-,-,-,19.72577,18.532,21.33949,-,23.93934,-,25.30196,-,-,-,-,-,23.97383,-,24.14495,-,-,19.6958,-,-,-,20.88826,11.15699,-,-,-,22.79378,23.76267,-,19.59678,-,-,-,22.10592,-,21.23512,-,20.74323,22.11527,24.97876,-,-,-,-,-,,,,,,,,,,,,,,,,,,,,,,,,,,,,,,,,,,,,,,,,,,,,,,,,,,,,,,,,,,,,,,,,,,,,,,
nn,-,-,-,17.8071,-,-,-,23.44919,23.42586,-,-,24.53384,23.64355,21.28578,20.57152,-,-,-,22.79566,26.72329,-,-,20.80968,-,-,-,-,21.55398,-,-,21.13421,9.19139,15.69122,-,-,-,21.7932,17.4266,21.72756,21.85002,-,-,21.21773,-,22.79346,-,13.68523,22.94259,16.24646,23.60724,24.31832,22.17559,-,-,-,-,24.85584,20.77043,-,-,-,21.87804,22.62892,-,-,-,-,-,-,-,22.52843,12.60123,21.29258,-,24.36051,-,26.03117,-,-,-,-,-,24.23791,-,25.07196,-,-,-,-,-,-,21.87695,17.07507,-,-,-,25.01466,21.1817,-,20.73025,-,-,-,19.29335,-,23.40753,-,23.36262,21.59969,24.11581,-,-,-,-,-,15.41919,,,,,,,,,,,,,,,,,,,,,,,,,,,,,,,,,,,,,,,,,,,,,,,,,,,,,,,,,,,,,,,,,,,,,
no,-,-,-,-,-,-,-,-,-,-,-,-,-,-,-,-,-,-,-,-,-,-,-,-,-,-,-,-,-,-,-,-,-,-,-,-,-,-,-,-,-,-,-,-,-,-,-,-,-,-,-,-,-,-,-,-,-,-,-,-,-,-,-,-,-,-,-,-,-,-,-,-,-,-,-,-,-,-,-,-,-,-,-,-,-,-,-,-,-,-,-,-,-,-,-,-,-,-,-,-,-,-,-,-,-,-,-,-,-,-,-,-,-,-,-,-,-,,,,,,,,,,,,,,,,,,,,,,,,,,,,,,,,,,,,,,,,,,,,,,,,,,,,,,,,,,,,,,,,,,,,
nr,-,-,-,-,-,-,-,-,-,-,-,-,-,-,-,-,-,-,-,-,-,-,-,-,-,-,-,-,-,-,-,-,-,-,-,-,-,-,-,-,-,-,-,-,-,-,-,-,-,-,-,-,-,-,-,-,-,-,-,-,-,-,-,-,-,-,-,-,-,-,-,-,-,-,-,-,-,-,-,-,-,-,-,-,-,-,-,-,-,-,-,-,-,-,-,-,-,-,-,-,-,-,-,-,-,-,-,-,-,-,-,-,-,-,-,-,-,-,,,,,,,,,,,,,,,,,,,,,,,,,,,,,,,,,,,,,,,,,,,,,,,,,,,,,,,,,,,,,,,,,,,
nv,-,-,-,-,-,-,-,-,-,-,-,-,-,-,-,-,-,-,-,-,-,-,-,-,-,-,-,-,-,-,-,-,-,-,-,-,-,-,-,-,-,-,-,-,-,-,-,-,-,-,-,-,-,-,-,-,-,-,-,-,-,-,-,-,-,-,-,-,-,-,-,-,-,-,-,-,-,-,-,-,-,-,-,-,-,-,-,-,-,-,-,-,-,-,-,-,-,-,-,-,-,-,-,-,-,-,-,-,-,-,-,-,-,-,-,-,-,-,-,,,,,,,,,,,,,,,,,,,,,,,,,,,,,,,,,,,,,,,,,,,,,,,,,,,,,,,,,,,,,,,,,,
ny,-,-,-,24.07091,-,-,-,21.21237,22.52279,-,-,23.70957,24.69811,21.08393,20.98834,-,-,-,23.49936,23.57693,24.73163,-,23.03721,-,-,-,-,21.05856,-,-,23.33656,24.28092,22.96209,-,-,-,19.72877,25.10415,19.30695,19.81033,-,-,22.84065,-,20.76899,-,24.17574,26.0033,23.50849,26.51991,25.10055,21.51596,-,-,25.39985,-,23.33433,24.22667,-,-,-,24.79862,23.70254,-,-,-,-,-,-,-,19.20891,23.85973,19.38281,-,22.30049,-,21.82493,-,-,-,-,-,25.59545,-,24.40631,-,-,-,-,-,-,21.40032,25.14254,-,-,-,25.15408,22.75971,-,22.24316,-,-,-,22.3761,-,25.0548,-,20.55301,22.26897,25.16101,-,-,-,-,-,23.73686,23.97716,-,-,-,,,,,,,,,,,,,,,,,,,,,,,,,,,,,,,,,,,,,,,,,,,,,,,,,,,,,,,,,,,,,,,,,
oc,-,-,-,-,-,-,-,22.23946,21.42543,-,-,23.80064,24.1248,21.67001,18.95747,-,-,-,-,23.20255,-,-,9.04402,-,-,-,-,21.0498,-,-,18.8583,20.5573,20.85002,-,-,-,18.88799,22.83829,14.09516,15.62397,-,-,19.68681,-,22.02709,-,22.77926,14.60128,-,23.13102,-,13.71389,-,-,22.51772,-,22.8512,21.5585,-,-,-,22.40186,20.37896,-,-,-,-,-,-,-,-,20.38387,13.78904,-,24.61205,-,23.34289,-,-,-,-,-,24.34802,-,24.47724,-,-,-,-,-,-,15.11772,20.90052,-,-,-,23.14384,21.62912,-,16.60913,-,-,-,-,-,-,-,21.62911,-,25.02244,-,-,-,-,-,21.62732,-,-,-,-,22.63367,,,,,,,,,,,,,,,,,,,,,,,,,,,,,,,,,,,,,,,,,,,,,,,,,,,,,,,,,,,,,,,,
oj,-,-,-,-,-,-,-,-,-,-,-,-,-,-,-,-,-,-,-,-,-,-,-,-,-,-,-,-,-,-,-,-,-,-,-,-,-,-,-,-,-,-,-,-,-,-,-,-,-,-,-,-,-,-,-,-,-,-,-,-,-,-,-,-,-,-,-,-,-,-,-,-,-,-,-,-,-,-,-,-,-,-,-,-,-,-,-,-,-,-,-,-,-,-,-,-,-,-,-,-,-,-,-,-,-,-,-,-,-,-,-,-,-,-,-,-,-,-,-,-,-,-,,,,,,,,,,,,,,,,,,,,,,,,,,,,,,,,,,,,,,,,,,,,,,,,,,,,,,,,,,,,,,,
om,-,-,-,-,-,-,-,-,-,-,-,-,-,-,-,-,-,-,-,-,-,-,-,-,-,-,-,-,-,-,-,-,-,-,-,-,-,-,-,-,-,-,-,-,-,-,-,-,-,-,-,-,-,-,-,-,-,-,-,-,-,-,-,-,-,-,-,-,-,-,-,-,-,-,-,-,-,-,-,-,-,-,-,-,-,-,-,-,-,-,-,-,-,-,-,-,-,-,-,-,-,-,-,-,-,-,-,-,-,-,-,-,-,-,-,-,-,-,-,-,-,-,-,,,,,,,,,,,,,,,,,,,,,,,,,,,,,,,,,,,,,,,,,,,,,,,,,,,,,,,,,,,,,,
or,-,-,-,-,-,-,-,-,-,-,-,-,-,-,-,-,-,-,-,-,-,-,-,-,-,-,-,-,-,-,-,-,-,-,-,-,-,-,-,-,-,-,-,-,-,-,-,-,-,-,-,-,-,-,-,-,-,-,-,-,-,-,-,-,-,-,-,-,-,-,-,-,-,-,-,-,-,-,-,-,-,-,-,-,-,-,-,-,-,-,-,-,-,-,-,-,-,-,-,-,-,-,-,-,-,-,-,-,-,-,-,-,-,-,-,-,-,-,-,-,-,-,-,-,,,,,,,,,,,,,,,,,,,,,,,,,,,,,,,,,,,,,,,,,,,,,,,,,,,,,,,,,,,,,
os,-,-,-,-,-,-,-,-,-,-,-,-,-,-,-,-,-,-,-,-,-,-,-,-,-,-,-,-,-,-,-,-,-,-,-,-,-,-,-,-,-,-,-,-,-,-,-,-,-,-,-,-,-,-,-,-,-,-,-,-,-,-,-,-,-,-,-,-,-,-,-,-,-,-,-,-,-,-,-,-,-,-,-,-,-,-,-,-,-,-,-,-,-,-,-,-,-,-,-,-,-,-,-,-,-,-,-,-,-,-,-,-,-,-,-,-,-,-,-,-,-,-,-,-,-,,,,,,,,,,,,,,,,,,,,,,,,,,,,,,,,,,,,,,,,,,,,,,,,,,,,,,,,,,,,
pa,-,-,-,-,-,-,-,-,-,-,-,-,-,-,-,-,-,-,-,-,-,-,-,-,-,-,-,-,-,-,-,-,-,-,-,-,-,-,-,-,-,-,-,-,-,-,-,-,-,-,-,-,-,-,-,-,-,-,-,-,-,-,-,-,-,-,-,-,-,-,-,-,-,-,-,-,-,-,-,-,-,-,-,-,-,-,-,-,-,-,-,-,-,-,-,-,-,-,-,-,-,-,-,-,-,-,-,-,-,-,-,-,-,-,-,-,-,-,-,-,-,-,-,-,-,-,,,,,,,,,,,,,,,,,,,,,,,,,,,,,,,,,,,,,,,,,,,,,,,,,,,,,,,,,,,
pi,-,-,-,-,-,-,-,-,-,-,-,-,-,-,-,-,-,-,-,-,-,-,-,-,-,-,-,-,-,-,-,-,-,-,-,-,-,-,-,-,-,-,-,-,-,-,-,-,-,-,-,-,-,-,-,-,-,-,-,-,-,-,-,-,-,-,-,-,-,-,-,-,-,-,-,-,-,-,-,-,-,-,-,-,-,-,-,-,-,-,-,-,-,-,-,-,-,-,-,-,-,-,-,-,-,-,-,-,-,-,-,-,-,-,-,-,-,-,-,-,-,-,-,-,-,-,-,,,,,,,,,,,,,,,,,,,,,,,,,,,,,,,,,,,,,,,,,,,,,,,,,,,,,,,,,,
pl,-,-,-,21.87536,-,-,-,22.76475,22.80598,-,-,23.268,23.76418,9.11084,13.07606,-,-,-,23.10575,24.32693,22.1421,-,21.58959,-,-,-,-,9.80289,-,-,22.28484,22.11261,21.93738,-,-,-,20.89503,23.8452,21.39382,20.94278,-,-,22.0086,-,22.16462,-,23.08197,23.82336,21.43439,24.96075,24.016,20.84789,-,-,22.99352,-,22.20785,23.10926,-,-,-,23.62079,23.93242,-,22.13825,22.80231,-,-,-,-,20.13265,22.36724,20.53024,-,23.90613,-,24.08813,-,-,-,-,-,25.76783,-,24.22104,-,-,19.95574,-,-,-,22.17348,22.08861,-,-,-,25.13264,20.43918,-,18.90641,-,-,-,15.59741,-,24.3207,-,21.66188,22.40409,26.10387,-,-,-,-,-,21.89498,21.82274,-,-,-,22.19854,21.07059,-,-,-,-,-,-,,,,,,,,,,,,,,,,,,,,,,,,,,,,,,,,,,,,,,,,,,,,,,,,,,,,,,,,,
ps,-,-,-,21.33584,-,-,-,22.27393,21.83118,-,-,22.5113,23.27371,22.51919,21.36665,-,-,-,22.73927,24.48701,21.50153,-,22.08808,-,-,-,-,21.99967,-,-,20.67317,21.68841,22.43167,-,-,-,21.5267,24.08631,22.62837,22.87137,-,-,19.39418,-,22.82662,-,25.07227,22.95917,19.28055,23.80713,23.30397,23.39421,-,-,21.33371,-,20.30714,21.9571,-,-,-,23.2287,21.42418,-,-,22.76471,-,-,-,-,23.88528,23.93818,21.96227,-,25.40639,-,24.80355,-,-,-,-,-,25.32074,-,24.88123,-,-,-,-,-,-,23.51662,22.7671,-,-,-,23.22472,24.86971,-,22.64819,-,-,-,20.18185,-,23.80987,-,20.89045,23.65634,26.36039,-,-,-,-,-,20.52751,22.53247,-,-,-,22.20597,20.06914,-,-,-,-,-,-,23.41875,,,,,,,,,,,,,,,,,,,,,,,,,,,,,,,,,,,,,,,,,,,,,,,,,,,,,,,,
pt,-,-,-,23.107,-,-,-,22.23652,21.88422,-,-,22.8041,24.22136,21.02886,19.99891,-,-,-,22.56478,23.75516,22.58403,-,14.67627,-,-,-,-,20.81168,-,-,21.19129,22.15325,21.77997,-,-,-,20.26545,23.3589,16.75883,10.00594,-,-,21.57066,-,21.47871,-,23.40213,18.20169,21.78203,24.19904,23.14417,7.67063,-,-,24.15245,-,21.9395,22.39565,-,-,-,23.15019,22.32016,-,12.02184,20.41723,-,-,-,-,15.10913,22.05728,13.33704,-,22.85429,-,22.24466,-,-,-,-,-,26.26826,-,24.04946,-,-,19.33722,-,-,-,17.4519,21.84305,-,-,-,25.06715,22.45169,-,20.47754,-,-,-,20.77251,-,24.26611,-,20.40261,22.64552,25.29815,-,-,-,-,-,21.94275,22.25119,-,-,-,21.44439,14.88752,-,-,-,-,-,-,21.5217,22.8979,,,,,,,,,,,,,,,,,,,,,,,,,,,,,,,,,,,,,,,,,,,,,,,,,,,,,,,
qu,-,-,-,-,-,-,-,-,-,-,-,-,-,-,-,-,-,-,-,-,-,-,-,-,-,-,-,-,-,-,-,-,-,-,-,-,-,-,-,-,-,-,-,-,-,-,-,-,-,-,-,-,-,-,-,-,-,-,-,-,-,-,-,-,-,-,-,-,-,-,-,-,-,-,-,-,-,-,-,-,-,-,-,-,-,-,-,-,-,-,-,-,-,-,-,-,-,-,-,-,-,-,-,-,-,-,-,-,-,-,-,-,-,-,-,-,-,-,-,-,-,-,-,-,-,-,-,-,-,-,-,,,,,,,,,,,,,,,,,,,,,,,,,,,,,,,,,,,,,,,,,,,,,,,,,,,,,,
rm,-,-,-,-,-,-,-,-,-,-,-,-,-,-,-,-,-,-,-,-,-,-,-,-,-,-,-,-,-,-,-,-,-,-,-,-,-,-,-,-,-,-,-,-,-,-,-,-,-,-,-,-,-,-,-,-,-,-,-,-,-,-,-,-,-,-,-,-,-,-,-,-,-,-,-,-,-,-,-,-,-,-,-,-,-,-,-,-,-,-,-,-,-,-,-,-,-,-,-,-,-,-,-,-,-,-,-,-,-,-,-,-,-,-,-,-,-,-,-,-,-,-,-,-,-,-,-,-,-,-,-,-,,,,,,,,,,,,,,,,,,,,,,,,,,,,,,,,,,,,,,,,,,,,,,,,,,,,,
rn,-,-,-,-,-,-,-,-,-,-,-,-,-,-,-,-,-,-,-,-,-,-,-,-,-,-,-,-,-,-,-,-,-,-,-,-,-,-,-,-,-,-,-,-,-,-,-,-,-,-,-,-,-,-,-,-,-,-,-,-,-,-,-,-,-,-,-,-,-,-,-,-,-,-,-,-,-,-,-,-,-,-,-,-,-,-,-,-,-,-,-,-,-,-,-,-,-,-,-,-,-,-,-,-,-,-,-,-,-,-,-,-,-,-,-,-,-,-,-,-,-,-,-,-,-,-,-,-,-,-,-,-,-,,,,,,,,,,,,,,,,,,,,,,,,,,,,,,,,,,,,,,,,,,,,,,,,,,,,
ro,-,-,-,21.7968,-,-,-,22.25782,21.69509,-,-,23.16426,23.75275,20.93438,19.12696,-,-,-,21.84288,23.26447,22.62617,-,14.12983,-,-,-,-,20.72641,-,-,19.7219,20.80892,20.70479,-,-,-,18.7759,22.12603,15.99815,15.96821,-,-,20.59003,-,21.02725,-,22.45671,19.34343,21.11154,23.27295,21.65172,16.05146,-,-,21.93736,-,23.36879,20.85969,-,-,-,22.26352,22.43683,-,15.34333,20.86847,-,-,-,-,16.26825,21.25228,15.02531,-,23.14897,-,23.88056,-,-,-,-,-,23.69277,-,24.02081,-,-,20.75296,-,-,-,15.47368,21.57429,-,-,-,24.32252,21.50775,-,19.77665,-,-,-,19.48486,-,23.65463,-,20.42707,22.71082,24.86679,-,-,-,-,-,20.74455,22.29589,-,-,-,20.73527,13.04489,-,-,-,-,-,-,21.23871,21.65687,17.26698,-,-,-,,,,,,,,,,,,,,,,,,,,,,,,,,,,,,,,,,,,,,,,,,,,,,,,,,,
ru,-,-,-,21.65388,-,-,-,23.06575,23.2135,-,-,23.15857,23.24321,7.74144,12.74333,-,-,-,22.64803,23.56478,23.2484,-,21.12518,-,-,-,-,11.69274,-,-,22.37167,22.17765,21.8771,-,-,-,20.97039,23.93762,20.51251,20.86734,-,-,22.02696,-,21.69621,-,21.7983,23.83478,21.78953,24.8697,24.55187,21.78493,-,-,22.95831,-,22.00906,22.88119,-,-,-,23.47667,23.86857,-,22.31057,22.49398,-,-,-,-,19.63479,21.67879,20.38759,-,23.41535,-,24.8086,-,-,-,-,-,25.60713,-,24.26177,-,-,20.20154,-,-,-,21.26347,22.17424,-,-,-,25.90781,19.47247,-,18.5928,-,-,-,15.49695,-,23.47229,-,20.94005,23.01265,26.23286,-,-,-,-,-,21.75647,22.29949,-,-,-,22.03777,20.89563,-,-,-,-,-,-,12.60162,23.46999,21.57826,-,-,-,21.04256,,,,,,,,,,,,,,,,,,,,,,,,,,,,,,,,,,,,,,,,,,,,,,,,,,
rw,-,-,-,-,-,-,-,-,-,-,-,-,-,-,-,-,-,-,-,-,-,-,-,-,-,-,-,-,-,-,-,-,-,-,-,-,-,-,-,-,-,-,-,-,-,-,-,-,-,-,-,-,-,-,-,-,-,-,-,-,-,-,-,-,-,-,-,-,-,-,-,-,-,-,-,-,-,-,-,-,-,-,-,-,-,-,-,-,-,-,-,-,-,-,-,-,-,-,-,-,-,-,-,-,-,-,-,-,-,-,-,-,-,-,-,-,-,-,-,-,-,-,-,-,-,-,-,-,-,-,-,-,-,-,-,-,,,,,,,,,,,,,,,,,,,,,,,,,,,,,,,,,,,,,,,,,,,,,,,,,
sa,-,-,-,24.09244,-,-,-,21.87329,20.59968,-,-,21.90257,24.36154,19.92881,19.79306,-,-,-,18.46658,24.01149,24.49595,-,21.67355,-,-,-,-,20.09887,-,-,23.39236,23.44155,22.35961,-,-,-,19.25542,24.21398,19.65491,20.43686,-,-,19.96148,-,20.49551,-,23.62816,23.32546,24.24529,24.53288,24.96709,20.19957,-,-,25.39572,-,21.72197,18.82844,-,-,-,24.58211,23.44478,-,-,19.4969,-,-,-,-,20.11311,22.94962,19.01071,-,22.5681,-,22.93536,-,-,-,-,-,25.25672,-,23.3835,-,-,-,-,-,-,19.60413,23.1925,-,-,-,24.817,20.06792,-,21.31242,-,-,-,19.19621,-,25.49741,-,21.27331,22.85255,24.73423,-,-,-,-,-,23.01679,24.29934,-,-,-,21.42352,21.47026,-,-,-,-,-,-,20.1655,22.6632,20.68001,-,-,-,20.13079,20.79093,-,,,,,,,,,,,,,,,,,,,,,,,,,,,,,,,,,,,,,,,,,,,,,,,,
sc,-,-,-,-,-,-,-,-,-,-,-,-,-,-,-,-,-,-,-,-,-,-,-,-,-,-,-,-,-,-,-,-,-,-,-,-,-,-,-,-,-,-,-,-,-,-,-,-,-,-,-,-,-,-,-,-,-,-,-,-,-,-,-,-,-,-,-,-,-,-,-,-,-,-,-,-,-,-,-,-,-,-,-,-,-,-,-,-,-,-,-,-,-,-,-,-,-,-,-,-,-,-,-,-,-,-,-,-,-,-,-,-,-,-,-,-,-,-,-,-,-,-,-,-,-,-,-,-,-,-,-,-,-,-,-,-,-,-,,,,,,,,,,,,,,,,,,,,,,,,,,,,,,,,,,,,,,,,,,,,,,,
sd,-,-,-,-,-,-,-,-,-,-,-,-,-,-,-,-,-,-,-,-,-,-,-,-,-,-,-,-,-,-,-,-,-,-,-,-,-,-,-,-,-,-,-,-,-,-,-,-,-,-,-,-,-,-,-,-,-,-,-,-,-,-,-,-,-,-,-,-,-,-,-,-,-,-,-,-,-,-,-,-,-,-,-,-,-,-,-,-,-,-,-,-,-,-,-,-,-,-,-,-,-,-,-,-,-,-,-,-,-,-,-,-,-,-,-,-,-,-,-,-,-,-,-,-,-,-,-,-,-,-,-,-,-,-,-,-,-,-,-,,,,,,,,,,,,,,,,,,,,,,,,,,,,,,,,,,,,,,,,,,,,,,
se,-,-,-,23.96584,-,-,-,22.02529,24.42655,-,-,22.00557,24.69587,22.1867,22.0158,-,-,-,23.18158,24.76406,25.26938,-,23.59671,-,-,-,-,21.66202,-,-,24.02356,23.92677,22.69495,-,-,-,20.70587,25.15459,19.90547,21.10475,-,-,22.90169,-,17.58316,-,22.27352,25.94066,22.64004,25.67423,24.46699,21.72548,-,-,24.64823,-,23.02966,23.88475,-,-,-,23.16016,23.41694,-,-,-,-,-,-,-,20.25204,22.41381,20.20806,-,23.10627,-,23.36779,-,-,-,-,-,26.04688,-,23.7121,-,-,-,-,-,-,21.80642,24.04305,-,-,-,26.45785,22.06744,-,21.83938,-,-,-,22.85493,-,26.21494,-,21.2958,22.13065,26.2713,-,-,-,-,-,23.27094,24.22433,-,-,-,20.57622,23.09751,-,-,-,-,-,-,22.89398,22.97095,22.56772,-,-,-,21.86305,22.95073,-,21.17828,-,-,,,,,,,,,,,,,,,,,,,,,,,,,,,,,,,,,,,,,,,,,,,,,
sg,-,-,-,-,-,-,-,-,-,-,-,-,-,-,-,-,-,-,-,-,-,-,-,-,-,-,-,-,-,-,-,-,-,-,-,-,-,-,-,-,-,-,-,-,-,-,-,-,-,-,-,-,-,-,-,-,-,-,-,-,-,-,-,-,-,-,-,-,-,-,-,-,-,-,-,-,-,-,-,-,-,-,-,-,-,-,-,-,-,-,-,-,-,-,-,-,-,-,-,-,-,-,-,-,-,-,-,-,-,-,-,-,-,-,-,-,-,-,-,-,-,-,-,-,-,-,-,-,-,-,-,-,-,-,-,-,-,-,-,-,-,,,,,,,,,,,,,,,,,,,,,,,,,,,,,,,,,,,,,,,,,,,,
si,-,-,-,-,-,-,-,-,-,-,-,-,-,-,-,-,-,-,-,-,-,-,-,-,-,-,-,-,-,-,-,-,-,-,-,-,-,-,-,-,-,-,-,-,-,-,-,-,-,-,-,-,-,-,-,-,-,-,-,-,-,-,-,-,-,-,-,-,-,-,-,-,-,-,-,-,-,-,-,-,-,-,-,-,-,-,-,-,-,-,-,-,-,-,-,-,-,-,-,-,-,-,-,-,-,-,-,-,-,-,-,-,-,-,-,-,-,-,-,-,-,-,-,-,-,-,-,-,-,-,-,-,-,-,-,-,-,-,-,-,-,-,,,,,,,,,,,,,,,,,,,,,,,,,,,,,,,,,,,,,,,,,,,
sk,-,-,-,22.03842,-,-,-,22.61809,22.17371,-,-,22.2062,23.40364,10.27231,12.82232,-,-,-,22.2071,22.80389,22.80705,-,21.06484,-,-,-,-,5.37089,-,-,21.36297,21.57151,21.02181,-,-,-,20.4781,23.35351,20.25911,20.83766,-,-,21.09342,-,20.92439,-,22.37607,22.84024,20.51643,24.70768,23.52343,20.81326,-,-,22.72374,-,22.28742,22.16368,-,-,-,22.43549,22.75658,-,-,22.38741,-,-,-,-,20.69456,20.90167,20.41102,-,23.49439,-,23.59622,-,-,-,-,-,24.64563,-,23.40621,-,-,20.41126,-,-,-,21.07325,22.39039,-,-,-,24.30616,20.14942,-,17.31872,-,-,-,12.30596,-,23.82997,-,21.53656,21.44269,24.78009,-,-,-,-,-,21.48192,21.61839,-,-,-,21.95704,20.10037,-,-,-,-,-,-,9.27245,22.3224,21.31624,-,-,-,20.57924,11.85383,-,20.45167,-,-,21.6288,-,-,,,,,,,,,,,,,,,,,,,,,,,,,,,,,,,,,,,,,,,,,,
sl,-,-,-,20.00657,-,-,-,21.4613,22.17582,-,-,22.10724,22.74664,12.89979,10.19615,-,-,-,21.57749,22.80884,21.49039,-,20.16365,-,-,-,-,11.07273,-,-,20.95299,20.21869,20.3704,-,-,-,19.94365,22.75793,19.19745,20.32493,-,-,20.94928,-,20.28645,-,22.33691,21.84656,19.76327,24.0153,23.35848,20.64355,-,-,22.81146,-,21.92263,22.21511,-,-,-,22.00402,22.47517,-,22.11225,21.02616,-,-,-,-,19.82635,20.97058,19.42408,-,23.34348,-,23.79963,-,-,-,-,-,24.33711,-,23.25521,-,-,19.52555,-,-,-,19.82824,20.70409,-,-,-,23.73559,18.57104,-,17.49758,-,-,-,12.53804,-,24.15601,-,20.21856,21.58424,23.95873,-,-,-,-,-,20.77024,22.04481,-,-,-,22.08064,19.21035,-,-,-,-,-,-,12.68726,21.63286,20.77,-,-,-,19.65965,12.50497,-,20.44843,-,-,21.9339,-,-,10.4216,,,,,,,,,,,,,,,,,,,,,,,,,,,,,,,,,,,,,,,,,
sm,-,-,-,-,-,-,-,-,-,-,-,-,-,-,-,-,-,-,-,-,-,-,-,-,-,-,-,-,-,-,-,-,-,-,-,-,-,-,-,-,-,-,-,-,-,-,-,-,-,-,-,-,-,-,-,-,-,-,-,-,-,-,-,-,-,-,-,-,-,-,-,-,-,-,-,-,-,-,-,-,-,-,-,-,-,-,-,-,-,-,-,-,-,-,-,-,-,-,-,-,-,-,-,-,-,-,-,-,-,-,-,-,-,-,-,-,-,-,-,-,-,-,-,-,-,-,-,-,-,-,-,-,-,-,-,-,-,-,-,-,-,-,-,-,-,,,,,,,,,,,,,,,,,,,,,,,,,,,,,,,,,,,,,,,,
sn,-,-,-,-,-,-,-,-,-,-,-,-,-,-,-,-,-,-,-,-,-,-,-,-,-,-,-,-,-,-,-,-,-,-,-,-,-,-,-,-,-,-,-,-,-,-,-,-,-,-,-,-,-,-,-,-,-,-,-,-,-,-,-,-,-,-,-,-,-,-,-,-,-,-,-,-,-,-,-,-,-,-,-,-,-,-,-,-,-,-,-,-,-,-,-,-,-,-,-,-,-,-,-,-,-,-,-,-,-,-,-,-,-,-,-,-,-,-,-,-,-,-,-,-,-,-,-,-,-,-,-,-,-,-,-,-,-,-,-,-,-,-,-,-,-,-,,,,,,,,,,,,,,,,,,,,,,,,,,,,,,,,,,,,,,,
so,-,-,-,-,-,-,-,-,-,-,-,-,-,-,-,-,-,-,-,-,-,-,-,-,-,-,-,-,-,-,-,-,-,-,-,-,-,-,-,-,-,-,-,-,-,-,-,-,-,-,-,-,-,-,-,-,-,-,-,-,-,-,-,-,-,-,-,-,-,-,-,-,-,-,-,-,-,-,-,-,-,-,-,-,-,-,-,-,-,-,-,-,-,-,-,-,-,-,-,-,-,-,-,-,-,-,-,-,-,-,-,-,-,-,-,-,-,-,-,-,-,-,-,-,-,-,-,-,-,-,-,-,-,-,-,-,-,-,-,-,-,-,-,-,-,-,-,,,,,,,,,,,,,,,,,,,,,,,,,,,,,,,,,,,,,,
sq,-,-,-,21.1962,-,-,-,23.56179,22.71818,-,-,22.88483,22.45569,21.38015,19.74138,-,-,-,22.62872,23.99655,21.45066,-,20.38718,-,-,-,-,21.58205,-,-,19.82204,20.44352,21.7518,-,-,-,21.26089,21.94685,20.34674,20.83611,-,-,21.87498,-,22.73422,-,23.4006,21.9891,18.87083,21.74545,21.97898,22.22691,-,-,20.22764,-,23.3058,22.4393,-,-,-,21.52483,22.68579,-,-,20.70984,-,-,-,-,21.52066,23.258,20.51156,-,23.27526,-,24.36192,-,-,-,-,-,24.71524,-,24.33996,-,-,19.88182,-,-,-,21.22569,21.0225,-,-,-,22.00011,23.93485,-,21.38261,-,-,-,19.80708,-,22.39106,-,21.41201,21.76664,23.26081,-,-,-,-,-,20.8268,20.16455,-,-,-,22.71368,19.63249,-,-,-,-,-,-,21.78513,21.2511,21.23971,-,-,-,19.47988,21.77325,-,21.78322,-,-,23.86864,-,-,21.18323,20.19568,-,-,-,,,,,,,,,,,,,,,,,,,,,,,,,,,,,,,,,,,,,
sr,-,-,-,-,-,-,-,-,-,-,-,-,-,-,-,-,-,-,-,-,-,-,-,-,-,-,-,-,-,-,-,-,-,-,-,-,-,-,-,-,-,-,-,-,-,-,-,-,-,-,-,-,-,-,-,-,-,-,-,-,-,-,-,-,-,-,-,-,-,-,-,-,-,-,-,-,-,-,-,-,-,-,-,-,-,-,-,-,-,-,-,-,-,-,-,-,-,-,-,-,-,-,-,-,-,-,-,-,-,-,-,-,-,-,-,-,-,-,-,-,-,-,-,-,-,-,-,-,-,-,-,-,-,-,-,-,-,-,-,-,-,-,-,-,-,-,-,-,-,,,,,,,,,,,,,,,,,,,,,,,,,,,,,,,,,,,,
ss,-,-,-,-,-,-,-,-,-,-,-,-,-,-,-,-,-,-,-,-,-,-,-,-,-,-,-,-,-,-,-,-,-,-,-,-,-,-,-,-,-,-,-,-,-,-,-,-,-,-,-,-,-,-,-,-,-,-,-,-,-,-,-,-,-,-,-,-,-,-,-,-,-,-,-,-,-,-,-,-,-,-,-,-,-,-,-,-,-,-,-,-,-,-,-,-,-,-,-,-,-,-,-,-,-,-,-,-,-,-,-,-,-,-,-,-,-,-,-,-,-,-,-,-,-,-,-,-,-,-,-,-,-,-,-,-,-,-,-,-,-,-,-,-,-,-,-,-,-,-,,,,,,,,,,,,,,,,,,,,,,,,,,,,,,,,,,,
st,-,-,-,-,-,-,-,-,-,-,-,-,-,-,-,-,-,-,-,-,-,-,-,-,-,-,-,-,-,-,-,-,-,-,-,-,-,-,-,-,-,-,-,-,-,-,-,-,-,-,-,-,-,-,-,-,-,-,-,-,-,-,-,-,-,-,-,-,-,-,-,-,-,-,-,-,-,-,-,-,-,-,-,-,-,-,-,-,-,-,-,-,-,-,-,-,-,-,-,-,-,-,-,-,-,-,-,-,-,-,-,-,-,-,-,-,-,-,-,-,-,-,-,-,-,-,-,-,-,-,-,-,-,-,-,-,-,-,-,-,-,-,-,-,-,-,-,-,-,-,-,,,,,,,,,,,,,,,,,,,,,,,,,,,,,,,,,,
su,-,-,-,-,-,-,-,-,-,-,-,-,-,-,-,-,-,-,-,-,-,-,-,-,-,-,-,-,-,-,-,-,-,-,-,-,-,-,-,-,-,-,-,-,-,-,-,-,-,-,-,-,-,-,-,-,-,-,-,-,-,-,-,-,-,-,-,-,-,-,-,-,-,-,-,-,-,-,-,-,-,-,-,-,-,-,-,-,-,-,-,-,-,-,-,-,-,-,-,-,-,-,-,-,-,-,-,-,-,-,-,-,-,-,-,-,-,-,-,-,-,-,-,-,-,-,-,-,-,-,-,-,-,-,-,-,-,-,-,-,-,-,-,-,-,-,-,-,-,-,-,-,,,,,,,,,,,,,,,,,,,,,,,,,,,,,,,,,
sv,-,-,-,15.74352,-,-,-,22.66099,21.85085,-,-,24.6419,23.51577,21.3742,20.39913,-,-,-,20.77904,25.74132,22.24247,-,20.27207,-,-,-,-,21.12812,-,-,20.83076,7.89059,14.28814,-,-,-,20.90702,17.0793,20.33794,21.49781,-,-,21.12131,-,21.47276,-,16.56564,21.83482,13.68019,22.82096,23.00849,21.86578,-,-,20.78968,-,22.32418,21.99879,-,-,-,22.27909,22.22895,-,-,20.9864,-,-,-,-,20.75588,15.55642,21.66369,-,24.16482,-,24.91806,-,-,-,-,-,23.81869,-,24.96884,-,-,18.2961,-,-,-,21.71051,14.8645,-,-,-,22.81587,23.4089,-,21.07532,-,-,-,19.12775,-,23.12101,-,22.33997,21.81794,24.27245,-,-,-,-,-,13.29933,8.12635,-,-,-,22.82498,19.26292,-,-,-,-,-,-,21.87032,21.28766,22.20451,-,-,-,20.75696,21.83178,-,22.64535,-,-,23.29574,-,-,20.63404,20.41857,-,-,-,20.626,-,-,-,-,,,,,,,,,,,,,,,,,,,,,,,,,,,,,,,,
sw,-,-,-,-,-,-,-,-,-,-,-,-,-,-,-,-,-,-,-,-,-,-,-,-,-,-,-,-,-,-,-,-,-,-,-,-,-,-,-,-,-,-,-,-,-,-,-,-,-,-,-,-,-,-,-,-,-,-,-,-,-,-,-,-,-,-,-,-,-,-,-,-,-,-,-,-,-,-,-,-,-,-,-,-,-,-,-,-,-,-,-,-,-,-,-,-,-,-,-,-,-,-,-,-,-,-,-,-,-,-,-,-,-,-,-,-,-,-,-,-,-,-,-,-,-,-,-,-,-,-,-,-,-,-,-,-,-,-,-,-,-,-,-,-,-,-,-,-,-,-,-,-,-,-,,,,,,,,,,,,,,,,,,,,,,,,,,,,,,,
ta,-,-,-,-,-,-,-,-,-,-,-,-,-,-,-,-,-,-,-,-,-,-,-,-,-,-,-,-,-,-,-,-,-,-,-,-,-,-,-,-,-,-,-,-,-,-,-,-,-,-,-,-,-,-,-,-,-,-,-,-,-,-,-,-,-,-,-,-,-,-,-,-,-,-,-,-,-,-,-,-,-,-,-,-,-,-,-,-,-,-,-,-,-,-,-,-,-,-,-,-,-,-,-,-,-,-,-,-,-,-,-,-,-,-,-,-,-,-,-,-,-,-,-,-,-,-,-,-,-,-,-,-,-,-,-,-,-,-,-,-,-,-,-,-,-,-,-,-,-,-,-,-,-,-,-,,,,,,,,,,,,,,,,,,,,,,,,,,,,,,
te,-,-,-,-,-,-,-,21.7327,21.39512,-,-,22.77574,24.7528,20.85791,20.20028,-,-,-,-,24.13219,-,-,23.61512,-,-,-,-,22.55694,-,-,24.65064,23.42592,24.52523,-,-,-,19.61521,24.87466,20.26034,20.98472,-,-,21.52827,-,19.60186,-,23.70145,24.75277,-,26.11517,-,-,-,-,24.72206,-,22.18858,22.35087,-,-,-,23.66365,24.05017,-,-,-,-,-,-,-,19.83672,23.11986,22.22378,-,21.81238,-,21.07131,-,-,-,-,-,25.14875,-,22.91711,-,-,-,-,-,-,21.95214,24.49735,-,-,-,23.75785,-,-,20.9082,-,-,-,-,-,25.32652,-,19.64202,21.00297,23.2319,-,-,-,-,-,25.32385,-,-,-,-,19.33572,-,-,-,-,-,-,-,22.67711,-,22.09808,-,-,-,24.02736,22.78476,-,-,-,-,21.22673,-,-,21.65873,21.71379,-,-,-,21.39947,-,-,-,-,23.56048,-,-,,,,,,,,,,,,,,,,,,,,,,,,,,,,,
tg,-,-,-,21.90472,-,-,-,21.04148,20.6463,-,-,19.6509,22.20622,21.58395,20.31787,-,-,-,19.77169,25.24402,20.92424,-,20.70539,-,-,-,-,20.36945,-,-,20.40017,21.14839,19.69715,-,-,-,20.18878,21.85155,21.05028,20.49989,-,-,3.39043,-,21.03518,-,23.05022,21.35636,22.21459,23.76603,22.75734,21.17974,-,-,21.95685,-,20.8616,18.10526,-,-,-,20.73863,19.89988,-,-,-,-,-,-,-,18.82917,22.11326,20.10292,-,23.84397,-,23.29533,-,-,-,-,-,24.43136,-,22.22984,-,-,12.67011,-,-,-,20.65578,19.17657,-,-,-,24.23586,22.70093,-,20.95628,-,-,-,19.4898,-,22.27421,-,20.55975,20.58386,24.59646,-,-,-,-,-,18.86223,21.30983,-,-,-,22.76981,19.8848,-,-,-,-,-,-,22.2499,19.24644,20.36014,-,-,-,19.95279,20.97927,-,20.05433,-,-,22.815,-,-,21.00764,20.4175,-,-,-,20.69802,-,-,-,-,21.29136,-,-,20.23895,,,,,,,,,,,,,,,,,,,,,,,,,,,,
th,-,-,-,22.89235,-,-,-,24.01911,23.23244,-,-,24.78032,25.04073,24.91946,23.13961,-,-,-,23.08536,24.65306,23.92389,-,23.86792,-,-,-,-,24.00449,-,-,24.02251,22.31484,23.07965,-,-,-,24.52411,23.06325,24.70995,24.81192,-,-,23.71919,-,24.43103,-,25.64574,24.21553,23.51104,24.93694,23.71713,24.50023,-,-,24.14109,-,24.64664,24.10632,-,-,-,24.05961,24.8392,-,25.41534,24.2926,-,-,-,-,24.39667,24.99484,25.68894,-,24.97004,-,26.48968,-,-,-,-,-,22.5943,-,26.09428,-,-,23.46326,-,-,-,25.10047,22.87024,-,-,-,7.07071,27.32431,-,23.32662,-,-,-,23.68769,-,25.07431,-,22.59455,25.28832,23.03358,-,-,-,-,-,23.38967,23.95874,-,-,-,25.07207,24.67864,-,-,-,-,-,-,25.12562,24.56797,24.61618,-,-,-,23.51471,25.95252,-,24.46567,-,-,25.99494,-,-,24.77054,23.35521,-,-,-,22.11388,-,-,-,-,22.97701,-,-,24.77344,23.83711,,,,,,,,,,,,,,,,,,,,,,,,,,,
ti,-,-,-,-,-,-,-,-,-,-,-,-,-,-,-,-,-,-,-,-,-,-,-,-,-,-,-,-,-,-,-,-,-,-,-,-,-,-,-,-,-,-,-,-,-,-,-,-,-,-,-,-,-,-,-,-,-,-,-,-,-,-,-,-,-,-,-,-,-,-,-,-,-,-,-,-,-,-,-,-,-,-,-,-,-,-,-,-,-,-,-,-,-,-,-,-,-,-,-,-,-,-,-,-,-,-,-,-,-,-,-,-,-,-,-,-,-,-,-,-,-,-,-,-,-,-,-,-,-,-,-,-,-,-,-,-,-,-,-,-,-,-,-,-,-,-,-,-,-,-,-,-,-,-,-,-,-,-,-,,,,,,,,,,,,,,,,,,,,,,,,,,
tk,-,-,-,-,-,-,-,-,-,-,-,-,11.33666,-,-,-,-,-,-,-,-,-,22.57735,-,-,-,-,22.76109,-,-,21.76288,-,23.95971,-,-,-,-,23.24512,-,25.35044,-,-,-,-,-,-,-,23.59247,-,-,-,-,-,-,-,-,-,-,-,-,-,20.43596,23.54794,-,-,-,-,-,-,-,-,24.03072,25.06789,-,-,-,-,-,-,-,-,-,25.2345,-,-,-,-,-,-,-,-,-,-,-,-,-,-,-,-,-,-,-,-,-,-,-,-,-,-,26.09415,-,-,-,-,-,21.92951,-,-,-,-,-,-,-,-,-,-,-,-,24.0211,-,25.76183,-,-,-,-,24.6613,-,-,-,-,-,-,-,24.59071,-,-,-,-,-,-,-,-,-,-,-,-,-,-,25.31908,-,,,,,,,,,,,,,,,,,,,,,,,,,
tl,-,-,-,-,-,-,-,20.49582,23.72473,-,-,23.12662,25.17524,22.48047,22.05928,-,-,-,-,23.99143,-,-,24.17105,-,-,-,-,23.44753,-,-,23.2794,25.51971,23.7739,-,-,-,21.98333,25.93191,22.24439,21.71173,-,-,22.87695,-,22.71193,-,23.57239,26.41046,-,25.63242,-,-,-,-,-,-,-,24.17416,-,-,-,24.22778,23.60033,-,-,-,-,-,-,-,23.0928,24.34489,21.62821,-,23.49552,-,22.00166,-,-,-,-,-,26.70995,-,23.12038,-,-,-,-,-,-,22.09644,24.1538,-,-,-,24.46026,22.85542,-,20.78382,-,-,-,-,-,26.83356,-,14.70574,-,27.12955,-,-,-,-,-,23.34338,-,-,-,-,-,-,-,-,-,-,-,-,23.6795,22.73239,22.69207,-,-,-,23.44508,23.39201,-,-,-,-,21.88628,-,-,23.36016,22.7343,-,-,-,22.55883,-,-,-,-,24.82608,-,-,-,-,24.68535,-,-,,,,,,,,,,,,,,,,,,,,,,,,
tn,-,-,-,-,-,-,-,-,-,-,-,-,-,-,-,-,-,-,-,-,-,-,-,-,-,-,-,-,-,-,-,-,-,-,-,-,-,-,-,-,-,-,-,-,-,-,-,-,-,-,-,-,-,-,-,-,-,-,-,-,-,-,-,-,-,-,-,-,-,-,-,-,-,-,-,-,-,-,-,-,-,-,-,-,-,-,-,-,-,-,-,-,-,-,-,-,-,-,-,-,-,-,-,-,-,-,-,-,-,-,-,-,-,-,-,-,-,-,-,-,-,-,-,-,-,-,-,-,-,-,-,-,-,-,-,-,-,-,-,-,-,-,-,-,-,-,-,-,-,-,-,-,-,-,-,-,-,-,-,-,-,-,,,,,,,,,,,,,,,,,,,,,,,
to,-,-,-,-,-,-,-,-,-,-,-,-,-,-,-,-,-,-,-,-,-,-,-,-,-,-,-,-,-,-,-,-,-,-,-,-,-,-,-,-,-,-,-,-,-,-,-,-,-,-,-,-,-,-,-,-,-,-,-,-,-,-,-,-,-,-,-,-,-,-,-,-,-,-,-,-,-,-,-,-,-,-,-,-,-,-,-,-,-,-,-,-,-,-,-,-,-,-,-,-,-,-,-,-,-,-,-,-,-,-,-,-,-,-,-,-,-,-,-,-,-,-,-,-,-,-,-,-,-,-,-,-,-,-,-,-,-,-,-,-,-,-,-,-,-,-,-,-,-,-,-,-,-,-,-,-,-,-,-,-,-,-,-,,,,,,,,,,,,,,,,,,,,,,
tr,-,-,-,22.15298,-,-,-,22.98055,22.7745,-,-,6.1061,12.35433,22.03114,22.14779,-,-,-,22.70797,23.83523,23.62661,-,23.14671,-,-,-,-,22.12083,-,-,23.13381,23.21157,23.64958,-,-,-,23.98014,24.02646,23.22348,23.22355,-,-,21.54076,-,21.87766,-,24.87914,23.71627,23.92413,25.83957,23.79856,24.71567,-,-,23.75212,-,23.72369,22.46634,-,-,-,20.76698,23.15805,-,-,21.32956,-,-,-,-,23.08088,23.28432,23.09998,-,24.80377,-,24.03264,-,-,-,-,-,25.01606,-,23.33088,-,-,20.47149,-,-,-,23.26073,23.79457,-,-,-,25.00319,24.05224,-,22.03627,-,-,-,21.36177,-,21.14736,-,21.46732,22.15165,25.55051,-,-,-,-,-,21.98625,23.63373,-,-,-,23.88719,23.00236,-,-,-,-,-,-,22.96111,23.56993,23.9705,-,-,-,23.60882,22.82529,-,23.25316,-,-,23.43539,-,-,22.24519,22.55064,-,-,-,22.54086,-,-,-,-,23.62398,-,-,24.67338,20.54208,24.95928,-,-,23.82629,-,-,,,,,,,,,,,,,,,,,,,,,
ts,-,-,-,-,-,-,-,-,-,-,-,-,-,-,-,-,-,-,-,-,-,-,-,-,-,-,-,-,-,-,-,-,-,-,-,-,-,-,-,-,-,-,-,-,-,-,-,-,-,-,-,-,-,-,-,-,-,-,-,-,-,-,-,-,-,-,-,-,-,-,-,-,-,-,-,-,-,-,-,-,-,-,-,-,-,-,-,-,-,-,-,-,-,-,-,-,-,-,-,-,-,-,-,-,-,-,-,-,-,-,-,-,-,-,-,-,-,-,-,-,-,-,-,-,-,-,-,-,-,-,-,-,-,-,-,-,-,-,-,-,-,-,-,-,-,-,-,-,-,-,-,-,-,-,-,-,-,-,-,-,-,-,-,-,-,,,,,,,,,,,,,,,,,,,,
tt,-,-,-,-,-,-,-,-,-,-,-,-,-,-,-,-,-,-,-,-,-,-,-,-,-,-,-,-,-,-,-,-,-,-,-,-,-,-,-,-,-,-,-,-,-,-,-,-,-,-,-,-,-,-,-,-,-,-,-,-,-,-,-,-,-,-,-,-,-,-,-,-,-,-,-,-,-,-,-,-,-,-,-,-,-,-,-,-,-,-,-,-,-,-,-,-,-,-,-,-,-,-,-,-,-,-,-,-,-,-,-,-,-,-,-,-,-,-,-,-,-,-,-,-,-,-,-,-,-,-,-,-,-,-,-,-,-,-,-,-,-,-,-,-,-,-,-,-,-,-,-,-,-,-,-,-,-,-,-,-,-,-,-,-,-,-,,,,,,,,,,,,,,,,,,,
tw,-,-,-,-,-,-,-,-,-,-,-,-,-,-,-,-,-,-,-,-,-,-,-,-,-,-,-,-,-,-,-,-,-,-,-,-,-,-,-,-,-,-,-,-,-,-,-,-,-,-,-,-,-,-,-,-,-,-,-,-,-,-,-,-,-,-,-,-,-,-,-,-,-,-,-,-,-,-,-,-,-,-,-,-,-,-,-,-,-,-,-,-,-,-,-,-,-,-,-,-,-,-,-,-,-,-,-,-,-,-,-,-,-,-,-,-,-,-,-,-,-,-,-,-,-,-,-,-,-,-,-,-,-,-,-,-,-,-,-,-,-,-,-,-,-,-,-,-,-,-,-,-,-,-,-,-,-,-,-,-,-,-,-,-,-,-,-,,,,,,,,,,,,,,,,,,
ty,-,-,-,-,-,-,-,-,-,-,-,-,-,-,-,-,-,-,-,-,-,-,-,-,-,-,-,-,-,-,-,-,-,-,-,-,-,-,-,-,-,-,-,-,-,-,-,-,-,-,-,-,-,-,-,-,-,-,-,-,-,-,-,-,-,-,-,-,-,-,-,-,-,-,-,-,-,-,-,-,-,-,-,-,-,-,-,-,-,-,-,-,-,-,-,-,-,-,-,-,-,-,-,-,-,-,-,-,-,-,-,-,-,-,-,-,-,-,-,-,-,-,-,-,-,-,-,-,-,-,-,-,-,-,-,-,-,-,-,-,-,-,-,-,-,-,-,-,-,-,-,-,-,-,-,-,-,-,-,-,-,-,-,-,-,-,-,-,,,,,,,,,,,,,,,,,
ug,-,-,-,-,-,-,-,23.71273,21.44872,-,-,7.9414,10.03478,-,23.85721,-,-,-,-,23.10398,-,-,24.23692,-,-,-,-,23.77781,-,-,23.03947,-,23.82355,-,-,-,24.92932,23.15032,24.47079,25.64278,-,-,20.34125,-,24.15203,-,26.11056,24.91695,-,24.86797,-,-,-,-,-,-,-,22.37457,-,-,-,20.08239,24.01504,-,-,-,-,-,-,-,24.47278,23.61878,26.24753,-,24.51447,-,26.49554,-,-,-,-,-,26.12394,-,21.96723,-,-,-,-,-,-,24.24706,23.15619,-,-,-,23.92788,-,-,22.30281,-,-,-,-,-,-,-,22.39874,-,23.55319,-,-,-,-,-,21.09765,-,-,-,-,25.38914,-,-,-,-,-,-,-,24.40926,-,26.37148,-,-,-,24.14044,25.03138,-,-,-,-,25.72098,-,-,23.77433,22.88971,-,-,-,21.27913,-,-,-,-,23.61095,-,-,-,-,24.73124,-,-,-,-,-,7.37797,-,-,-,-,,,,,,,,,,,,,,,,
uk,-,-,-,21.11584,-,-,-,22.82971,21.95585,-,-,24.90474,24.48757,8.86055,13.75361,-,-,-,22.97925,24.49288,23.38422,-,20.62908,-,-,-,-,10.84836,-,-,22.1297,21.40158,21.79276,-,-,-,19.80529,22.9276,19.30144,19.81161,-,-,21.53954,-,21.51693,-,22.45241,23.82223,20.14876,24.99277,24.66952,20.86246,-,-,22.75484,-,22.91916,22.88555,-,-,-,23.08038,22.9167,-,-,22.58472,-,-,-,-,18.71809,20.71271,18.48318,-,22.94986,-,23.38203,-,-,-,-,-,26.29458,-,24.04827,-,-,19.08051,-,-,-,20.22976,22.73144,-,-,-,24.84785,17.79519,-,19.15945,-,-,-,13.98373,-,24.03329,-,20.64055,22.80094,25.23149,-,-,-,-,-,22.1406,21.02786,-,-,-,21.89362,19.78845,-,-,-,-,-,-,11.75219,22.99504,21.01212,-,-,-,20.40606,11.22175,-,19.99021,-,-,22.6198,-,-,11.81404,12.47515,-,-,-,21.65687,-,-,-,-,21.12256,-,-,-,21.53118,25.81347,-,-,22.33812,-,-,23.67134,-,-,-,-,25.23341,,,,,,,,,,,,,,,
ur,-,-,-,22.33203,-,-,-,22.08562,15.52752,-,-,18.74252,23.11303,21.20059,20.56865,-,-,-,14.02106,25.32081,22.55015,-,19.90182,-,-,-,-,20.62719,-,-,22.57991,22.31061,22.15042,-,-,-,22.0486,23.29655,21.43354,22.11388,-,-,19.65766,-,21.51933,-,23.12845,21.94655,-,24.34629,24.07936,23.17722,-,-,23.43239,-,21.69715,3.02758,-,-,-,23.6358,23.5206,-,-,-,-,-,-,-,20.53199,22.7635,21.71208,-,24.59288,-,23.22153,-,-,-,-,-,25.42074,-,22.78207,-,-,-,-,-,-,23.03907,23.51519,-,-,-,24.23307,22.69969,-,21.41177,-,-,-,-,-,24.75109,-,22.08908,22.54839,25.37945,-,-,-,-,-,21.69058,20.64238,-,-,-,23.7431,-,-,-,-,-,-,-,21.7176,21.38919,22.20268,-,-,-,20.20175,21.65124,-,18.58579,-,-,23.27028,-,-,20.72337,21.2267,-,-,-,22.08574,-,-,-,-,21.88085,-,-,-,19.49962,23.53576,-,-,-,-,-,21.47732,-,-,-,-,-,22.71628,,,,,,,,,,,,,,
uz,-,-,-,-,-,-,-,-,-,-,-,-,-,-,-,-,-,-,-,-,-,-,-,-,-,-,-,-,-,-,-,-,-,-,-,-,-,-,-,-,-,-,-,-,-,-,-,-,-,-,-,-,-,-,-,-,-,-,-,-,-,-,-,-,-,-,-,-,-,-,-,-,-,-,-,-,-,-,-,-,-,-,-,-,-,-,-,-,-,-,-,-,-,-,-,-,-,-,-,-,-,-,-,-,-,-,-,-,-,-,-,-,-,-,-,-,-,-,-,-,-,-,-,-,-,-,-,-,-,-,-,-,-,-,-,-,-,-,-,-,-,-,-,-,-,-,-,-,-,-,-,-,-,-,-,-,-,-,-,-,-,-,-,-,-,-,-,-,-,-,-,-,,,,,,,,,,,,,
ve,-,-,-,-,-,-,-,-,-,-,-,-,-,-,-,-,-,-,-,-,-,-,-,-,-,-,-,-,-,-,-,-,-,-,-,-,-,-,-,-,-,-,-,-,-,-,-,-,-,-,-,-,-,-,-,-,-,-,-,-,-,-,-,-,-,-,-,-,-,-,-,-,-,-,-,-,-,-,-,-,-,-,-,-,-,-,-,-,-,-,-,-,-,-,-,-,-,-,-,-,-,-,-,-,-,-,-,-,-,-,-,-,-,-,-,-,-,-,-,-,-,-,-,-,-,-,-,-,-,-,-,-,-,-,-,-,-,-,-,-,-,-,-,-,-,-,-,-,-,-,-,-,-,-,-,-,-,-,-,-,-,-,-,-,-,-,-,-,-,-,-,-,-,,,,,,,,,,,,
vi,-,-,-,22.2023,-,-,-,24.90289,23.69606,-,-,23.80095,24.57699,24.92582,23.48094,-,-,-,23.10948,24.36209,23.2423,-,23.37538,-,-,-,-,24.35302,-,-,23.9306,22.68402,23.67283,-,-,-,24.31287,23.60025,25.22712,25.00558,-,-,24.41551,-,24.93117,-,25.72546,24.21007,23.67628,25.36366,25.29625,24.62613,-,-,23.43904,-,23.45754,24.47876,-,-,-,23.6002,24.50615,-,24.17212,23.88748,-,-,-,-,24.95052,25.43729,25.676,-,25.2123,-,26.20276,-,-,-,-,-,23.31651,-,26.24758,-,-,22.69236,-,-,-,25.62323,23.01191,-,-,-,20.73724,26.96288,-,23.74129,-,-,-,23.92484,-,24.33056,-,22.51834,24.75539,23.80969,-,-,-,-,-,23.19896,24.63416,-,-,-,24.66619,24.26045,-,-,-,-,-,-,25.45452,23.48856,25.13409,-,-,-,23.53379,26.01878,-,23.95629,-,-,25.8134,-,-,23.98021,23.69581,-,-,-,22.59387,-,-,-,-,22.87681,-,-,25.96526,23.24181,21.65353,-,22.33928,25.1475,-,-,23.70449,-,-,-,-,24.57013,25.81973,24.61389,-,-,,,,,,,,,,,
vo,-,-,-,-,-,-,-,21.68477,20.22783,-,-,-,24.31228,-,19.13774,-,-,-,-,-,-,-,19.51276,-,-,-,-,19.62321,-,-,21.74832,18.20482,15.94694,-,-,-,-,16.54933,20.05959,20.06361,-,-,21.60397,-,22.00403,-,-,22.23881,-,22.89794,-,-,-,-,-,-,-,22.46227,-,-,-,22.39713,21.27227,-,-,-,-,-,-,-,-,19.82462,20.83367,-,23.50766,-,25.23114,-,-,-,-,-,23.2285,-,24.07415,-,-,-,-,-,-,19.84737,16.02391,-,-,-,-,-,-,20.94476,-,-,-,-,-,-,-,21.51176,-,25.01415,-,-,-,-,-,14.90565,-,-,-,-,-,-,-,-,-,-,-,-,21.52453,-,19.32199,-,-,-,19.35282,21.22048,-,-,-,-,-,-,-,21.38029,19.85283,-,-,-,-,-,-,-,-,17.70878,-,-,-,-,22.84509,-,-,-,-,-,23.73905,-,-,-,-,-,-,-,-,-,22.22438,,,,,,,,,,
wa,-,-,-,-,-,-,-,-,-,-,-,-,-,-,-,-,-,-,-,-,-,-,-,-,-,-,-,-,-,-,-,-,-,-,-,-,-,-,-,-,-,-,-,-,-,-,-,-,-,-,-,-,-,-,-,-,-,-,-,-,-,-,-,-,-,-,-,-,-,-,-,-,-,-,-,-,-,-,-,-,-,-,-,-,-,-,-,-,-,-,-,-,-,-,-,-,-,-,-,-,-,-,-,-,-,-,-,-,-,-,-,-,-,-,-,-,-,-,-,-,-,-,-,-,-,-,-,-,-,-,-,-,-,-,-,-,-,-,-,-,-,-,-,-,-,-,-,-,-,-,-,-,-,-,-,-,-,-,-,-,-,-,-,-,-,-,-,-,-,-,-,-,-,-,-,-,,,,,,,,,
wo,-,-,-,-,-,-,-,-,-,-,-,-,-,-,-,-,-,-,-,-,-,-,-,-,-,-,-,-,-,-,-,-,-,-,-,-,-,-,-,-,-,-,-,-,-,-,-,-,-,-,-,-,-,-,-,-,-,-,-,-,-,-,-,-,-,-,-,-,-,-,-,-,-,-,-,-,-,-,-,-,-,-,-,-,-,-,-,-,-,-,-,-,-,-,-,-,-,-,-,-,-,-,-,-,-,-,-,-,-,-,-,-,-,-,-,-,-,-,-,-,-,-,-,-,-,-,-,-,-,-,-,-,-,-,-,-,-,-,-,-,-,-,-,-,-,-,-,-,-,-,-,-,-,-,-,-,-,-,-,-,-,-,-,-,-,-,-,-,-,-,-,-,-,-,-,-,-,,,,,,,,
xh,-,-,-,-,-,-,-,25.77688,26.12848,-,-,-,27.69213,-,23.52682,-,-,-,-,-,-,-,26.56671,-,-,-,-,24.79475,-,-,27.92726,27.76818,26.39253,-,-,-,22.88493,29.11006,21.4168,22.08919,-,-,28.16163,-,23.29877,-,26.4783,29.2499,-,29.08644,-,-,-,-,-,-,-,27.05698,-,-,-,27.04358,27.81217,-,-,-,-,-,-,-,-,25.81571,23.34905,-,23.51818,-,24.50828,-,-,-,-,-,28.55732,-,26.92897,-,-,-,-,-,-,24.4159,28.14832,-,-,-,-,-,-,-,-,-,-,-,-,-,-,22.77079,-,29.908,-,-,-,-,-,27.16955,-,-,-,-,20.63729,-,-,-,-,-,-,-,24.54982,-,24.38942,-,-,-,26.25822,24.77938,-,-,-,-,21.85226,-,-,24.88631,24.68841,-,-,-,-,-,-,-,-,-,-,-,-,-,29.43771,-,-,-,-,-,26.63208,-,-,-,-,-,-,-,-,-,28.13906,-,-,-,,,,,,,
yi,-,-,-,10.97304,-,-,-,23.78399,23.45813,-,-,24.16024,24.25738,22.05481,21.2283,-,-,-,-,25.00124,18.4485,-,21.36124,-,-,-,-,20.91642,-,-,20.72491,13.61397,7.1483,-,-,-,21.63449,15.985,20.31347,21.59133,-,-,21.27139,-,23.05316,-,18.88248,22.8547,-,22.87037,21.75117,21.53295,-,-,21.8317,-,23.76466,22.25051,-,-,-,21.72632,21.34279,-,-,-,-,-,-,-,19.80229,17.55597,22.05737,-,23.71403,-,25.11859,-,-,-,-,-,24.90403,-,25.24523,-,-,-,-,-,-,20.60285,10.32093,-,-,-,24.49353,22.19302,-,21.31512,-,-,-,-,-,22.89066,-,22.12217,21.89491,23.64281,-,-,-,-,-,9.99809,14.57191,-,-,-,24.40623,-,-,-,-,-,-,-,21.51681,21.64333,22.47891,-,-,-,21.65553,22.66505,-,23.0514,-,-,24.75255,-,-,21.31463,20.44575,-,-,-,21.27862,-,-,-,-,13.65799,-,-,-,21.02102,24.68911,-,-,-,-,-,23.47076,-,-,-,-,23.16098,22.01876,22.4117,-,-,23.68672,-,-,-,-,,,,,,
yo,-,-,-,-,-,-,-,-,-,-,-,-,-,-,-,-,-,-,-,-,-,-,-,-,-,-,-,-,-,-,-,-,-,-,-,-,-,-,-,-,-,-,-,-,-,-,-,-,-,-,-,-,-,-,-,-,-,-,-,-,-,-,-,-,-,-,-,-,-,-,-,-,-,-,-,-,-,-,-,-,-,-,-,-,-,-,-,-,-,-,-,-,-,-,-,-,-,-,-,-,-,-,-,-,-,-,-,-,-,-,-,-,-,-,-,-,-,-,-,-,-,-,-,-,-,-,-,-,-,-,-,-,-,-,-,-,-,-,-,-,-,-,-,-,-,-,-,-,-,-,-,-,-,-,-,-,-,-,-,-,-,-,-,-,-,-,-,-,-,-,-,-,-,-,-,-,-,-,-,-,,,,,
za,-,-,-,22.90085,-,-,-,25.37241,22.84565,-,-,23.90611,25.62431,24.68253,23.63242,-,-,-,22.97906,22.80529,23.85201,-,23.43066,-,-,-,-,24.04062,-,-,22.97151,21.12847,22.39388,-,-,-,24.41819,22.11127,25.04887,25.20757,-,-,23.92073,-,25.09836,-,26.53092,24.45649,21.74034,25.6526,23.93493,25.59266,-,-,23.69909,-,24.96617,24.35425,-,-,-,22.37105,24.04162,-,-,22.71279,-,-,-,-,25.13068,25.21981,25.98938,-,23.50789,-,27.48291,-,-,-,-,-,23.36855,-,25.61473,-,-,-,-,-,-,24.7163,21.74328,-,-,-,13.52663,27.2504,-,24.38755,-,-,-,23.07156,-,25.09463,-,22.96709,25.87656,23.34831,-,-,-,-,-,22.69952,22.91773,-,-,-,26.0488,22.54401,-,-,-,-,-,-,24.53324,24.1797,25.13561,-,-,-,23.20641,25.63994,-,25.29563,-,-,26.96538,-,-,24.66367,23.63192,-,-,-,22.65674,-,-,-,-,22.64087,-,-,23.63171,22.82442,14.80906,-,-,-,-,-,24.99155,-,-,-,-,23.00946,25.66683,25.26231,-,-,20.86595,-,-,-,30.10718,23.28424,-,,,,
zh,-,-,-,-,-,-,-,-,-,-,-,-,-,-,-,-,-,-,-,-,-,-,-,-,-,-,-,-,-,-,-,-,-,-,-,-,-,-,-,-,-,-,-,-,-,-,-,-,-,-,-,-,-,-,-,-,-,-,-,-,-,-,-,-,-,-,-,-,-,-,-,-,-,-,-,-,-,-,-,-,-,-,-,-,-,-,-,-,-,-,-,-,-,-,-,-,-,-,-,-,-,-,-,-,-,-,-,-,-,-,-,-,-,-,-,-,-,-,-,-,-,-,-,-,-,-,-,-,-,-,-,-,-,-,-,-,-,-,-,-,-,-,-,-,-,-,-,-,-,-,-,-,-,-,-,-,-,-,-,-,-,-,-,-,-,-,-,-,-,-,-,-,-,-,-,-,-,-,-,-,-,-,,,
zu,-,-,-,29.49204,-,-,-,24.86266,26.22855,-,-,26.52947,27.82996,25.71378,25.19273,-,-,-,25.72857,27.35658,28.37454,-,27.10831,-,-,-,-,25.7651,-,-,27.0592,28.13292,27.65536,-,-,-,23.04998,29.65982,22.73711,23.83107,-,-,27.18056,-,24.13621,-,27.83167,30.01689,27.44606,29.57503,29.61706,25.09898,-,-,29.78273,-,26.11979,28.20433,-,-,-,28.49355,27.89236,-,-,21.4256,-,-,-,-,23.61897,26.72704,23.63162,-,24.37252,-,25.27969,-,-,-,-,-,28.95663,-,27.90138,-,-,28.79363,-,-,-,25.64584,28.28192,-,-,-,28.57815,25.59518,-,25.4156,-,-,-,25.0805,-,29.27935,-,23.02798,26.58099,28.64772,-,-,-,-,-,28.21103,28.07492,-,-,-,19.28467,26.30844,-,-,-,-,-,-,26.59042,26.26092,24.63926,-,-,-,24.50262,26.73973,-,24.72346,-,-,22.30665,-,-,25.87298,25.86012,-,-,-,26.83099,-,-,-,-,28.07002,-,-,23.75082,26.96477,28.65988,-,28.73932,23.91292,-,-,27.70789,-,-,-,-,28.1231,25.54802,26.88972,-,-,28.99929,28.82695,-,-,6.21825,27.71322,-,30.37686,-,,
Unnamed: 185,-,-,-,-,-,-,-,-,-,-,-,-,-,-,-,-,-,-,-,-,-,-,-,-,-,-,-,-,-,-,-,-,-,-,-,-,-,-,-,-,-,-,-,-,-,-,-,-,-,-,-,-,-,-,-,-,-,-,-,-,-,-,-,-,-,-,-,-,-,-,-,-,-,-,-,-,-,-,-,-,-,-,-,-,-,-,-,-,-,-,-,-,-,-,-,-,-,-,-,-,-,-,-,-,-,-,-,-,-,-,-,-,-,-,-,-,-,-,-,-,-,-,-,-,-,-,-,-,-,-,-,-,-,-,-,-,-,-,-,-,-,-,-,-,-,-,-,-,-,-,-,-,-,-,-,-,-,-,-,-,-,-,-,-,-,-,-,-,-,-,-,-,-,-,-,-,-,-,-,-,-,-,-,-,
