word,ug,cy,bg,yea,sa,gdb,sv,ny,km,kxv,kn,se,sk,ka,ja,bn,ta,my,fr,sva,lv,tcx,lo,la,uk,zu,mk,kru,bfq,tg,fi,he,ps,krl,tr,xub,tcy,sl,br,ga,ur,ms,hy,ca,tl,el,gd,oc,za,ku,te,de,ko,fa,gv,mn,ar,lt,pl,hu,brh,kfe,af,ml,gon,ru,pci,cs,az,sq,liv,nn,bo,kff,id,yi,et,ba,fo,it,hi,mjt,mt,vep,nl,pt,kfa,gl,be,vi,ro,lzz,da,vro,as,fy,lb,is,es,en,vot,xmf,kfb,th
green,jeˈʃil,ɡwɨ̞rð,zɛˈlɛn,patʃtʃe,,tukud,ɡrøːn,,paitṅ,a:kupatʃtʃa,hasiru,,ˈze̞.ɫe̞.niː,mtsʼvänɛ,mʲido̞ɾʲi,,patʃtʃə,séɪɴ,vɛʁ,jərʒi,zaʎʃ,patʃtʃai,,ˈwi.ri.dis,zeˈlɛnei̯,,,haɾija:ɾ,patʃtʃe,,ˈʋihreæ,jaˈʁok,zərˈɣun,ˈvihrie,jeˈʃil,passla:ngi,patʃtʃe,zɛˈlɛ́n,,ɡlˠasˠ,,hid͡ʒau̯,kɑˈnɑt͡ʃʰ,ˈvɛɾt,,ˈpɾasinos,ˈuəɲə,ˈbert,,,patʃtʃa,ɡʁyːn,no̞ks͈e̞k̚,sæbz,,,ʔax.dˁar,,ʑɛˈlɔ.nɨ,ˈzøld,guanakki,patʃtʃə,,patʃtʃa,patʃtʃad,zʲɪˈlʲɵnɨj,pay,ˈzɛlɛniː,jɑˈʃɯɫ,ˈɟɛlbəɾ,ˈoːʎɑz,,*ld͡ʑaŋ.kʰu,patʃtʃa,,ɡʁin,ˈroheline,jæˈʃɪ̞l,,ˈver.de,ɦə.ɾɑː,ɾanalo,ˈɐħdɐr,ˈvihɑnd,ɣrun,ˈveɾ.ðɨ,patʃtʃe,ˈbeɾðe̝,zʲaˈlʲonɨ,maw˨˩,ˈver.de,χäntʃʼɛni,ɡrœn,ˈrohilinɤ,xɛu.zia,ɣriə̯n,ɡʀeŋ,kraitn,ˈberde,ɡɹiːn,ˈrohoin,tsʼvänɛ,niguɾ,kʰia̯w˩˩˦
bite,,knɔj,ot̪ˈxapvəm,kaɖi,,tukud,,,kʰāṃ,katʃine,kaḍi,,,kʼbɛtʃä,ka̠mɯ̟ᵝ,,kaɖi,kaɪʔ,mɔʁdʁ,liqʰɛpʰ,kuôst,paɾtʃiʈtʃi,,ˈmor.de.oː,,lûːma,ɔdˈɡrizuva,kʰatʃtʃna,katʃtʃə,ɡæzidæn,ˈpurːɑ,,,ˈpurːɑ,,kaɖi,tina:ɾa,,,,,ɡiɡet,kəˈtsɛl,mo.səˈɡa,,ðaŋˈɡono,,,,,koɾuku,ˈbaɪ̯sn̩,muɾʌ̹t͈e̞da̠,,,xat͡səx,ʕadˁ.dˁa,,,ˈhɒrɒp,kaat kanning,kaɖə,,kadikkuga,kask,ɐtˈkusɨvətʲ,kork,ˈkou̯sat,,kafˈʃɔj,ˈjɑmst̪ɨ,,,koɾaka,,,ˈhɑmːustɑmɑ,,,ˈmɔrdere,,ko:hi,,ˈpurdɑ,ˈbɛi̯tə(n),muɾˈðeɾ,kaɖi,,kuˈsat͡sʲ,kan˧˦,muʃˈka,ɔkʼibinu,biːdə,ˈhɑukːɑmɑ,,,ˈbæi̯sen,ˈpiːta,,baɪt,ˈpurɤɑ,χitʃuä,atekaʂin,kat̚˨˩
smoke,,muːɡ,,poge,d̪ʱuː.mɐ́,poa:g,,ˈu.t͡sí,p̥ʰsaeṅ,,hoge,ˈsuo̯vva,ˈdim,bɔli,keburi,,pukai,ʔəkʰó,fy.me,zinqʰ,,pukuɖti,,ˈfuː.mus,dɪm,íntuːtʰú,,mosaga,hoge,,ˈsɑʋu,,d̪od̪,ˈsɑvu,,pəggi,poga,ˈdím,,ˈdʲat̪ˠəx,d̪ʱuã,asap,t͡suχ,ˈfum,,kaˈpno̞s,t̪ɔʰtʲ,,,,poga,ʁaʊ̯x,ˈjɘːnɡi,,ˈd͡ʒeːax,ʊtʰa,du.xaːn,,dɨm,ˈfyʃt,mo:ʃ,pegu,,puka,poja,dɨm,tūk,diːm,tysˈty,,ˈsov,,*du.ba,kumpo:ɖ,,,ˈsuits,tʏ̞.ˈtʏ̞n,ˈɹɔiːjkʊɹ,,d̪ʱuː.ɑ̃ː,mo:ha,,ˈsɑvu,roːk,ˈfu.mu,poge,ˈfume̝,dɨm,xɔj˧˦,,kʼɔmä,røj,ˈsːɑu,,,damp,ˈreiːkʏr,ˈumo,sməʊk,ˈsɑvːu,kʼumä,pog,kʰwan˧
louse,,ˈɬeɨ̯ɛn,ˈvɤʃkə,pe:nə,,tukud,,ˈⁿsa.ɓʷe,cai,,he:nu,,ˈvɔʃ,tʼili,ɕiɾa̠mʲi,,pe:nə,θáɴ,pu,tʼiʃ,,iɾs,,ˈpeː.dis,ˈwɔʃɐ,íntwáːla,ˈvɔʃka,pe:n,ili,,ˈtæi,,,ˈtæi,ˈbit,pja:nu,pe:n,ˈúːʃ,ˈlɔw,,dʒũː,kutu,vɔˈt͡ʃʰil,ˈpoʎ,,,,peˈzul,,,pe:nu,laʊ̯s,i,ʃeˈpeʃ,,poːs,qam.la,,vɛʂ,ˈtɛtyː,bo:dʰ,paiji,,pe:n,poɾki,voʂ,pēni,ˈvɛʃ,bit,mɔr,ˈt̪e̞i,,,poɾiki,,,ˈtæi,bɪ̞t,lʉuːs,pi.ˈdɔk̚.kjo,dʒũː,bʰumi,,ˈtæi,lœy̯s,pi.ˈo.ʎu,pe:nə,,voʂ,zən˧˨ʔ,,tʼi,,ˈtːæi,,,,luːs,ˈpjo.xo,laʊs,ˈtæi,tʼi,pa:nu,haw˩˩˦
give,,r̥ɔi̯,ˈdavəm,koɖu,,tʃi,jeː,ˈpa.t͡sa,o̥y,taa,koɖu,,,mitsɛmä,*ataperu,,kuɖə,pé,dɔ.ne,lihwdi,duôt,ittʃadta,mɔːp˥˦,doː,,,,tʃihna,koɖu,dɔːdæn,ˈɑntɑː,,,ˈɑntuɑ,veɾ.mec,koɖ,koɾo,ˈdati,ˈrɛĩ,ˈt̪ˠuːɾʲ,d̪ena,bəri,tɑl,doˈna,,,,,haɯ˥,,itʃtʃu,ˈɡeːbən,t͡ɕuda̠,d̪ɒːˈd̪æn,,oɡəx,ʔaʕ.tˁaː,ˈduɔtʲɪ,ˈda.vat͡ɕ,ˈɒd,tinning,tej,,koɖukkuga,hi,dɐˈvatʲ,cī,ˈdaːvat,verˈmæk,,ˈɑnd̪ɨ,,,i:m,bəri,,ˈɑndmɑ,,t͡ʃeːʋa,ˈda.re,d̪eː.nɑː,tʃiba:h,,ˈɑntːɑ,ˈɣeːvə(n),ˈdaɾ,koɖi,,,t͡ɕɔ˧˧,da,mɛtʃämu,ɡiː,ˈɑntmɑ,,jaːn,,ˈcɛːva,ˈdaɾ,ɡɪv,ˈɑnːɑː,mɛtʃämä,si:ta:n,haj˥˩
drink,,ˈəvɛd,ˈpijə,kuɖipə,pí.bɐ.t̪i,un,drɪkːa,,pʰẏk,,kuḍi,ˈjuhkah(t),ˈpic,smä,no̞mɯ̟ᵝ,,kuɖi,θaʊʔ,bwaʁ,litʰrɛ,dzɛɾ̂t,uʈʈudi,dɯːm˦˦,ˈbi.boː,,,ˈpi.ɛ,onna,kuɖapə,nɵʃidæn,ˈjuodɑ,ʃaˈta,,ˈjuːvːɑ,it͡ʃˈmɛ́c,kuɖi,paɾijaɾa,ˈpiːti,ˈe.vɑ̃,oːl̪ˠ,,minom,χəˈmɛl,ˈbəw.ɾə,,ˈpi.no,ɔːɫ̪,ˈbewre,,ˈvɛxwɑːɾɯn,ta:gu,ˈtʁɪŋkən,ma̠ɕʰida̠,nuːʃiːˈdæn,,,ʃa.ri.ba,ˈɡʲɛrʲ.tʲɪ,pʲit͡ɕ,ˈisik,kuning,unatukə,,kuṭi,un,pʲitʲ,un,piːt,itʃmæc,pi,ˈjuːod̪ɨ,,*ⁿtʰuŋ,unnu,,,ˈjoːmɑ,,ˈtɾɛʰkːa,ˈbe.re,piːn̪ɑː,ho:na:,ˈʃɔrɔp,ˈjodɑ,ˈdrɪŋkə(n),be.ˈbeɾ,kuɖipa,,,ʔuəŋ˧˦,be̯a,ɔʃu,drekə,ˈjuːmɑ,,ˈdrɪŋkə,ˈdʀeŋken,ˈtrɛhka,beˈβeɾ,dɹɪŋk,ˈʝuvːɑ,ʃumä,aniɾusa:t,dɯːm˨˩
dig,,,,,,,,,,,,,ˈkɔpac,tʰχrä,,,,tú,kʁø.ze,libərdʒɛ,ɾakt,,,ˈfo.di.oː,,,,,,,ˈkɑiʋɑː,,,ˈkɑivuɑ,,,,kɔˈpàːti,,ˈt̪ˠɔxəlʲ,,ɡali,pʰɔˈɾɛl,kəˈva,,,,,,,,ˈɡʁaːbən,pʰa̠da̠,kʲænˈdæn,,,ħa.fa.ra,,ˈkɔ.pat͡ɕ,ˈaːʃ,,,,,,kɐˈpatʲ,,ˈkopat,,,ˈkuovo,,,,,,ˈkɑeʋɑmɑ,,,skaˈvare,kʰoːd̪.nɑː,,,ˈkɑidɑ,ˈɣraːvə(n),,,eskaˈβaɾ,,ʔɗaːw˨˩,,ɔntʰχɔru,ɡraːvə,ˈkːɑipmɑ,kʰan.da,,ˈɡʀue̯ven,,ekskaˈbaɾ,dɪɡ,ˈkɑivɑː,ntʰχɔruä,,kʰut̚˨˩
sharp,,,osˈtɤr,,,,,,mut,,,,,bäsri,,,,t͡ɕʰʊ̀ɴ,a.fi.le,bæsr,as,,,ˈaː.ker,,,,,,,ˈteræʋæ,,,ˈterævæ,,,,ˈòːstər,,ɟeːɾˠ,,,suɾ,əz.moˈlat,,kofteˈros,,,,,,ʃarf,,teːz,,,ħaːdd,ɐʃt̪ˈrʊs̪,ˈɔ.strɨ,ˈeːlɛʃ,,,,,,ˈostrɨj,,ˈostriː,,,ˈvɑimi,,,,,,ˈterɑʋ,ʏtˈkɪ̞r,ˈkvasːʊr,affiˈlato,,,,ˈterɑv,sxɛrp,a.fi.ˈa.du,,,ˈvostrɨ,sak̚˧˦,as.kuˈt͡sit,mtʃʼkʼirulä,,ˈtːerːæv,,,,xʷasː,aˈɡudo,ʃɑːp,ˈterævæ,kʼväntʰiri,,kʰom˧
wind,,,ˈvʲatər,,ʋɑ́ː.t̪ɐ,,vɪnd,ˈᵐpʰé.po,k̥ʰyl´,,,ˈpie̯ɡːɡa,ˈvi̯ɛtɔr,kʰäri,ka̠ze̞,,,lè,vɑ̃,bikʰw,vɛ̄ːjʃ,,lom˦˥,ˈwen.tus,ˈʋʲiter,úmôːja,ˈvɛtɛr,,,bɔːd,ˈtuːli,ˈʁuax,bɑd,ˈtuːli,ryzˈɟar,,,,ˈɑːvɛl,ɡeː,ɦəʋaː,aŋen,kʰɑˈmi,,ˈha.ŋin,,,,ɣum˧˩,,,vɪnt,pa̠ɾa̠m,bɒːd,ɡiː,saɮʲxʲ,riːħ,ˈʋʲeːjɛs,vʲatr,ˈseːl,,,,,,ˈvʲetʲɪr,,ˈviːtr̩,,ɛːɹ,ˈt̪uːʎ,,*rluŋ,,,,ˈtuːl,jɪ̞l,ˈvɪntʊɹ,ˈvɛn.to,ɦəʋaː,,riːħ,ˈtulːei,ʋɪnt,ˈvẽ.tu,,ˈbento̝,,zɔ˧˦,,iχi,ʋend,ˈtːuːl,bɔtaʱ,,vant,ˈvɪntʏr,ˈbjento,ˈwɪnd,ˈtuːli,bɔriä,,lom˧
sea,,moːr,moˈrɛ,,s̪ɐ.mud̪.ɽɐ́,,ɧøː,,smud̥r,,,,ˈmɔrɛ,zʁvä,⟨umi1⟩,,,pɪ̀ɴlɛ̀,mɛʁ,dzuʁwä,jūːɾa,,,ˈma.re,,ûːlwâːnɮe,,,,bæhr,ˈmeri,,,ˈmeri,,,,ˈmóːrjɛ,ˈmoːʁ,,,laot,t͡sɔv,ˈmar,,ˈθalasa,,,haːi˥,,,meːɐ̯,pa̠da̠,dæɾˈjɒː,,taɮai,baħr,ˈjuːrɐ,ˈmɔ.ʐɛ,ˈtɛŋɡɛr,,,,,,ˈmorʲe,,mor̝ɛ,dæˈniz,dɛt,ˈme̞r,hɑːʋ,,,,,ˈmeri,dʲiŋˈɡɪ̞ð,hɛaːv,ˈmaːre,,,ˈbaːħɐr,ˈmeri,zeː,maɾ,,,,ʔɓiən˧˩,ˈma.re,zuʁä,hav,ˈmeri,xaɡɔɹ,seː,miːə̯,haːv,ˈmaɾ,siː,ˈmeri,zʁvä,,tʰa˦˥.leː˧
stand,,ˈsɛvɨ̞ɬ,,nindʒo,,tukud,,,jʰr,,nintiko,,ˈstaːc,dgɔmä,ta̠t͡sɨᵝ,d̪aɽano,nil,jaʔ,ɛ.tʁə d(ə).bu,lignɛ,stāːvɛ̂ːt,mukkaɖuɾil,,stoː,,,,idʒdʒna,nippə,,ˈseisoɑ,(ʕ)amad,,ˈseisuo,,ə:ɭ,untaɾa,,,ʃasˠ,,,kɑŋɡˈnɛl,,,ˈstekome,,,,,niltʃonu,ˈʃteː.ən,sʰʌ̹da̠,iːstʰɒːˈdæn,,t͡sɔɡsəx,wa.qa.fa,,stat͡ɕ,ˈaːlː,saling,ninnatukə,,nilkuga,nil,stɐˈjætʲ,nilp,staːt,daˈjɑnmɑχ,ri,ˈpiːlɨ,,,nilla,,,ˈseismɑ,,,,,hilpo,,ˈseiʃtɑ,staːn,pɨɾ.mɐ.nɨ.ˈseɾ,nində,,,ʔɗɨŋ˧˦,,dɔdginu,,ˈsːɑisːmɑ,tʰiɔ ɦʊa,ˈsteən,ˈʃtoːən,ˈstanta,,stænd,ˈsɤizoɑ,gɛrinä,ni:ma:n,jɯːn˧
father,dɑdɑ,taːd,bɐˈʃta,,pi.t̪ŕ̩,,,ˈɓa.ᵐbo,ýubuk,,,ˈaːhːt͡ʃiː,ˈɔcɛt͡s,mämä,ototosama,abba,,ʔəpʰè,pɛʁ,mu,tǣːws,,pʰɔː˦,ˈpa.ter,ˈbɑtʲkɔ,úɓaːɓá,,,,,ˈisæ,(ʔ)av,,ˈtuɑto,bɑˈbɑ,,,ˈɔ̀ːtʃɛ,ˈtɑːt,ˈahəɾʲ,pət̪ɑː,bapə,hɑjɾ,ˈpa.ɾə,,paˈteras,ˈahəɾʲ,ˈpajɾe,,,,ˈfaːtɐ,a̠bʌ̹d͡ʑi,pʰeˈd̪æɾ,ˈeːar,,ʔab,ˈtʲeːvɐs,ˈɔj.t͡ɕɛt͡s,ˈɒpɒ,,,fɑːdər,,,ɐˈtʲet͡s,,ˈotɛt͡s,ɑˈtɑ,baba,ˈizɑː,,,,bapa,ˈfɔtəʁ,ˈisɑ,ɑˈtɑj,ˈfɛaːjɪɹ,ˈpa.dre,pɪ.t̪ɑː,,,ˈtɑt,ˈvaː.dər,paj,,,ˈbat͡sʲka,ʔɓaː˧˧,ˈta.tə,bäbä,,ˈesːæ,dɛʊ.ta,hai̯t,pɑp,ˈfaːðɪr,ˈpadɾe,ˈfɑː.ðə(ɹ),ˈisæ,mumä,,pʰɔː˥˩
turn,,,,,,,,,,,,,,tʼriäli,,,,l̥ɛ̰,tuʁ.ne,lisipʼ,,,,ˈwer.toː,,,,,,,ˈkæːntyæ,,tɑwaˈwəl,ˈkiændiæ,dœnmec,,,,,kɑsˠ,,,ʃəɾdʒˈvɛl,ʒiˈɾa,,,,,,,,ˈdʁeːən,ˈto̞ːɭda̠,ɡæʃtæn,,,,,,ˈforoɡ,,,,,,vrɐˈɕːat͡sːə,,ˈtot͡ʃɪt,,,ˈkiːe̞rɨ,,,,,,ˈpøːrɑmɑ,,,dʒiˈrare,,,,ˈkæroutɑ,ˈdraːi̯ə(n),,,,,,,ɔkʰtʰu,drajə,ˈkːæːntmæ,,,,,xiˈɾaɾ,tɜːn,ˈtʃæːntæː,rtʰäpʰä,,mun˩˩˦
fog,,,məˈɡɫa,,,,,ˈᵑkʰú.ᵑɡu,ʾ˘b̥d,,,,ˈɦmɫa,nisli,,,,mjù,bʁu.jaʁ,bintʼw,,,,kaːˈliː.ɡoː,,ínkuːnɡú,ˈmaɡla,,,,ˈsumu,,,ˈudu,,,,məˈɡlá,,coː,,kabos,mɑrɑˈχuʁ,ˈbɔj.ɾə,,,,ˈnɛβlo,,,,ˈneːbl̩,a̠nɡe̞,mæh,kʲeː,manəŋ,dˁa.baːb,ˈruːkɐs,mɡwa,ˈkød,,,,,,tʊˈman,,mɫ̩ɦa,,ˈmjɛɡuɫ,ˈud̪,,*zmuk.pa,,,,ˈudu,tʊ̞ˈmɑn,ˈtʰoːʰka,ˈnebbja,,,,ˈsumeg,mɪst,nɨ.ˈvwɐj.ɾu,,ˈnɛβo̯a̝,,sɨəŋ˧˧ mu˨˩,ˈt͡ʃe̯a.t͡sə,mpʼulä,tɔːɡə,ˈuntsːɤʔ,,,ˈnivəl,ˈθɔːka,,fɒɡ,ˈutu,nirsi,,mɔːk̚˨˩
hit,,ˈtarɔ,,,,,,,vāy,,,,ˈudri̯ɛc,rtʼqʼmä,ɯ̟ᵝt͡sɨᵝ,,,jaɪʔ,fʁa.pe,liqʼɛr,,,,,,,,,,,ˈlyødæ,,,ˈlyːvːæ,,,,,,,marna,,χəˈpʰɛl,kol.pəˈʒa,,,ˈbuɪl,,,,,ˈʃlaːɡən,t͡ɕʰida̠,zæˈd̪æn,,,dˁa.ra.ba,,uˈdɛ.ʐat͡ɕ,ˈyt,,,,,,ʊdɐˈrʲætʲ,,,,,ˈrɑbːɨ,,,,,,ˈløːmɑ,,,kolˈpire,ˈmɑːɾ.nɑː,,,ˈlødɑ,ˈraːkə(n),ɡow.pe.ˈaɾ,,,,ʔɗəp̚˧˨ʔ,,gɛtʃämu,slɔː,ˈlɨːmæ,,,,stlauː,,hɪt,ˈløː,mɛgämä,,tiː˧
right,,hau̯l,,,,,,,,,,,,märdʒvɛnä,,,,ʔəkʰwɪ̰ɴ,dʁwɑ,lɛrsgwɛn,,,,,,,,,,,ˈoikeɑ,,,ˈoikie,hɑk,,,praˈʋìːtsa,,,,,iɾɑˈvuŋkʰ,ˈdɾət,ka.ɾa.pa.ˈtan,ðiˈceoma,,,keːn˧˩ li˧˥,,,ʁɛçt,kwʌ̹ɭʎi,,,irx,ħaq.qa,,ˈpra.vɔ,ˈjoɡ,,,,,,ˈpravə,,ˈpraːvo,hyˈɡuɡ,,ˈjɨvɑː,rɛtː,,,haʔ,,ˈpɑrem,χʊ̞.ˈquq,,,ə.d̪ʱɪ.kɑːɾ,,,ˈoiged,rɛxt,d͡ʒiˈɾejtu,,,ˈprava,kwiən˨˩ ləːj˧˨ʔ,drept,mädzgväni,rɛt,ˈhyæ,,,,ˈrjɛhtɪntɪ,deˈɾet͡ʃo,ˈɹaɪt,ˈɤikɤɑ,märdzgväni,,sit̚˨˩.tʰiʔ˦˥
lie,jɑlʁɑn,,ɫəˈʒa,bi:ndo,,tukud,lœŋn,ˈɓó.d͡za,kuhk,,malagu,,ˈkɫamstvɔ,tsʼɔlä,ɯ̟ᵝso̞,,keɖə,mṵðá,mɑ̃.sɔ̃ʒ,liqʼwrɛ,,poaʈtʃi:,,menˈdaː.ki.um,,,,paiha,haɖaʋə,,ˈmɑːtɑ,,,ˈmuɑtɑ,jaɫan,ba:ɖ,buɾo:naɾa,ˈláːʃ,,bʲɾʲeːɡ,,,sut,mənˈti.də,maɡ.si.nu.ŋa.ˈliŋ,,,,,,paɖukonu,ˈlyːɡə,ˈkɘːd͡ʑinma̠ɭ,doˈɾuːɣ,,xʊtəɮ,,ˈmʲæːɫas,ˈkwam.stfɔ,ˈhɒzukʃaːɡ,dɾogʰ taɖing,bʰulo:gam,,kiɖakkuga,miɳɖsi,loʂ,maḍ,lɛʃ,jaˈɫan,,ˈmɑgːɨ,,,undʒa,,,ˈlɑmɑmɑ,jɑɫ.ˈʁɑn,,buˈd͡ʒi.a,d͡ʒʱuːʈʰ,ko:ɖpo,,ˈmɑgɑtɑ,ˈløː.ɣə(n),mẽ.ˈti.ɾɐ,budda,,,nɔj˧˦ zoj˧˦,,dɔndʒiru,løɡn,ˈvɤlsːmɑ,,,ˈliʑən,ˈlɪːjɪ,menˈtiɾa,laɪ̯,ˈleʃeæ,dɔndʒirä,laba:ɖ muɖsati,
because,,ˈaχɔs,,,,,,t͡ʃiˈfu.kʷá,b̥roḥ,,,,ˈprɛtɔʒɛ,rädgän,,,,lo̰,paʁ.skə,läχä,,,,ˈkʷi.a,bɔ,,,,,,ˈkoskɑ,,ˈdzəka tʃe,ˈkonsɑ,tʃynky,,,kɛr,,oːɾʲ,,kə.ra.nə,vɔɾɔfhɛˈtɛv,pəɾˈkə,,,ˈɔir,,,,,vaɪ̯l,t͈e̞mun,,,,li.ʔan.na,nʲɛs,bɔ,ˈmɛrt,,,,,,pətɐˈmu‿ʂtə,,ˈprotoʒɛ,ˈt͡ʃynki,,ˈsie̞pe̞rɑːst̪,,*ɡaŋ.jin.zer.na,,,,ˈsest,ˈsʏ̞n.kʲi,tʊiː,perˈke,ˈkjũ.ki,,,ˈsikʃ miʃe,ɔm.ˈdɑt,poʁ.ˈke,,,,taːj˧˨ʔ vi˨˩,ˈpen.tru kə,ɔkʰi,,ˈsːelːe etː,,,væl,,ˈporke,bɪˈkɒz,ˈsenperæsːæ,räχäns,,pʰrɔʔ˦˥
stick,,,ˈprɤtʃkə,,,,ɕɛp,,ṭṃpṅ,,,,,dʒɔχi,,,,doʊʔ,bɑ.tɔ̃,pʰäu,,,,ˈba.ku.lum,,índuːɠu,stap,,,tʃɵb,ˈkepːi,,,ˈkepːi,tʃubuk,,,,,ˈbˠat̪ˠə,,bataŋ,pʰɑjt,,,,,,,,,ʃtaːp,mak̚d̬ɛːɡi,t͡ʃoːb,,,ʕa.sˁan,lɐzˈdɐ,kʲij,ˈbot,,,,,,ˈpalkə,,ɦuːl,,,ˈsovɑː,çɛp,,,,,ˈkepː,tɑ.ˈjɑq,,basˈtone,t͡ʃʰə.ɽiː,,,ˈkɑlu,,ˈpaʊ,,,,ɣəj˧˨ʔ,,bigä,kɛp,ˈkːepː,,,,ˈstaːvʏr,,stɪk,ˈriuku,bigä,,dun˥˩
rain,,ɡlau̯,dɤʃt,maɭe,,tukud,rɛŋn,ˈᶬvú.ɽa,b̥ʰliaṅ,bela,maɭe,ˈarːviː,daːʃc,tsʼvimä,same,,maɻai,mó,plɥi,utʃχɛ,liɛ̂tus,meɖutti,,ˈplu.wi.a,dɔʃt͡ʃ,ímvûːla,dɔʃt,tʃe:p,me,bɔːˈrɔːn,ˈsɑde,mɔːˈtˀɔːr,bɑˈrɑn,ˈviːmɑ,jaːˈmúɾ̝̊,maɭi,baɾsa,ˈdə́ʃ,,ˈbˠɑːʃtʲəx,bɑrɪʃ,hud͡ʒan,ɑnd͡zˈɾɛv,ˈplu.ʒə,,vɾoˈçi,ˈɯʃkʲə,ˈplɥɛ(d)ʒo,fɯn˨˦,,ʋarʂam,ˈʁeːɡən,pi,bɒːˈɾɒːn,flʲaː,,,ljɛˈtʊs,dɛʂt͡ʂ,ˈɛʃøː,pɛɾ,mai,rɪə̯(n),maɻa,piɾ,doʂtʲ,vāni,ˈdɛːʃc,jaɣˈɯʃ,ʃiː,ˈviːm,,*t͡ɕʰar.pa,ʋa:na,,,ˈʋihm,jɑm.ˈʁɯ̞r,ɹɛkn,ˈpjɔddʒa,bɑː.ɾɪʃ,dʒaɖa:,ˈʃɪtɐ,ˈvihm,ˈreː.ɣə(n),ˈʃu.vɐ,maɭe,ˈt͡ʃuβja̝,doʂt͡ʂ,mɨə˧˧,ˈplʷaje,mtʃʼimä,ˈʁɑɪ̯ˀn,ˈvihm,,rai̯n,ʀeːn,ˈrɪkniŋk,ˈʎubja,ɹeɪn,ˈsɑto,tʃʼvɛmä,ʋa:na,fon˩˩˦
how,,sɨ̞t,,,,,hʉːr,,rpiapṇā,,,,ˈjak,rɔgɔr,,kibʱabe,,bɛ̀,kɔ.mɑ̃,imʒi,,,,ˈkʷoː.mo.do,,ɠáɲdʒaːní,ˈkakɔ,,,,ˈkuinkɑ,(ʔ)eχ,,ˈkui,ˈnɑ.sɯɫ,,,kaˈkòː,,ˈkʊnˠəsˠ,,,int͡ʃʰˈpɛs,ˈkɔm,,ˈpos,,,,,,viː,ʌ̹t͈ʌ̹kʰe̞,,,,kaj.fa,kaɪˑp,jak,,,,,,,kak,,jak,ˈned͡ʒæ,si,ˈkui,ˈkʊrlæɪs,,,,,ˈkuidɑs,,,ˈkome,,,,ˈkut,ɦu,ˈko.mu,,,,,kum,mutʃʼɔ,,ˈkːui,kɛ.nɛ.koɪ,,vɜɪ,,ˈkomo,haʊ,ˈkui,mutʃʼɔ,,jaŋ˧.ŋaj˧
road,,,pɤt,raste,,rasta,vɛːɡ,mˈse.(w)u,p̥ʰlūv,,mārga,,ˈt͡sɛsta,gzä,dau,ɾast̪a,vaḻi,láɴ,ʁut,ʃukʼw,tsɛʎʃ,a:laɾ,,ˈwi.a,dɔˈrɔɦɐ,uḿ̩ɡwaːǃo,,ɖahaɾe,ta:ɾi,,ˈtie,,wɑʈ,ˈtie,jɔɫ,baʈʈi,paɾvata,ˈtsèːsta,hɛ̃nd,ˈbˠoːhəɾˠ,səɽək,d͡ʒalan,t͡ʃɑnɑˈpɑɾ,kə.rəˈte.ɾə,,ˈðromos,,,lo˧,,ma:ɾgamu,ˈʃtraːsə,kiɭ,,reːd̪,,tˁa.riːq,ˈkælʲɐs,ˈdrɔ.ɡa,ˈuːt,saɖak,ta:ɾi,pɑt,ʋaɻi,haɾɾi,dɐˈroɡə,pāv,ˈt͡sɛsta,,ˈruɡə,ˈrie̞k,,,aɾɾi,,,ˈteː,jul,ˈveːvʊɹ,ˈstrada,səɽək,pa:odu,triːʔ,ˈte,baːn,iʃ.ˈtɾa.ðɐ,ba:te,esˈtɾaða̝,,ʔɗɨəŋ˨˩,,gzä,,ˈtːiː,bat,,,ˈvɛːɣʏr,kaˈmino,ɹəʊd,ˈteː,ʃärä,daaɾ,tʰa˨˩.non˩˩˦
one,bir,ɨːn,,ondʒu,ɐ́j.kɐ,okuʈi,ɛt,ˈmó.d͡zi,muay,ranɖi,ondu,ˈokːta,ˈjɛdɛn,ɛrtʰi,it͡ɕi̥,æk,onnə,tɪʔ,œ̃,ɛʃχu,viɛ̂ns,uttə,nɯŋ˧˧,ˈuː.nus,oˈdɪn,,,o:nd,ondə,,ˈyksi,,,ˈyksi,biɾ̝̊,ʋandə,ondʒi,,ˈỹː.nãn,iːnˠ,,satu,mɛk,ˈun,iˈsa,ˈe̞na,ɯːn,,it˥,ˈjɛk,okaʈi,aɪ̯ns,ha̠na̠,jekʲ,nɛːn,niɡ,waː.ħid,,ˈjɛ.dɛn,ˈɛɟː,asit,o:dit,,onnə,ondi,ɐˈdʲin,ok,ˈjɛdɛn,,ɲə,ˈikʃ,,*kt͡ɕik,oɾɾo:ʈ,sa.tu,,ˈyks,bɪ̞r,,ˈuno,,o:nd,,ˈyksʲ,eːn,ˈũ,ondə,,,mot̚˧˨ʔ,ˈu.nu,är,,ˈytːsː,ɛk,,eːn,eitn,ˈuno,wʌn,ˈyhsi,ärtʰi,okko:t,nɯŋ˨˩
heavy,,trʊm,ˈtɛʒək,,,,tɵŋ,,d̥ʰṅn´,,,,ˈcaʃ.kiː,mdzimɛ,o̞mo̞i,,,lé,luʁ,gwæmi,smaks,,,ˈɡra.wis,ʋɐˈʒkɪi̯,,ˈtɛʒɔk,,,,ˈrɑskɑs,,d̪ruŋd̪,ˈjykie,ɑˈɰɯ́ɾ̝̊,,,ˈtɛ̀ːʒək,,t̪ˠɾˠuːmˠ,,bərat,ˈtsɑnəɾ,,,,,,nak˥,,,ʃveːɐ̯,muɡʌ̹p̚t͈a̠,sæŋˈɡʲiːn,,xunt,θa.qiːl,sʊŋˈkʊs,ˈt͡ɕɛŋ.ʂkʲi,ˈnɛɦeːz,,,,,,tʲɪˈʐolɨj,,ˈcɛʃkiː,,,ˈlæːlɑm,tʊŋː,,,,,ˈrɑske,ɑˈwɯ̞r,,peˈsante,bʱɑː.ɾɑː,,,ˈjyged,zʋaːr,pɨ.ˈza.ðu,,,ˈt͡sʲaʂkʲi,naŋ˧˨ʔ,ɡrew,mɔnkʼä,tɔnɡ,ˈrɑsːsːɤ,ɡɔ.dʱuɹ,swiər,ʃwɜɪ̯ɐ,ˈθuŋkʏr,peˈsado,ˈhɛ.vi,ˈrɑskɑs,mɔnkʼä,,nak̚˨˩
come,,doːd,,ba:,,ʋa,ˈkɔmːa,,mk,,baru,,,mɔsvlä,kɯ̟ᵝɾɯ̟ᵝ,,ʋa:,là,və.niʁ,liqʰɛd,nāːkt,pa:ɾti,maː˦˥,ˈwe.ni.oː,,za,,baɾna,pappa,ɔːmædæn,ˈtulːɑ,,rɑˈt̪ləl,ˈtulːɑ,ɡælˈméc,ba:ɾ,baɾaɾa,ˈprìːti,,t̪ˠaɾˠ,an̪a,dataŋ,ɡɑl,vəˈni,pu.mun.ˈta,ˈeɾxome,hikʲ,,tau˥,ˈhɑːtɯn,ʋatʃtʃu,ˈkɔmən,o̞da̠,ɒːmæˈd̪æn,,irəx,d͡ʒaː.ʔa,ɐˈtʲɛjːtʲɪ,pʂɨˈxɔ.d͡ʑit͡ɕ,ˈjøn,banning,bʰulo:gam,kɔm,ʋaɾuga,ʋa,prʲɪxɐˈdʲitʲ,ver,ˈpr̝̊ɪxaːzɛt,,,ˈt̪uːld̪ɑ,,*joŋ,ʋa,da.taŋ,ˈkʊmən,ˈtulemɑ,,,veˈnire,ɑːn̪ɑː,baɾəa:,,ˈtuldɑ,ˈkoːmə(n),ˈviɾ,ba:,,,laːj˧˨ʔ,veˈni,mɔlvä,kɔmə,ˈtːulɤmɑ,aʱ,,,ˈkʰɔːma,beˈniɾ,kʌm,ˈtulɤɑ,mɔulä,ʋa,maː˧
flow,,,tɛˈkə,,,,,,hūr,,,,ˈci̯ɛt͡sc,dinɛbä,,,,sí,ku.le,lizi,,,,ˈflu.oː,,,,,,,ˈʋirːɑtɑ,,,ˈvirːɑtɑ,,,,ˈtɛtʃi,,,,alo(r),hoˈsɛl,fluˈi,,ˈre.o,,,,,,ˈfliːsn̩,,,,,,ˈbʲeːk.tʲɪ,ˈpwɨ.nɔɲt͡ɕ,ˈfojik,,,flui,,,tʲet͡ɕ,,tɛːt͡st,,,ˈjuːokʃɨ,,,,,,ˈʋoːlɑmɑ,,,fluˈire,,,,ˈjokstɑ,ˈvlujə(n),,,,,t͡ɕaj˧˩,,ɔzimzilu,,ˈjuːsːkːmɑ,bʊa,,ˈflei̯sen,ˈrɛnːa,ˈflwiɾ,fləʊ,ˈʝohsɑ,ulä,,laj˩˩˦
full,,ɬau̯n,ˈpɤlɛn,dumba,,puneʈ,fɵl,,beñ,guɾa,tumbidu,,pl̩niː,sävsɛ,,,niṟainta,pjḛ,plɛ̃,gwɛʃi,pīlns,so:kkaije,,ˈpleː.nus,ˈpɔu̯nei̯,,,nindka,tʰumbe,pur,ˈtæysi,,ɖak,ˈtæysi,,fullə,dindʒidunɖu,ˈpɔ́ːwn,,l̪ˠɑːnˠ,,pənoh,ˈlikʰə,ˈplə,,ˈpliris,lɑːn,,,ˈtɯʒiː,ninɖu,fɔl,,por,lɛdn,,mum.ta.liʔ,,ˈpɛw.nɨ,ˈtɛlɛ,puɾ,bʰulo:gam,fɔl,niɾaɲa,niɳɖ,ˈpolnɨj,tūk,pl̩niː,,,ˈt̪æuʒ,,,ninɖa:,,,ˈtæis,tuˈɫɯ̞,ˈfʊtlʊɹ,ˈpjɛno,puːɾn,nindpa:,,ˈtæyzʲ,vɔl,ˈʃɐj.u,dumba,ˈt͡ʃeo̝,ˈpou̯nɨ,ʔɗəj˨˩,plin,jɔpʰʃä,fuld,ˈtːæysː,,,fol,ˈfʏtɬʏr,,fʊl,ˈtæynæː,ɛpʰʃä,ninɖu,
squeeze,,,,,,,,,kiap,,,,,mɔtʃʼɛrä,,,,ɲ̊ɪʔ,pʁɛ.se,litʰlɛ,,,,ˈkom.pri.moː,,,,,,,ˈpuristɑː,,,ˈlitʃɑtɑ,,,,,,,,,sɛʁˈmɛl,əsˈpɾe.mə,,,,,,,,ˈdʁʏkŋ̩,t͡ɕ͈a̠da̠,,,,,,ˈɕt͡ɕi.skat͡ɕ,ˈɲom,,,,,,ʐːɨˈmatʲ,,,,,ˈpiːkst̪ɨ,,,,,,ˈpigistɑmɑ,,,,,,,ˈɑhtiʃtɑdɑ,ˈklɛmə(n),,,espɾeˈmeɾ,,ʔɗɛ˨˩,,ɔzdimu,,ˈpːitːsːitːæmæ,,,,,ekspɾiˈmiɾ,skwiːz,ˈlutisɑː,mɔntʃʼirä,,biːp̚˨˩
nose,,truːɨ̯n,nɔs,mu:kkə,,mungan,ˈnɛːsˌa,ˈᵐpʰu.no,c̥rmuḥ,mungeli,mu:gə,,,tsχviri,,,mu:kə,n̥əkʰáʊɴ,ne,nɛpʰχwnä,,mittu:p,daŋ˩˧,,,íːkʰaːla,,mu:ji,mu:kə,biˈniː,ˈnenæ,ʔaf,,ˈnenæ,buˈɾun,mu:kkə,mu:gu,ˈnóːs,ˈfriː,sˠɾˠoːnˠ,,hidoŋ,kʰitʰ,ˈnas,ʔi.ˈlɔŋ,ˈmiti,s̪t̪ɾɔːn,,,,mukku,ˈnaːzə,kʰo̞,,st̪rudʲnʲ,,ʔanf,,nɔs,ˈorː,ba:mus,mu:kə,nɪøs,mu:kə,mosoɾ,nos,muvãḍ,nos,buˈrun,,ˈnɑnɑː,,*zna,mosso:ɾ,,,ˈninɑ,tɑˈnɑw,nøːs,ˈna.zo,naːk,muso:,,ˈnenɑ,nøːs,nɐˈɾiʃ,mu:kkə,naˈɾiθ,,muj˦ˀ˥,,tʃχindi,ˈnɛːsə,ˈnɤnɑ,nak,,nuəs,nɛːv,naˈɾiθ,nəʊz,ˈnenæ,tʃχvindi,mu:kk,t͡ɕa˨˩.muːk̚˨˩
cold,,oːɨ̯r,stuˈdɛn,taɳidʒe,,tukud,kal,,rṅā,,taɳɳige,,,tsivi,t͡sɨᵝme̞ta̠i,,kuɭiɾtʃi,ʔé,fʁwɑ,mətsχi,āūksts,koɾti,,ˈal.ɡi.dus,xɔˈlɔdnei̯,,,ki:ɾna,koɾuʋə,,ˈkylmæ,,soɻ,ˈkylmæ,soˈɰuk,səjlijə,tʃappa,,,fˠuəɾˠ,,səd͡ʒoʔ,ˈsɑrə,ˈfɾət,laˈmiɡ,,fuəɾ,,,,tʃalla,kalt,t͡ɕʰa̠n,sæɾd,,,baː.rid,ˈʃaltɐs,ˈʑim.nɨ,ˈhidɛɡ,jakʰ,koɾʋə,kœut,taɳuppə,sallag,xɐˈlodnɨj,pañil,ˈstudɛniː,soˈjuχ,,ˈkiːlmɑ,,*ɡraŋ.mo,salla:,,,ˈkylm,hɯ̞.ˈwɯ̞q,,ˈfreddo,ʈʰən.ɖɑː,panija:,ˈkɪːsɐħ,ˈkɑuged,kɑu̯t,ˈfɾi.u,talindʒadə,ˈfɾiʊ,xaˈɫodnɨ,lajŋ̟˧˨ʔ,ˈret͡ʃe,qʼini,kɔl,ˈkːylm,,,kaːl,ˈkʰaltʏr,ˈfɾio,kəʊld,ˈtʃylmæ,ʔini,pani,jen˧
ear,,klɨːst,uˈxɔ,kemi,,kekal,øːra,ˈkʰu.tú,t̥rciak,kiɾiju,kiʋi,ˈpea̯ʎːʎiː,ˈu.xɔ,qʼuri,mʲimʲi,,ka:də,ná,ɔ.ʁɛj,ʃdim,àws,kili,,ˈau̯.ris,ˈwuxɔ,ínɮeːɓé,ˈuvɔ,kʰebda,kiʋi,ɡɵʃ,ˈkorʋɑ,,ɣwaɡ,ˈkorvɑ,ku.ˈɫɑk,kiʋija,kebi,uˈxóː,skwaʁn,klˠuəsˠ,,təliŋə,ɑˈkɑnd͡ʒ,oˈɾə.ʎə,,aˈfti,,awˈɾeʎo,ɣɯ˧˩,,tʃeʋi,oːr,kɥi,ɡoːʃ,kleːʃ,t͡ɕʰix,ʔu.ðun,ɐʊˈsʲɪs,ˈu.xɔ,ˈfyl,xaf,keʋə,ʊər,tʃeʋi,keʋu,ˈuxə,kekol,ˈuxo,,,ˈkuːorɑ,,*rna.ba,keʋ,,ˈɔɪ.əʁ,ˈkɤrʋ,qʊ̞ˈɫɑq,ˈɔira,ɔˈrekkjo,kɑːn,daɾti:,ˈwɪdnɐ,ˈkorv,oːr,o(w).ˈvi.ðu,kemi,,ˈvuxa,taːj˧˧,uˈre.ke,qʼudʒi,øːrə,ˈkːɤrv,kan,,ˈəʊ̯ɐ,ˈeira,oˈido,ɪə̯,ˈkɤrvɑ,ʔudʒi,keʋ,huː˩˩˦
leg,,koːɨ̯s,krak,,,,ˈbeːn,ˈmʷe.ⁿdo,joeṅ,,,,ˈnɔɦa,pʰɛχi,kʲa̠kɯ̟ᵝ,pa,,t͡ɕʰèdaʊʔ,ʒɑ̃b,tʃʼiʃχ,kāːja,,kʰaː˩˨,kruːs,,uḿ̩leːnze,,,,,ˈsæːri,ˈʁɛɡɛl,,ˈsiæri,badʒak,,,nɔ̀ːɡa,ˈɡɑːr,kɔsˠ,,kaki,vɔtkʰ,ˈka.mə,,ˈpoði,kʰas,ˈkambo,ka˨˦,,,baɪ̯n,ta̠ɾi,pɒː,,,ra.d͡ʒi.la,,ˈnɔ.ɡa,ˈlaːb,,,,,,nɐˈɡa,,ˈnoɦa,,kəm.bə,ˈjɑːlgɑ,bæɪn,*rkaŋ.pa,,,fʊs,ˈsæːr,ɑˈjɑq,,ˈɡamba,,,ˈrɪd͡ʒɛl,ˈjɑug,beːn,ˈpɛɾ.nɐ,,,naˈɣa,t͡ɕən˧˧,,kʼutʃχɛ,beːn,ˈsːiːr,bʱɔ.ɹi,skoŋk,,ˈfouːtʏr,ˈpjerna,lɛɡ,ˈrihi,kʼutʃχi,,kʰaː˩˩˦
warm,,,ˈtɔpəl,bekki,,ʋeʈal,varm,,k̥ṭau,,betʃtʃage,,ˈcɛpliː,tʰbili,a̠ta̠ta̠ka̠i,,ʋedəʋedəppə,pù,ʃo,tʼɛbdi,sīlts,kortilije,,ˈka.li.dus,,,,udum,uppekke,,ˈlæmːin,,,ˈlæmːin,ɯˈɫɯk,su:ɖə,betʃtʃa,ˈtɔ̀ːpəw,,tʲɛ,,haŋat,d͡ʒɛɾm,kəˈlent,,ze̞ˈsto̞s,,,,,ʋetʃtʃa,vaʁm,t͈a̠t͈ɯtʰa̠da̠,ɡʲæːɾm,,,daː.fiʔ,ˈʃʲɪltɐs,ˈt͡ɕɛ.pwɨ,ˈmɛlɛɡ,ba:sun,bʰulo:gam,,uṣṇa,ka:sta,ˈtʲɵplɨj,tūk,ˈtɛpliː,iɫɯχ,,ˈle̞m,,,ʋe:ɖ,,,ˈsoe,jɯ̞.ˈɫɯ̞,,ˈkaldo,,kuɖni,,ˈlæm,ʋɑr(ə)m,,bekke,ˈkɛnt̪ɪ,ˈt͡sʲopɫɨ,ʔəm˧˦,kald,tʼibu,,ˈlæmːi,,vaːrm,vaːʀm,,kaˈljente,wɔːm,ˈlæmːiː,tʼibu,ʋekka,ʔun˨˩
live,,bɪu̯,ʒiˈvɛjə,,d͡ʑíː.ʋɐ.t̪i,,leːva,,nau,,,ˈea̯lliːh(t),ˈʒic,tsχɔvrɛbä,ikʲiɾɯ̟ᵝ,,,,vivʁ,lidrɛ,dzîːvuôt,,,ˈwiː.woː,,,,,,,ˈelæː,,,ˈelie,,,,ʒiˈʋeːti,,mˠaɾʲ,,hidop,ɑpˈɾɛl,ˈviw.ɾə,ma.ˈbu.hay,ˈzo,,,,,,ˈleːbən,ˈsʰa̠ːɭda̠,,,,ʕaː.ʃa,ɡiˈʋæntɪ,ʐɨt͡ɕ,ˈeːl,,,,,,ʐɨtʲ,,ʒiːt,,jɛˈtɔj,ˈje̞lːɨ,,,,hi.dup,,ˈelɑmɑ,,,ˈvi.ve.re,d͡ʒina,,ɛˁːʃ,ˈelædɑ,ˈleːvə(n),viˈveɾ,,,,səwŋ͡m˧˦,trəˈi,skʰidälä,leːvə,ˈelæmæ,,ˈlɪbjə,ˈliə̯vən,ˈlɪːva,biˈbiɾ,lɪv,ˈelæː,rinä,,miː˧.t͡ɕʰiː˧.wit̚˦˥
eat,,,,tinno:,,tin,ˈɛːˌta,,,tinu,tinnu,,,tʃʼämä,,,sa:pədə,,mɑ̃.ʒe,lizwɛb,,toɾtin,kin˩˧ kʰau˨˩,,,ɮá,ˈjadɛ,mokʰna,timbə,,ˈsyødæ,,,ˈsyːvːæ,,tinn,uɳa:ɾa,,,ɪ,,,uˈtɛl,məɲˈʒa,,ˈtro̞o̞,,,,ˈxwɑːɾɯn,tinu,ˈʔɛsn̩,ɕʰiks͈a̠ɦa̠da̠,,,,,,,,kuning,tin atej,,tinnuga,dʒeʋi,jesʲtʲ,tin,jiːst,jeˈmæk,,ˈsiːe̞d̪ɨ,,,tinnu,,,ˈsøːmɑ,,,manˈdʒa.re,,dʒa:go:lpah,,ˈsødɑ,,ko.ˈme(ʁ),tinə,,,ʔan˧˧ kəːm˧˧,luˈa,ɔtʃʼkʼɔmu,spiːsə,ˈsːɨːmæ,,,ˈie̯sen,,koˈmeɾ,iːt,ˈsyvːæ,tʃʼkʼɔmuä,a:ntisatun,kin˧.kʰaːw˥˩
breast,,brɔn,ɡərˈda,mele,,palgil,,ˈɓé.ɽe,ṭoḥ,sipadaki,ede,ˈt͡ʃidːd͡ʒiː,ˈpr̩sɲiːk,mkʼɛrdi,mɯ̟ᵝna̠,,ma:ɾbə,no̰,sɛ̃,mutʃʼwɛd,,nidʒikuɖi,tuː˥˦,ˈmam.ma,,îːɓéːle,ˈɡrada,jeʋakʰ,ma:ɾə,,ˈrintɑ,ʃad,,ˈrintɑ,,kujndigi,tigala,,,,pɪst̪an,,kuɾt͡skʰ,ˈpit,,ˈstiθos,kʰʲiəx,,,,gunde,bʁʊst,juba̠ŋ,pʰesˈt̪ʰɒːn,,,,,pʲɛrɕ,ˈmɛlː,xad,me:l,bɔ(ː)rs,māṟu,dudo,ɡrutʲ,edram,pr̩s,,,ˈriːnd̪ɑ,,,eddam,,,ˈrind,im.ˈsæk,brœst,ˈse.no,,daibuku,,ˈrind,bɔrst,ˈsɐj.u,mele,,,vu˧˦,pjept,gjɔnkʰsi,brøst,ˈrɤnt,,,,prjoust,ˈpet͡ʃo,bɹɛst,ˈrintɑ,kʼidiri,sa:tti,taː˥˩.nom˧
when,,prɨːd,,,kɐ.d̪ɑ́ː,,,,ʾṅ̥kāl´ṇā,,,,,rɔdis,nã̠ɲ̟d͡ʑi,kɒ.kʰɒn,,bɛ̀dɔ̰,kɑ̃,ʃɔmä,,,mɯa˧˧,ˈkʷan.doː,kɔˈlɪ,,ˈkɔɡa,,,,ˈkoskɑ,maˈtaj,,ˈkonsɑ,,,,ˈɡdàːj,,kəˈhɪnʲ,,bi.lə,jɛɾpʰ,ˈkwan,,ˈpote,,,,,,van,ˈɘːnd͡ʑe̞,kʰej,,,ma.taː,kɐˈdɐ,ˈkʲɛ.dɨ,ˈmikor,,,,,,kɐɡˈda,,ɡdɪ,ˈhɑt͡ʃɑn,,ˈkunɑː,,,,ka.pan,,ˈmilːɑl,ˈqɑsɑn,,ˈkwando,kəb,,,ˈkonz,ʋɑˈneːr,ˈkwɐ̃.du,,,,xi˧˧ naːw˨˩,kɨnd,mundɛs,vɔrnɔːr,ˈkːunɑ,kɛ.tia,,,,ˈkwando,ʍɛn,ˈkɤnz,muʒäms,,mɯa̯˥˩
guts,,,,,,,,,,,,,,nätsʼlävi,,,,ʔù,ɑ̃t.ʁaj,tʃʼintʃʼil,,,,,,,ˈt͡srɛva,,,,ˈsuolisto,,,ˈsuonet,,,,,,ˈɪn̠ʲiː,,,pʰoɾoˈtikʰ,,,,,,,,,ˈaɪ̯nɡəvaɪ̯də,,,,,,,,ˈbeːl,,,,,,kʲɪʂˈkʲi,,,,,ˈsuːold̪,,,,,,ˈsoːled,,,,,,,ˈsoliʃt,,,,,,,,tʃʼu,,ˈsːoːlikuʔ,,,,,,ɡʌts,ˈsoːlɤd,tʃʼi,,
throw,,ˈtavlɨ̞,,,,,,,poḥ,,,,,srɔlä,,,,pjɪʔ,ʒə.te,likʼwänɛ,mest,,,ˈjak.toː,,,,,,ændɔːxtæn,ˈheitːæː,,,ˈheitːiæ,,,,,,kɑh,,,nɛˈtɛl,ʎənˈsa,,,ˈtʃʰilikʲ,,,,,ˈvɛʁfən,tʌ̹nd͡ʑida̠,ændɒːxtæn,,xajəx,,ˈmʲɛsʲtʲɪ,ˈʐu.t͡sat͡ɕ,ˈdob,,,,,,brɐˈsatʲ,,,ɑtˈmɑχ,,ˈe̞it̪ɨ,,,,,,ˈʋiskɑmɑ,,kʰasta,,pʰeːŋk.nɑː,,,ˈtɑtstɑ,ˈʋɛrpə(n),lɐ̃.ˈsaɾ,,,,nɛm˧˦,,ɔstʰɔmilu,,ˈhiːtːmæ,dɔ.liʊa,,ɡeˈhai̯en,ˈkʰasta,,θɹəʊ,ˈviskɑː,ʔɔtʰämä,,joːn˧
neck,,ɡʊðv,ˈʃijə,bo:ɭe,ɡɽiː.ʋɑ́ː,kanɖ,,ˈkʰo.si,k,,kuthige,,kr̩k,kʼisɛri,kɯ̟ᵝbʲi,,kaɭuttə,lɛ̀bɪ́ɴ,ku,kʼintʃχ,,maɾ,,ˈkol.lum,ˈʃɪjɐ,íntaːmo,vrat,kʰesir,katə,ɡærdæn,ˈkɑulɑ,,,ˈkɑklɑ,,kp:ma:ɭi,kekkilə,ˈʋráːt,,ˈmˠɪnɑːl,,lehe(r),viz,ˈkɔʎ,,,,,ho˧˩,,meɖa,hals,mo̞k̚,ɡærdæn,,xut͡su,,ˈkä̌ːklɐs̪,ˈʂɨ.ja,ˈɲɒk,lex,kaɖate:l,,kaɻutə,guɖunga,ˈʂɛjə,tūk,kr̩k,,ˈcafə,ˈkɑgːɨl,hɑls,,meɖaka:ja,,haldz,ˈkɑel,mu.ˈjɯ̞n,,ˈkɔl.lo,,asaɾdu,,ˈkɑgl,,pɨʃ.ˈko.su,bo:ɭe,pesˈkoθo̝,,ko˧˩,ɡɨt,dʒinikʰi,hals,ˈkːɑːl,di.ŋi,,,hauls,ˈkweʎo,nɛk,ˈkɑglɑ,kʼisɛri,mak,kʰɔː˧
blood,,ˈɡwaːi̯d,krɤf,tʃo:ɾe,ɐ́.s̪r̩d͡ʑ,nettiɾ,,maˈɡa.zi,jʰām,nettir,ɾakta,ˈvarra,ˈkr̩w,sisχli,,,ɾattam,θwé,sɑ̃,zisχ,asinis,po:kʰə,,ˈsan.ɡʷis,ˈkrɔu̯,íːɡaːzí,kr̩f,kʰe:ns,rattə,xun,ˈʋeri,,,ˈveri,ˈkɑn,nəttəɾə,nettarə,ˈkríː,ˈɡwaːt,fˠɪlʲ,,darah,ɑɾˈjun,ˈsaŋk,,ˈema,,,lɯːt˧,,ɾaktamu,bluːt,pʰi,xuːn,folʲ,t͡sʰʊs,,krɒ͜úˑjæs,krɛf,ˈveːr,ditaɾ,ne:tuɾu,blut,ɾektam,nettuɾ,krofʲ,netir,krɛv,ɡɑn,ɟ͡ʝak,ˈve̞r,bluː,*kʰrak,nettuɾ,,blʊt,ˈʋeri,qɑn,plɔuːw,ˈsan.ɡwe,kʰuːn,ɾasadu,dɛmː,ˈtʃɑk,blut,ˈsɐ̃.ɡɨ,tʃo:ɾə,,,maw˧˦,ˈsɨn.d͡ʒe,ditsχiri,bloːd,ˈveri,,bluə̯t,blut,plouːð,ˈsanɡɾe,blʌd,ˈveri,zisχiri,nettuɾ,lɯa̯t̚˥˩
if,,ɔs,,,,,ɔm,,poe,,,ˈjos,ak,tʰu,mo̞ɕi,,,ka̰/,si,läχ,,,,siː,,,ˈakɔ,,,,ˈjos,,,ˈgu,,,,tʃɛ,,mˠɑː,,ka.lau̯,jɛˈtʰɛ,ˈsi,,,,,,,,vɛn,,ˈæɡʲæɾ,,,ʔin,jæj,ˈjɛɕ.lʲi,ˈhɒ,,,,,,ˈjes⁽ʲ⁾lʲɪ,,ˈjɛstlɪʒɛ,ˈæɡʲæɾ,,ˈɑʒ,,*na,,,,ˈkui,æˈɡær,,se,ə.ɡəɾ,,ˈjɛkː,ˈku,ɑ(l)s,sɨ,,,,new˧˦,ˈda.kə,vänä,ves,ˈkːu,,ɔs,,ɛːv,si,ɪf,ˈkui,vär,,tʰaː˥˩
leaf,,ˈdei̯lɛn,,ele,,ʈunɖe,,ˈt͡sa.ᵐba,s̥lẏk,patɾa,jele,ˈlasːta,ˈlist,pʰɔtʰɔli,pa,,ele,ʔəjwɛʔ,fœj,bälɛ,,eɾs,baɯ˩˨,ˈfo.li.um,,íːkʰaːsi,,atkʰa,elə,,ˈlehti,(ʔ)aˈla,pɑˈɳa,ˈlehti,jɑpˈɾɑk,jali,iɾa,ˈlíːst,ˈde.ljɛ̃n,ˈdʲɪloːɡ,pətːiː,daon,tɛˈɾɛv,ˈfu.ʎə,ˈda.hon,ˈfilo̞,,ˈfɥɛʎo,,,a:ku,blat,ip̚,bæɾɡ,ˈd̪olʲaɡ,,wa.ra.qa,,lʲiɕt͡ɕ,ˈlɛveːl,pann,e:lu,blɑːr,ila,a:ki,lʲist,ev,ˈlɪst,jɑrˈpɑχ,,ˈle̞ːd̪j,,*lo.ma,a:ki:,,blat,ˈleht,jɑpˈrɑq,blɛaː,ˈfɔʎʎa,,ha:tʰa,ˈwɛrʔɐ,ˈlehtez,blɑt,ˈfo.ʎɐ,elakaɳɖa,ˈfo.ʎɐ,lʲist,laː˧˦,ˈfrun.zə,pʰävri,blad,ˈlehtː,,,,løyːv,ˈoxa,liːf,ˈlehto,pʰurtsɛli,a:k,baj˧
dust,,ɬuːχ,,,d̪ʱuː.l̪i,,dam,ˈfu.ᵐbí,dʰūlī,,,ˈkavːja,,mtʼvɛri,,,,pʰòʊɴ,pu.sjɛʁ,pʼisw,,,,ˈpul.wis,,úːtʰuːli,,,,,ˈpøly,,,ˈpøly,toz,,,ˈpráːx,,dʲanˠəx,d̪ʱuːl,haboʔ,pʰoˈʃi,ˈpols,,,,,,,,ʃtaʊ̯p,mʌ̹nd͡ʑi,,dʒaun,,ɣu.baːr,,kuʂ,ˈpor,,,stɔf,,,pɨlʲ,,,toz,,ˈpɨrm,,*tʰal.ba,,,,ˈtolm,sɑŋ,,ˈpol.ve.re,d̪ʱuːl,,,ˈpøly,,ˈpɔ,,pɔ,pɨɫ,ʔɓuj˧˨ʔ,,mtʼvɛri,støːv,ˈtːolm,dʱu.li,,ʃtəps,rɪːk,ˈpol.bo,dʌst,ˈtolmu,tʼvɛri,,fun˨˩
red,,koːχ,tʃɛrˈvɛn,tʃo:pə,ɽu.d̪ʱi.ɽɐ́,tukud,røːd,,k̥rhm,netuɾi,kempu,,ˈt͡ʃɛrvɛniː,tsʼitʰɛli,akaki,,cem,nì,ʁuʒ,tsʼərni,sâɾkans,keppə,,ˈru.be.us,t͡ʃeˈrwɔnei̯,,,kheso,keppə,,ˈpunɑinen,,sur,ˈruskie,kɯɾmɯzɯ,tissəgaɳɖa:ngi,kempu,ərˈdɛ́tʃ,,ˈdʲaɾˠəɡ,lal,merah,kɑɾˈmiɾ,ˈrɔt͡ʃ,pʊˈla,ˈkocinos,ˈtʲɛrɛk,,,,eɾupu,roːt,p͈a̠ɭɡa̠tʰa̠,ɢeɾˈmez,,,ʔaħ.mar,rɐʊˈdoːnɐs,t͡ʂɛrˈvɔ.nɨ,ˈpiroʃ,xi:sun,netiɾ,roːi̯,tʃumappə,eɾɾag,ˈkrasnɨj,key,ˈt͡ʃɛrvɛniː,,kuc,ˈpunːi,ræʉ,*dmar.po,eɾɾa,,,ˈpunɑne,,,ˈros.so,lɑːl,e:so,ˈɐħmɐr,ˈrusked,roːt,vɨɾ.ˈmɐ(j).ʎu,tʃo:pə,beɾˈmeʎo̝,t͡ʂɨˈrvonɨ,ʔɗɔ˧˩,ˈro.ʃu,mtʃʼitʰä,røːd,ˈverːev,ɹɔ.ŋa,,ʀəʊt,ˈrøyːðʏr,ˈroxo,ɹɛd,ˈkɑuniz,tʃʼitʰä,jeruɖi,dɛːŋ˧
near,,,ˈblizək,,,,,,jit,,,,,äχlɔ,,,,ní,pʁɛ,pʰɛdiä,,,,proˈpin.kʷus,,,,,,,ˈlæhelːæ,,niɡˈde,ˈlæsːæ,jaˈkɯn,,,,,d̪ˠlˠuː,,dəkat,mɔt,,,,dɫ̪uː,,,,,naː,ka̠k͈a̠p̚t͈a̠,næzˈd̪iːkʲ,,,qa.riːb,,ˈblʲis.kʲi,ˈkøzɛl,,,,,,ˈblʲiskʲɪj,,ˈbliːskiː,jɑχˈɯn,,ˈle̞ʒgɨl,næːr,,,dəkat,,ˈlæhedɑl,jɑ.ˈqɯ̞n,,viˈtʃino,,,ʔriːp,ˈlæz,,ˈpɛɾ.tu,,,ˈblʲiskʲi,ɣən˨˩,a.ˈpro̯a.pe,χɔlɔs,nɛːr,ˈlæhkːyn,,,,,ˈθerka,nɪə(ɹ),ˈlitʃi,χɔlɔ,,klaj˥˩
worm,,,ˈtʃɛrvɛj,,,,,,ṭṅ̥kūv,,,,ˈt͡ʃɛrw,tʃʼiä,d͡zẽ̞ɲ̟t͡ɕɨᵝː,,,tìɡàʊɴ,vɛʁ,mətʼ,,,,ˈwer.mis,,isíɓuːnɡú,,,,kirm,ˈmɑto,toˈla(ʔ)at,,ˈuotːø,,,,ˈtʃə́rw,pʁɛ̃,pʲeːʃtʲ,kiɽa,,vɔɾtʰ,ˈkuk,,sku.ˈli.ci,,,,,,,,,beˈʃtʲeːɡ,,duː.da,,ˈrɔ.bak,ˈkukɒt͡s,,,,,,t͡ɕerfʲ,,ˈt͡ʃɛrf,,kɾimb,ˈborʲ,,,,,,ˈusː,qʊ̞rt,,ˈvɛrme,kiː.ɽɑː,,,ˈtʃundtʃ,,ˈvɛɾ.mɨ,,ˈbɛɾme̝,,zun˧˧,,tsʼitsʼi,,ˈhusː,,,muə̯t,ˈmaθkʏr,ɡuˈsano,wɜːm,ˈmɑokːɤin,tʃʼiä,,nɔːn˩˩˦
horn,,kɔrn,,kombə,ɕr̩ŋ.ɡɐ́,kaɾ gutʃul,,,s̥naeṅ,,kombu,ˈt͡ʃoɑ̯rːviː,ˈrɔx,rkʰä,ka̠do̞,,kombə,d͡ʑò,kɔʁn,mitʃʼw,ɾaks,ku:ɾ,kʰao˩˨,ˈkor.nuː,,úːpʰoːndo,,maɾag,kombə,ʃɔːx,ˈsɑrʋi,,,ˈsɑrvi,,kombbə,kombu,ˈróːk,,əiɾˠk,sĩɡ,,jɛʁd͡ʒˈjuɾ,ˈba.ɲə,,,,,,,kommu,hɔrn,p͈uɭ,ʃɒx,,ewər,qarn,ˈrä̌ːɡɐs̪,ruk,ˈsɒrv,maɾgʰ,bʰulo:gam,,kompə,koɾ,rok,tūk,ˈrox,bujnuz,,ˈsorɑ,hʊrn,,komm,,,ˈsɑrʋ,mʏ̞ˈɡʏ̞ð,hɔtn,ˈkɔr.no,siːŋɡ,maɾgadu,,ˈsɑrv,ɦoːrn,ˈʃi.fɾɨ,kombə,ˈkɔɾno̝,,sɨŋ˨˩,korn,kʰrä,,ˈsːɑrv,xiŋ,,,hɔrtn,ˈkwerno,hɔːn,ˈsɑrvi,kʰä,kommu,kʰaw˩˩˦
lake,køl,ɬɨ̞n,ˈɛzɛro,,,,ɧøː,ˈɲa.ⁿd͡ʒá,pẏṅ,,,ˈjaːvːriː,ˈjazɛrɔ,tʼbä,mʲizɨᵝɯ̟ᵝmʲi,,,kàɴ,lak,tʼɔb,æzæɾs,,nɔːŋ˩˨,ˈla.kus,ˈɔzerɔ,íːǀʰiːɓí,,,,kɵl,ˈjærʋi,,,ˈjærvi,ɟœl,,,ˈjéːzɛrɔ,,l̪ˠɔx,,taseʔ,lit͡ʃ,ˈʎak,,,,,hu˧˩,,,zeː,ɸʷo̞sʰu,dæɾjɒːˈtʃʰe,laːx,nʊːr,bu.ħaj.ra,ˈæːʒʲɛɾɐs,jɛˈʑɔ.rɔ,ˈtoː,,,,,,ˈozʲɪrə,,ˈjɛzɛro,ɡœl,liˈcɛn,ˈjoːrɑ,,*mt͡sʰo,,,,ˈjærʋ,kʏl,vaʰtn,ˈlaɡo,d͡ʒʱiːl,,aˁːˈdiːr,ˈjærvʲ,meːr,ˈla.ɣu,,ˈlaɣo̝,ˈvozʲera,ho˨˩,,tʼɔbä,søː,ˈjærv,bil,,zɜɪ,vaʰtn,ˈla.ɡo,leɪk,ˈʝɑrvi,tʼɔbä,,saːp̚˨˩
think,,ˈmɛðʊl,,,,,,ɡaˈni.za,yl´,,,ˈjurːttaʃih(t),ˈmisli̯ɛc,pʰikʰri,kamukapu,,,twé,pɑ̃.se,liskʼɔrɛ,,,,ˈkoː.ɡi.toː,ˈdumɐte,,,,,,ˈɑjɑtelːɑ,ħaˈʃav,,ˈtuːmɑmɑijɑ,,,,ˈmiːsliti,,capˠ,sotʃn̪aː,fike(r),mətɑˈt͡sɛl,pənˈsa,,ˈsceftome,,,,ˈfɯkɯɾiːn,,ˈdɛŋkən,sʰe̞ŋɡa̠kʰa̠da̠,ˌfekɾ kʲæɾˈd̪æn,,,,,ˈmɨɕ.lɛt͡ɕ,ˈɡondolkodik,,,dəŋk,,,ˈdumətʲ,,ˈpr̝̊ɛmiːʃlɛt,dyʃynˈmæk,mɛnˈdɔj,ˈmɨt̪lɨ,,,,pi.kir,,ˈmɤtlemɑ,,,,sotʃn̪aː,,ˈħaːsɛp,ˈmeletɑdɑ,ˈdɛŋkə(n),pẽˈsaɾ,,,,ŋi˦ˀ˥,ɡɨnˈdi,ɔsimädu,,ˈmɤtːlɤmɑ,bʱɔ.ba,,,ˈhʏxsa,penˈsaɾ,θɪŋk,ˈduːmɑtɑ,gurtʃämä,,kʰit̚˦˥
this,bu,hʊn,ˈt̪ɔzi,iʋe:,,idə,,,neḥ,idu,idhu,,,ɛs,ko̞no̞,,inta,,sə,äli,ʃis,idə,niː˥˦,hik,,,ˈɔvɔj,i:d,idə,,ˈtæmæ,ˈe.le,,ˈtæmæ,bu,idə,undu,ˈtáː,,ʃɔ,,ini,ɑjs,əˈkəst,,aˈftos,ʃɔ,,,,ī,ˈdiːzər,i,ʔin,,,haː.ðaː,,tɛn,,da:,idhə,dɨt,i:,id,ˈɛtət,ī,ˈtɛnto,bu,ky,ˈse̞,,,iddu,,,ˈseː,,,ˈkwes.to,jəʱ,i:du,,ˈnetse,ˈdeːzə,ˈɛʃ.tɨ,idə,,,naj˨˩,aˈt͡ʃest,äjä,,ˈsːeo,,,des,ˈθɛsːɪ,ˈeste,ðɪs,ˈse,tʰɛnä,id,niː˦˥
knee,tiz,,koˈlʲano,mu:leka:lə,d͡ʑɑ́ː.n̪u,ʋangul,,ˈɓó.ⁿdo,jṅ̥gṅ´,mendaja,muṇakālo,,ˈkɔlɛnɔ,muχli,çiza̠,ˈɦaʈu,muḻaṅkāl,dú,ʒə.nu,kʰutʰul,tsɛlis,muʈʈi,,ˈɡe.nuː,,íːdoːlo,,muka,muʈʈi,zɔːnu,ˈpolʋi,,,ˈpolvi,,mannga:lə,meɳaka:ləganʈu,kɔˈlèːnɔ,ˈɡliːn,ɡl̪ˠuːnʲ,,lutot,t͡suŋk,ʒəˈnoʎ,,ˈɣɔnatɔ,,(d)ʒeˈnul,,,mo:ka:lu,kniː,muɾɯp̚,zɒːˈnuː,ɡlʲuːnʲ,owtəɡ,ruk.ba,ˈkʲæ̌ːlʲɪs,kɔˈla.nɔ,ˈteːrd,go:ɖ,mo:ga:l,,muḻaṅkāl,tongɾa,kɐˈlʲenə,tūk,ˈkolɛno,,,ˈpuːolɑ,,,mo:ka:l,,knɪ,ˈpɤlʋ,tuˈβɯ̞q,knɛaː,dʒiˈnɔkkjo,ɡʱʊʈ.nɑː,mu:ka,,ˈkomb,kni,ʒu.ˈe.ʎu,maɳɖi,ʃeˈonʎo̝,kaˈlʲena,ʔɗəw˨˩ ɣoj˧˦,dʒeˈnunkʲ,burgili,,ˈpːɤlv,atʰu,,knɜɪ̯,n̥jɛː,roˈdiʎa,niː,ˈpɤlvi,birguli,muɖsu,kʰaw˨˩
long,,hiːr,ˈdɤlək,ni:ʈa,,tukud,lɔŋ,,vaeṅ,,udda,,ˈdl̩ɦiː,grdzɛli,na̠ɡa̠i,,nīṇṭa,ʃè,lɔ̃,dʒwɛdi,,neɾti,,ˈlon.ɡus,ˈdɔu̯ɦei̯,,,diga:h,utta,,ˈpitkæ,,uʐd̪,ˈpitkæ,,uddu,uda,ˈdɔ́ːwk,,ˈfˠɑd̪ˠə,,,jɛɾˈkɑɾ,ʎuˈɲa,,,fad̪̊ə,,,ˈdɯɾeːʒ,poɖaʋu,laŋ(k),ˈkiːɭda̠,,,,tˁa.wiːl,,ˈdwu.ɡʲi,ˈhosːuː,muɾgun,ni:tam,,ni:nɖa,la:m,ˈdlʲinːɨj,tūk,ˈdlou̯ɦiː,uˈzun,,ˈpit̪kɑː,,,poɖaʋuʈa:du,,,ˈpikː,ʊ̞.ˈðʊ̞n,ˈlɛŋkʊɹ,ˈlunɡo,,digaɖo,twiːl,ˈpitkʲ,lɑŋ,ˈlõ.ɡu,uddə,,ˈdou̯ɣʲi,zaːj˨˩,luŋɡ,gundzɛ,lanɡ,ˈpːikːkː,,,laːŋ,ˈlaŋkʏr,ˈlarɡo,ˈlɒŋ,ˈpitʃːæ,gindzɛ,poɖa:m,jaːw˧
big,,,,baleji,,muɾe,ˈvɵkˌsɛn,,,be:ɾ,doɖɖadu,,,didi,o̞to̞na̠,,peɾija,,ɡʁɑ̃,χɔʃä,,ittu:ɖə,,,ʋeˈlɪkei̯,,ˈɡɔlɛm,koha,doɖɖadə,,ˈiso,ɡaˈdɔl,ɣaʈ,ˈsuːri,,dappu,malla,,,,,,mɛt͡s,ˈɡɾan,,,,,,,pedda,ɡʁoːs,ˈɘːɾɯn,,,,ka.biːr,,dɔˈrɔ.swɨ,ˈfɛlnøːtː,ballun,toɖut,,ʋaludə,pedda,bɐlʲˈʂoj,berto,,,,ˈsuːr,,,beɾɾa,,,ˈsuːr,,,ˈɡran.de,,be:ɖo,,ˈsurʲ,,mɐjˈɔɾ,baljadə,,,,,didi,,ˈsːuːr,daŋɔɹ,,,,maˈɟ͡ʝoɾ,bɪɡ,ˈsuːri,didi,bʰu:mi,
narrow,,kɨːl,ˈtɛsɛn,,,,,,cṅ̥ʾiat,,,,ˈuːski,vitsʼrɔ,se̞ma̠i,,,t͡ɕɪ́ɴ,e.tʁwa,näχwtsʼi,ʃàuɾs,,,anˈɡus.tus,wʊˈzʲkɪi̯,,,,,,ˈkɑpeɑ,,,ˈkɑidu,,,,ˈòːzək,,kuːŋ,,,nɛʁ,əsˈtɾət,,,kʰɯːɫ̪,,,,,ɛŋ,,,,narʲiŋ,dˁaj.jiq,,ˈvɔ̃s.kʲi,ˈsyːk,,,,,,ˈuskʲɪj,,ˈuːskiː,dɑr,,ˈoːd̪ɨz,,,,,,ˈkitsɑs,ˈtɑr,,ˈstretːo,t̪əŋɡ,,,ˈkɑid,nɑu,iʃ.ˈtɾɐj.tu,,,ˈvuskʲi,hɛp̚˧˨ʔ,strɨmt,ndäri,snɛvər,ˈɑhtːɑkɤnɤ,,,,ˈθrøyŋkʏr,es̺ˈtɾe.tʃo,ˈnæɹoʊ,ˈɑhɑz,intsʼrɔ,,kʰɛːp̚˥˩
walk,,ˈkɛrðɛd,ˈxɔdʲə,naɖa,,tukud,ɡoː,,ṭoer,,naɖə,,ˈiːsc,siäruli,a̠ɾɯ̟ᵝkɯ̟ᵝ,,naɖə,ʃaʊʔ,maʁ.ʃe,lizɛläl,iɛ̂t,naɖaɾɾə,ɲaːŋ˧˧,ˈɡra.di.or,,,ˈɔdi,e:kʰna,naɖəʋadə,ɡæʃtæn,ˈkæʋelːæ,,,ˈkævelːæ,,naɖi,naɖapaɾa,,,ʃuːlʲ,,,kʰɑjˈlɛl,kə.miˈna,,,,,,,naɖutʃu,ˈlaʊ̯fən,ˈkɘːt̚t͈a̠,,,,ma.ʃaː,ˈɛjːtʲɪ,iɕt͡ɕ,ˈjaːr,tʃeɾɾing,naɖʋu,lʊəp,naɖakkuga,taka,xɐˈdʲitʲ,tūk,jiːt,jeriˈmæk,ˈɛtsi,ˈkæːd̪ɨ,,*ɡom.pa.rɡʲak,naɖam,,,ˈkæimɑ,,,kammiˈnare,ʈɛːʱl.nɑː,he:kpo,,ˈkæveltæ,ˈloːpə(n),ɐ̃.ˈdaɾ,naɖa,,,ʔɗi˧˧,ˈmer.d͡ʒe,gɔlvä,ɡɔː,ˈkːæymæ,kʰʊz.kaʴɦa,,ˈɡo.en,ˈkauŋka,kamiˈnaɾ,wɔːk,ˈtʃæymæː,gilulä,naɖus,dɤːn˧
tail,,ˈkənfɔn,,ba:lu,,kindiɾ,svans,ˈmt͡ʃí.ɽa,kn̥duy,,ba:la,,ˈxvɔst,kʼudi,ɕip̚po̞,,ʋa:lə,ʔəmí,kø,hækʼwɛd,astɛ,po:ɾsam,,ˈkau̯.da,,úm̩sîːla,ˈɔpaʃka,kʰola,pa:lə,dum,ˈhæntæ,,,ˈhæntæ,kujɾuc,ba:lə,bi:la,ˈrɛ́p,,ˈɾˠɨbˠəl̪ˠ,,eko(r),pɔt͡ʃʰ,ˈku.ə,,,,,,,vālamu,ʃvant͡s,k͈o̞ɾi,dæm,,,ða.nab,,ˈɔ.ɡɔn,ˈfɒrok,liʈʈik,ʋa:lə,,ʋa:lə,tokoɾ,xvost,tōka,ɔtsas,ɡujˈruɣ,,ˈt̪ɑbɑːr,,,toka:ɾ,,,ˈsɑbɑ,qʊ̞j.ˈrʊ̞q,,ˈkoda,pũːt͡ʃʰ,oli,,ˈhænd,staːrt,ˈʁa.bu,ba:lə,ˈraβo̝,xvost,ʔɗuəj˧˧,ˈkʷadə,kʼudɛli,haːlə,ˈhɑnt,nɛz,,,ˈhaːlɪ,ˈkola,teɪl,ˈæntæ,kʼudɛli,to:ka,haːŋ˩˩˦
fly,,,muˈxa,mannə,,tukud,,ˈⁿt͡ʃʰé.ⁿt͡ʃʰe,ruy,,ha:ɾu,,ˈmuxa,pʰrɛnä,,matʃʰi,paɾə,jɪ̀ɴɡàʊɴ,muʃ,lipʼɛr,muʃa,po:ɾtʃ,,ˈmus.ka,,,,uɖijaɾna,paɾappə,,ˈlentæː,zvuv,,ˈlentyæ,sinɛc,pa:ɾ,ɾa:paɾa,ˈmùːxa,,kɪˈlʲoːɡ,,lalat,t͡ʃɑnt͡ʃ,ˈmos.kə,,ˈmiɣa,,,,ˈmeːʃ,eguɾu,ˈfliːɡə,pʰa̠ɾi,mæˈɡæs,,,,,ˈmu.xa,ˈleːɟ,ba:l kanning,pa:ɾʋu,,paɾakkuga,paɾi,ˈmuxə,tūk,ˈmou̯xa,,,ˈlind̪ɨ,²flʉːɡə,,tulla,,,ˈlendɑmɑ,sɪ̞.ˈβɪ̞n,ˈfluː(w)ʊ,,,uɖa:ɾi,dʊˈbːɪːnɐ,ˈletɑ,vlix,ˈmos.ka,pa:ɾa,ˈmoska̝,,zuəj˨˩,,ɔpʰutʰχinu,fluːə,ˈlintɑmɑ,makʰi,mɪx,,ˈflʏːɣa,ˈmoska,flaɪ,ˈlentæː,pʰurinuä,tulsa:d,ma˦˥.lɛːŋ˧.wan˧
not,,dɪm,nɛ,ille,,tukud,ˈɪnˌtɛ,,,,alla,,,är,,,ille,mə,nə,dɛmɛ,,a:ɖudi,bɔː˧˧,noːn,ˈnɛ,,,mala,kulle,,ˈei,lo,,ˈei,dejil,ila,a:tu,ˈnɛ́,,n̠ʲiː,nəɦĩː,tidaʔ,t͡ʃʰ,ˈno,,ðe̞,,,ɓou˥,,le:du,nɪçt,a̠n,næ,,,laː,,ɲɛ,ˈnɛm,a:xa,illa,ni,illa,helle,nʲɪ,tūk,nɛ,dejil,nʊk,ˈæb,²ɪçːə,,ille,,nit,ˈei,ˈtʏ.ɡɪ̞l,ˈɪʰtʃːɪ,non,nə.ɦĩː,mala:,,ˈei,nit,nɐ̃w̃,ille,ˈnʊŋ,nʲe,xəwŋ͡m˧˧,nu,vär,ekə,ˈei,nɔ.ɦɔɛ,ˈnɛt,,ˈɛhcɪ,no,nɒt,ˈeb,vär,ka:du,maj˥˩
straight,,,,,,,,,,,,,,stsʼɔri,,,,pʰja̰ʊɴ,dʁwɑ,mɛtsʼwin,,,,ˈreːk.tus,,,,,,,ˈsuorɑ,,,ˈoigie,,,,,,ˈdʲiːɾʲəx,,,uˈʁiʁ,,,,tʲiːɾʲəx,,,,,ɡəˈraːdə,,mostæɣiːm,,,mus.ta.qiːm,,ˈprɔ.stɨ,ˈɛɟɛnɛʃ,,,,,,prʲɪˈmoj,,ˈpr̝̊iːmiː,,,ˈkuːodʲi,,,,,,ˈsirge,tʏ̞ð,,dritto,siː.d̪ʱɑː,,,ˈoiged,rɛxt,ˈʁɛ.tu,,,praˈmɨ,,drept,duzi,,ˈɤkɤv,pʊn,,ʀiːχt,peitn,,stɹeɪt,ˈɤikɤɑ,tʰini,,troŋ˧
all,,ɪˈɡɨːd,,nanga:ɭə,s̪ɐ́ɽ.ʋɐ,tukud,ˈalˌa,,,hara,ella,,ˈfʃɛtɔk,qʼvɛlä,sɨᵝbe̞te̞,,ella:m,ʔálóʊɴ,tus,mæg,,oʋʋoɖimo,,,,,ˈsitɛ,majin,ella,,ˈkɑikːi,kol,,ˈkɑikːi,byˈtyn,o:ʈəja,ma:ta,ˈʋə́s,,ˈɪlʲə,,səmuə,bɔˈlɔɾ,ˈtot,,,,tut,,,anta,al,ˈmo̞ːdɯn,hæˈme,,,kull,ˈvʲɪ.sɐs,ˈfʂɨ.stɛk,ˈmindɛn,kull,ella:m,,ella,bottig,vʲesʲ,tūk,ˈfʃɪxɲɪ,,ɡjiθ(ə),ˈɑmɑː,,,anta:,sə.mu.a,ˈalə,ˈkɤik,ˈbʏ̞.tæ,ˈat.lʊɹ,ˈtutto,səb,go:ʈahi:,,ˈkɑik,ɑl,ˈto.ðu,ella,,,,tot,iri,alə,ˈkːɤikː,xɔ.kɔ.lʊ,,,,ˈtodos,ɔːl,ˈkɤikːi,ärdzä,ma:k,
pull,,,,,,,,,dāñ,,,,ˈci̯aɦnuc,mɔkʰätʃvä,,ˈʈana,,sʰwɛ́,ti.ʁe,libid,,,,ˈwel.loː,tʲɐˈɦɑte,,,,,,ˈʋetæː,,,ˈvetyæ,t͡ʃɛcˈmɛc,,,,,,,tareʔ,kʰɑˈʃɛl,tiˈɾa,,,,,,,,ˈtsiːən,ˈk͈ɯːɭda̠,kʲeʃiːˈd̪æn,,tʰatʰəx,,,ˈt͡ɕɔŋ.ɡnɔɲt͡ɕ,ˈhuːz,,,,,,tʲɪˈnutʲ,,ˈtaːɦnou̯t,t͡ʃækˈmæk,,ˈvie̞d̪ːɨ,,,,,,ˈtɤmbɑmɑ,,,t̪iˈrare,kʰĩː(ɳ).t͡ʃnɑː,,,ˈvedɑdɑ,ˈtrɛkə(n),pu.ˈʃa(ɹ),,,t͡sʲaˈɣat͡sʲ,kɛw˧˦,,ɔzdimu,trɛkə,ˈvitæmæ,ta.na,,,ˈtraːɣa,tiˈɾaɾ,pʊl,ˈtɤmpɑː,zindäpʰi,,dɯŋ˧
name,ɑt,ˈɛnʊ,ˈimɛ,pe:ɾu,n̪ɑ́ː.mɐn̪,tukud,namn,ˈd͡zí.na,j̥ʰmoḥ,doru,hesaru,ˈnamma,ˈmɛnɔ,säχɛli,na̠ma̠e̞,nam,pe:ɾə,ʔəmjì/,nɔ̃,ʒäχɛ,vàːɾds,pe:ɾ,sɯː˦˦,,iˈmjɑ,îːɡâːma,,na:me,esaɾə,nɔːm,ˈnimi,,,ˈnimi,ɑt̪,pja:ɾə,pudaɾə,iˈméː,,ˈanʲəmʲ,,namə,ɑˈnun,ˈnɔm,,ˈo̞no̞ˌma,,,,ˈnɑːv,pe:ɾu,ˈnaːmə,iɾɯm,nɒːm,,nir,ism,ˈvɐrːdɐs,ˈi.mʲɛ,ˈneːv,pin,pe:ɾ,,peɾə,poɾol,ˈimʲə,pidir,ˈjmɛːno,ɑd,ɛməɾ,ˈnim,,*miŋ,pedeɾ,,nɔmɛn,ˈnimi,iˈsɪ̞m,naun,ˈno.me,naːm,na:mi,ˈiːsɛm,ˈnimi,naːm,ˈno.mɨ,peda,,jiˈmʲa,ten˧˧,ˈnu.me,dʒɔχɔ,,ˈnimi,,,num,napn,ˈnom.bɾe,neɪm,ˈnimi,säχɛli,pe:ɾ,t͡ɕʰɯː˥˩
year,jil,,ɡɔˈdinə,,,,,ˈt͡ʃa.ká,c̥ʰnāṃ,,,ˈjahkiː,ˈrɔk,tsʼɛli,nẽ̞ɴ,,,n̥ɪʔ,a.ne,zæ,,,piː˩˨,ˈan.nus,,úɲâːɠa,,,,,ˈʋuosi,ʃaˈna,kɑl,ˈvuozi,ˈjɯɫ,,,ˈlèːtɔ,ˈblwaː,bʲlʲiənʲ,,tahon,tɑˈɾi,ˈaɲ,,ˈxɾonos,,,pi˨˦,ˈsɑːl,,jaː(ɐ̯),ɲjʌ̹n,sɒːl,blʲeːnʲ,,ʕaːm,,rɔk,ˈeːv,,,jɑːr,,,ɡot,,rok,,,ˈɑːigɑst̪,oːr,*lo,,,jɔʁ,ˈɑːstɑ,jɯ̞ɫ,ɔaːɹ,ˈan.no,saːl,,ˈsɛnɐ,ˈvozʲ,jaːr,ˈɐ.nu,,,ɣot,nam˧˧,an,tsʼänä,,ˈɑːsːtːɑkː,bɔ.sɔɹ,iə̯r,joː(e)ʀ,auːr,ˈaɲo,jɪə,ˈvoːsi,tsʼänä,,piː˧
good,jɑχʃi,daː,doˈbɤr,nallə,s̪ɑː.d̪ʱú,tukud,ɡuːd,,l̥ʾ,nejun,oɭɭijadu,,ˈdɔbriː,kʼärgi,joɕi,bʱɑlo,nalla,káʊɴ,bɔ̃,χɔtʃä,,ulti,,ˈbo.nus,ˈdɔbrɪj,,,da:ʋ,oɭɭajadə,,ˈhyʋæ,,xə,ˈhyvæ,,nall,eɖɖedana,ˈdòːbər,,mˠa,əˈtːʃʰaː,baeʔ,lɑv,ˈbɔ,maˈbu.ti,kaˈlos,maː,,ɗei˨˦,,mantʃi,ɡuːt,ˈt͡ɕo̞ːtʰa̠,xuːb,,sɛ̃ːŋ,,ˈɡʲæɾɐs,ˈdɔ.brɨ,ˈjoː,dʒua:n,oludə,χut,nalla,assal,xɐˈroʂɨj,tūk,ˈdobriː,jɑχˈʃɯ,majɾ,ˈjɨvɑː,,,mantʃid,,ɡʊt,ˈheɑ,jɑqˈʂɯ̞,ˈkɔuːwʊɹ,ˈbwɔː.no,ət͡ʃ.t͡ʃʰɑː,he:ɖu,ˈtɐjːɛp,ˈhyvæ,ɣut,bõ,nalla,ˈbo,ˈdobrɨ,tot̚˧˦,bun,kʼäi,ɡoð,ˈhæː,bʱal,,,ˈkouːðʏr,ˈbweno,ɡʊd,ˈyvæ,dʒgiri,sobhatan,diː˧
woman,,,ʒɛˈna,panitʃi,s̪t̪ɽíː,tukud,ˈkvɪnːˌa,ˈmká.zi,s̥rī,ɖoli,hengasu,ˈnisuː,ˈʒe.na,kʰäli,õ̞nːa̠ no̞ çi̥to̞,,peɳ,méɪɴma̰,fam,zuräl,,tusmo:gə,pʰuː˨˩ ɲiŋ˦˥,ˈfeː.mi.na,ˈʒʲinkɐ,úm̩fâːzi,ˈʒɛna,mukka,emma:ti,,ˈnɑinen,,ʂəˈd͡za,ˈnɑine,kaˈdɯn,pəɳakkən,pondʒa,ˈʒèːnska,,bʲanˠ,,wanita,kin,ˈdɔ.nə,,ʝiˈne̞ka,b̥ɛn,ˈfenno,,,stɾi:,fʁaʊ̯,jʌ̹sʰʌ̹ŋ,,bɛᵈn,,ʔim.ra.ʔa,ˈmoːtʲɛrʲɪs,kɔˈbʲɛ.ta,ˈnøː,njaaɽi,pemagu,,peɳɳə,muɾtad,ˈʐɛnʲɕːɪnə,tūk,ˈʒɛna,,ˈɡɾua,ˈnɑi,²kʋɪnːə,,na:taʋa:d,,,ˈnɑine,qɑˈtɯ̞n,,ˈdɔn.na,ˈɔːɾət̪,teldu,,ˈnɑine,vrɑu̯,muˈʎɛɾ,ponna:ɭə,muˈʎɛɾ,ʐanˈt͡ʂɨna,fu˧˨ʔ nɨ˦ˀ˥,feˈmeje,ɔχɔrdʒä,ˈkʰvenə,ˈnɑːnɤ,maɪ.ki ma.nuʱ,,fʀa,ˈkʰɔːna,muˈxeɾ,ʊ,ˈnɑin,ɔsuri,ba:ji,pʰuː˥˩.jiŋ˩˩˦
he,u,eːv,t̪ɔj,,,,hanː,ˈi.jé,gāt´,,,,ɔn,is,ka̠,ˈʃe,,θù,il,ɛdʒi,viɲʃ,,kʰao˩˨,is,ˈʋʲin,jeːná,tɔj,,,ɵ,ˈhæn,(h)u,haɣə,ˈhæi,o,,,ˈɔ́n,,ʃeː,,diə,nɑ,ˈeʎ,niˈja,aˈftos,ɛ,,te˨˦,,,ʔeːɐ̯,kɯ,ʔoː,,,hu.wa,jɪs,ɔn,ˈøː,,,,,,on,,on,ɔ,,ˈt̪æmɑː,,,,dia,,ˈtemɑ,uɫ,,ˈlui,ʋəʱ,,uː,ˈhæn,ɦɛi̯,ˈe.li,,ˈel,jon,ʔajŋ̟˧˧ ʔəj˧˦,,ɛjä,han,ˈtːimæ,xi,hɛi̯,,ˈhanː,el,ˈhiː,ˈtæmæ,tʰinä,,kʰaw˩˩˦
bad,,druːɡ,,,,,ˈdoː.lɪ(ɡ),,ʾāk̥rk´,,,,ˈzɫiː,tsudi,ɰᵝa̠ɾɯ̟ᵝi,kʰaɾap,,sʰó,mo.vɛ,χɔlä,,,,ˈma.lus,,,,,,,ˈpɑhɑ,,bəd,ˈhuono,,,,ˈsláp,,ˈd̪ˠʊnˠə,,,vɑt,doˈlent,,kaˈkos,ˈt̪ɔnə,,,,,ʃlɛçt,na̠p͈ɯda̠,bæd,,mõː,saj.jiʔ,ˈbloːɡɐs,zwɨ,ˈrosː,,,,,,plɐˈxoj,,ˈʃpatniː,pis,,ˈæbjɨvɑː,,,,bu.ruʔ,,ˈhɑlb,nɑ.ˈsɑr,ˈɪtlʊɹ,kaˈtːiːvo,,,ħɐˈziːn,ˈhond,slɛxt,ʁuˈĩ,,,ˈdrenːɨ,səw˧˦,rəw,pʼätʼi,dɔːli,ˈhɑlv,bɛa,,,ˈvɔntʏr,ˈmalo,bæd,ˈpɑhɑ,gläχä,,leːw˧
salt,,ˈhalɛn,,,l̪ɐ.ʋɐ.ɳɐ́,,salt,mˈt͡ʃé.ɽe,ʾṃpil,,,ˈsaːlːtiː,ˈsɔʎ,märili,ɕio̞,,,sʰá,sɛl,dʒim,sàːls,,kɯa˩˨,,ˈsʲilʲ,íːtswaːjí,,,,næmæk,ˈsuolɑ,,ˈmɑlɡa,ˈsuolɑ,ˈtuz,,,ˈsóːw,,ˈsalˠən̪ˠ,,,ɑʁ,ˈsal,,aˈlati,,,kʲu˨˦,,,zal(t)s,sʰo̞ɡɯm,næmæk,ˈsolan,taws,milħ,,sul,ˈʃoː,,,,,,solʲ,,suːl,,ˈkɹi.pə,ˈsuːolɨ,,*t͡sʰʷa,,,,ˈsoːl,tʊ̞ð,sal̥t,ˈsale,,,,ˈsol,zɑu̯t,ˈsaɫ,,s̺al,,muəj˧˦,ˈsa.re,dʒumu,salt,ˈsːuːl,lʊn,,zɑlt͡s,sal̥t,sal,sɔːlt,ˈsoːlɑ,dʒimu,,klɯa̯˧
rope,,r̥aːf,vəˈʒɛ,,,,,,k̥ʰsae,,,,ˈɫanɔ,tʰɔkʼi,,,,t͡ɕó,kɔʁd,tʰækʼw,àwkla,,,ˈfuː.nis,,íntaːmbo,ˈjaʒɛ,,,ærʁæmtʃin,ˈkøysi,ˈχe.vel,,ˈnuorɑ,,,,,kɔrdɛn,tʲiad̪ˠ,,tali,pɑˈɾɑn,ˈkɔɾ.də,,,,,,,,zaɪ̯l,pa̠t̚t͡ɕ͈uɭ,,,,ħabl,,ˈlʲi.na,ˈkøteːl,,,,,,vʲɪˈrʲɵfkə,,,,liˈtaɾ,ˈkie̞uʒ,,,,,,ˈkøis,ɑrˈqɑn,,ˈkɔrda,ɖoː.ɾiː,,,ˈnor,,ˈkɔɾ.dɐ,,,vʲaˈrou̯ka,zəj˧˧,,tʰɔkʼi,tɔv,ˈkːøytsː,zɔ.ɹi,,zeːl,ˈreiːpɪ,ˈkwerda,ɹəʊp,ˈtʃøysi,tʰɔkʼi,,t͡ɕʰɯa̯k̚˥˩
burn,,ˈɬɔsɡɪ,,tʃu:ɖə,,tukud,,,ṭut,,suɖu,,,tsʼvä,moju,,eɾi,làʊɴ,bʁy.le,liʃχi,dekt,ti:kku ka:ttiti,,ˈaːr.de.oː,,,ˈɡɔɾi,olna,kitʃi:kdə,,ˈpɑlɑː,,,ˈpɑluo,,bja:ɭ,pottaʋaɾa,,,d̪ˠoːɟ,dʒəlna,,ajɾˈvɛl,,,,ɫ̪ɔʃɡ̊ʲ,,,,ka:lu,ˈbʀɛnən,,suːxˈtæn,,,ħa.ra.qa,,ˈpa.lʲit͡ɕ ɕɛ,ˈeːɡ,xa:xaɾ tinning,ka:to,,katikkuga,niɾus,ɡɐˈrʲetʲ,tūk,ˈɦor̝ɛt,,,ˈpɑlːɨ,,,maɳɖu,,,ˈpɤlemɑ,,,,d͡ʒəl.nɑː,me:da,,ˈpɑlɑdɑ,ˈbrɑndə(n),ɐɾˈdeɾ,tʃu:ɖə,,ɣaˈret͡sʲ,t͡ɕaj˧˦,,ɔtʃʼu,,ˈpːɑlɑmɑ,zɔ.la,,,ˈprɛnːa,aɾˈdeɾ,bɝn,ˈpɑlɑː,tʃʼuälä,gonɖka,maj˥˩
seed,,haːd,ˈsɛmɛ,kuɾu,bíː.d͡ʑɐ,tukud,,ˈᵐbé.(w)u,g̥rāp´būj,,bede,,ˈsɛmɛnɔ,tʰɛsli,ta̠ne̞,,ʋedə,ʔəsḭ,sə.mɑ̃s,læʃi,,pittə,,ˈseː.men,ˈsʲimjɐ,ímbêːwu,,bi:,pittə,tuxm,ˈsiemen,,,ˈsiemen,,bissə,bi:dʒa,ˈsèːmɛ,,ʃiːl,,bəneh,sɛɾm,ʎəˈvo,,ˈspo̞ro̞s,,,,ˈtov,ʋittanam,ˈzaːmən,ɕ͈i,t̪ʰoχm,,ur,,ˈsʲeːklɐ,naˈɕɛ.ɲɛ,ˈmɒɡ,bedʒdʒ,ʋitu,,vita,vidʒdʒa,ˈsʲemʲə,vittid,ˈsɛmɛno,toˈχum,ˈfaːɾ,ˈsiːe̞mgɨz,frøː,,pe:ɳɖku,,ˈzɔɪ̯mn̩,ˈseːme,ʊ̞rˈɫʊ̞q,fɹɛaː,ˈseme,,bʰumi,zɛrˈrɪːja,ˈsemen,zaːt,sɨˈmẽtɨ,kuɾu,seˈmɛnte̝,naˈsʲenʲːe,hot̚˧˨ʔ,səˈmɨntsə,tʰäsi,sɛːd,ˈsːeːmeʔ,ɡu.ti,,zoːm,fraiː,,siːd,ˈseːmeː,tʰäsi,ʋittanam,ma˦˥.let̚˦˥.pʰan˧
sit,,ˈei̯sdɛð,sɛˈdʲɤ,iɾaiku,,undu,,,ʾṅ̥guy,,kuɭitiko,,,dʒdɔmä,sɨᵝɰᵝa̠ɾɯ̟ᵝ,ˈbɔʃa,ukka:ɾə,tʰàɪɴ,,lisgwrɛ,,eɾakkaɾ,naŋ˧˧,ˈse.de.oː,seˈdʲite,,,okʰna,kuɭəʋə,,ˈistuɑ,jaˈʃav,,ˈistuo,,ku:ɾsu,kullaɾa,ˈsɛdèːti,,sˠɪɟ,,dudoʔ,nəsˈtɛl,ˈsɛw.ɾə,ʔu.mu.ˈpoʔ,ˈkaθome,,,,,ku:ɾtʃo,ˈzɪtsn̩,a̠nt͈a̠,neʃæsˈt̪ʰæn,,sʊːx,d͡ʒa.la.sa,sʲeːˈdʲeːtʲɪ,ˈɕɛ.d͡ʑɛt͡ɕ,ˈyl,tu:ling,bʰulo:gam,,iɾikkuga,udda,sʲɪˈdʲetʲ,tūk,ˈsɛɟɛt,oturˈmɑχ,ulɛm,ˈist̪ɨ,,,kudda:,,,ˈistumɑ,,,seˈdere,bɛʈʰnaː,hokpo,ʔaˁːt,ˈiʃtːɑ,ˈzɪtə(n),iʃ.ˈtaɾ,aɭe,,,ŋoj˨˩,,dɔχunu,seðə,ˈisːtːmɑ,bɔɦ,,,ˈsɪːtja,senˈtaɾ,sɪt,ˈisːuɑ,dɔχunä,udə,naŋ˥˩
smooth,,,,,,,,,,,,,,pʼriälä,,,,t͡ɕʰɔ́,lis,mərkʼənɛ,,,,ˈɡla.ber,,,,,,,ˈtɑsɑinen,,,ˈtɑzɑine,,,,,,kiːnʲ,,,hɑɾtʰ,,,,miːn,,,,,ɡlat,me̞k͈ɯɾʌ̹p̚t͈a̠,,,,naː.ʕim,,ˈɡwat.kʲi,ˈʃimɒ,,,,,,ˈɡlatkʲɪj,,ˈɦlatkiː,,,ˈt̪ɑzzi,,,,,,ˈsile,,,ˈliʃʃo,t͡ʃɪk.nɑː,,,ˈtɑzo,ɣlɑt,ˈli.zu,,,ˈɣɫatkʲi,faŋ˧˩,ˈne.ted,pʰrändɛri,,ˈsːilːe,,,ɡlaːt,ˈstljɛhtʏr,ˈliso,smuːð,ˈlɑkːɑ,värkʼälä,,ria̯p̚˥˩
eye,køz,ˈɬəɡad,oˈkɔ,kaɳɳə,,kaɳul,ˈøːˌɡa,ˈɗí.so,b̥ʰnaek,kanu,kaɳɳə,ˈt͡ʃalːpmiː,ˈɔkɔ,tʰväli,ma̠,tʃokʰ,kaɳɳə,mjɛʔsḭ,œj,tʰɛ,ats,kaɳ,taː˩˨,ˈo.ku.lus,ˈɔkɔ,îːsó,ˈɔkɔ,kʰann,kaɳɳə,tʃaʃm,ˈsilmæ,ˈajin,st̪ərˈɡa,ˈsilmæ,ɟøz,kaɳɳu,kaɳɳu,ɔˈkóː,ˈla.ɡat,sˠuːlʲ,ɑ̃ŋkʰ,matə,ɑt͡ʃʰkʰ,ˈuʎ,,ˈmati,s̪uːl,,ta˨˦,,kannu,ˈaʊ̯ɡə,nun,tʃʰæʃm,suːlʲ,,ʕaj.ja.na,ɐˈkʲɪs,ˈɔ.kɔ,ˈsɛm,xan,kaɳɳə,oəχ,kaɳɳə,kəɖə,ɡlas,kan,ˈoko,,sɒj,ˈsiːlmɑ,²æʉɡə,*mik,koɳɖ,,,ˈsilm,kʏð,ˈɛiːja,ˈɔk.kjo,ɑ̃ːkʰ,a:ndu,aˁːjn,ˈsilʲm,oːx,ˈo.ʎu,kaɳɳə,ˈoʎʊ,ˈvoka,mat̚˧˦,okʲ,tʰɔli,øjə,ˈsːilm,sɔku,ɪə̯x,a,ˈøyːɣa,ˈoxo,aɪ,ˈsilmæ,tʰɔli,kan,taː˧
bark,,ˈr̥ɪskl̩,koˈra,to:lu,ʋɐl̪.kɐ́,tukud,,,,,nāru,,ˈku̯o.ra,kʰɛrkʰi,,,paʈʈe,ʔəkʰaʊʔ,e.kɔʁs,tʼɛpʰ,,puʈkoɾi,,ˈkor.teks,,îːᶢǁʱôːlo,,o:ɖak,paʈʈe,pɵːst,ˈkuori,,,ˈkuori,,meɾto:lə,ketta,ˈlùːbjɛ,,ɾˠuːsˠk,cʰal,,kɛˈʁɛv,əsˈkɔɾ.sə,,,,,naŋ˨˦,,paṭṭa,ˈbɔʁkə,na̠muk͈ʌ̹p̚t͡ɕ͈iɭ,,ruːs,xɔɮtʰəs,li.ħaːʔ,ʒʲɪəˈvʲěː,ˈkɔ.ra,ˈkeːrɛɡ,bund,kollutʃo,bɑs,paṭṭa,to:l,kɐˈra,tūk,ˈkuːra,,,ˈkuːor,,,beɾaɖu,,,ˈkoːr,qɑˈβɯ̞q,ˈpœɹ̥kʊɹ,korˈtettʃa,tʃʰaːl,bʰumi,,ˈkorʲ,sxɔrs,,aʈʈe,,kaˈra,vɔ˧˩,,tʼkʼɛbi,bark,ˈkːuːrʲ,ba.kɔ.li,,ʃuəl,ˈpœr̥kʏr,korˈteθa,bɑːk,ˈkoːri,tʼqʼɛbi,ɖanɖi maɖɖa,plɯa̯k̚˨˩
suck,,,,,,,,,jp´,,,,,tsʼɔvä,,tʃoʃɑ,,soʊʔ,sy.se,litʃigw,sùːkt,,,ˈsuː.ɡoː,,,ˈt͡sit͡sa,,,mækidæn,ˈimeæ,,,ˈimie,ɛˈmːɛc,,,,,sˠuːɟ,,hisap,t͡səˈt͡sɛl,ʃuˈkla,,,ˈtʲo.al,,,ˈmeːʒiːn,,ˈzaʊ̯ɡən,p͈a̠ɭda̠,mækʲiːˈdæn,,xɵxəx,masˁ.sˁa,ˈtʲʃʲʊlʲpʲtʲɪ,ssat͡ɕ,ˈsopik,,,,,,sɐˈsatʲ,,,,θiθ,ˈimːɨ,,,,,,ˈimemɑ,,,,,,,ˈimedɑ,ˈzœy̯.ɣə(n),,,t͡ʃuˈt͡ʃaɾ,smaktat͡sʲ,ʔɓu˧˦,ˈsu.d͡ʒe,ɔtsʼu,,ˈnutsːimɑ,,,,ˈsjuːa,t͡ʃuˈpaɾ,sʌk,ˈimiæ,tsʼuälä,,duːt̚˨˩
yellow,,ˈmɛlɨ̞n,ʒɤlt,mandʒe,,tukud,ɡʉːl,,lẏaṅ,hingeɾi,haladi,,ˈʒɫ̩tiː,qʼvitʰɛli,,,mandʒaɭ,wà,ʒon,qʼwitʰɛl,dzæ̀ltæns,aɾdʒin,,ˈflaː.wus,ˈʒɔu̯tei̯,,,ba:lka,mandʒe,,ˈkeltɑinen,,ʒeɻ,ˈkeltɑni,sɑˈɾɯ,mandʒəla:ngi,mandʒalu,ruˈmɛ́n,,bˠiː,,kuneŋ,dɛˈʁin,ˈɡɾɔk,ˈdɪːlaʊ,,ˈb̥ujə,,,ˈzɛɾ,pasupu,ɡɛlp,ˈno̞ːɾa̠tʰa̠,,,ʃar,ʔasˁ.far,,ˈʐuw.tɨ,ˈʃaːrɡɒ,pu:ʃkun,mandʒə,χɪə̯l,maɲa,piva:ʰd,ˈʐoltɨj,tūk,ˈʒlutiː,,,ˈviːri,,,pasap,,,ˈkolːɑne,hɑˈrɯ̞,ˈkuːlʊɹ,ˈdʒal.lo,piˈla,balke,ˈɪsfɐr,ˈpɑkuine,ɣeːl,ɐ.mɐ.ˈɾɛ.lu,mandʒa,,ˈʐou̯tɨ,vaːŋ˨˩,ˈɡal.ben,säri,ɡuːl,ˈkːɤlːɑnɤ,ɦa.lɔ.dʱia,,ɡie̯l,ˈkʏːlʏr,amaˈɾiʎo,ˈjɛl.əʊ,ˈkɤltɑin,ʔvintʰɛli,pijuda,lɯa̯ŋ˩˩˦
fingernail,,,ˈnɔkət,,n̪ɐ.kʰɐ́,,,kʰáˈɗa.ɓo,,,,,ˈɲɛxt,pʰrtʃχili,t͡sɨᵝme̞,nɔːkʰ,,lɛʔθɛ́,ɔ̃ɡl,tsχä,,,,ˈun.ɡʷis,,úːziːpʰo,nɔkt,,,nɔːxun,ˈkynsi,,,ˈkynsi,,,,ˈnóːxt,,,,kuku,jɛˈʁunɡ,ˈuŋ.ɡlə,,ˈniçi,,,,,,ˈfɪŋɐnaːɡl̩,sʰo̞ntʰo̞p̚,nɒːxon,,xʊms,ðˁufr,,pazˈnɔ.kʲɛt͡ɕ,ˈkørøm,,,,,,ˈnoɡətʲ,,,dɯrˈnɑχ,,ˈkiːɲt̪ʃ,,,,,,ˈkiːs,tɯ̞rˈnɑq,,ˈun.ɡja,,,,ˈkynzʲ,,ˈu.ɲɐ,,,paˈznoɣat͡sʲ,mawŋ͡m˧˦,,butsχä,najl,ˈkːɨːtsː,,,ˈfaŋeʀˌnoːl,nœkl,ˈu.ɲa,ˈfɪŋɡɚˌneɪl,ˈtʃynsi,birtsχä,,lep̚˦˥.mɯː˧
at,,ʊrθ,,,,,poː,,,,,,,zɛ,de̞,,,m̥à,a,ʒi,,,tʰiː˧˧,in,,,vɔ,,,,ˈlːɑ,,,ˈlːɑ,,,,pri,,ə,,di,,a,,ˈston,,,,,,an,,dæɾ,,,ˈʕind̪æ,pɐs,u,,,,,,,vɛ,,u,,ˈnə,ˈjuːsɨ,poː,*la,,,,ˈl,,ʊiː,a,pəɾ,,,ˈl,ɔp,ˈa,,,,,la,,,ˈl,,,,,en,æt,ˈlːɑ,,,tʰiː˥˩
wet,,ɡwlɨːb,,,,,voːt,,,,,,ˈmokriː,svɛli,nɯ̟ᵝɾe̞ɾɯ̟ᵝ,,,sò,mu.je,məʒir,slapʲʃ,,,ˈuː.dus,,,,,,,ˈmærkæ,,lund̪,ˈmærgæ,,,,ˈmòːkər,,fʲlʲʊx,ɡiːlaː,basah,tʰɑt͡sʰ,ˈmɔʎ,,,flux,,,,,nas,,xiːs,,t͡ɕʰiːɡ,,,ˈmɔ.krɨ,ˈnɛdvɛʃ,,,,,,ˈmokrɨj,,ˈmokriː,,,ˈkɑʒːi,,,,,,ˈmærg,jɪ̞ˈwɪ̞ʃ,,baɲˈɲato,ɡiːlaː,,,ˈmærg,nɑt,muˈʎaðu,,,ˈmokrɨ,ʔɨət̚˧˦,ud,ʃu,vɔːd,ˈlikːɤ,ti.ta,,naːs,ˈvɔːtʏr,moˈxado,wɛt,ˈmærtʃæ,ʃɔliri,,pia̯k̚˨˩
split,,,,,,,deːla,,,,,,,qʼɔpʰä,ɰᵝa̠ɾɯ̟ᵝ,,,kʰwɛ́,fɑ̃dʁ,lirdɛ,,,,ˈskin.doː,,,,,,,ˈhɑlkɑistɑ,,,ˈhɑlːɑtɑ,,,,,,,,,,pəɾˈti,,,,,,,,ˈʃpaltn̩,,,,,qa.sa.ma,,ˈd͡ʑɛ.lʲit͡ɕ,ˈhɒʃiːt,,,,,,rəɕːɪˈplʲætʲ,,,,,ˈloːgst̪ɨ,,,,,,ˈlɤhestɑmɑ,,,ˈfɛndere,,,,ˈhɑugoidɑ,,pɐɾ.ˈtiɾ,,,,t͡ɕɛ˧˩,,ɔrtʰu,,ˈlɑhkːi ɑjɑmɑ,pʰal,,,ˈkʰlɔpna,parˈtiɾ,splɪt,ˈhɑlkɤɑ,rtʰuälä,,
ice,,jaː,lɛt,,,,,,dẏkkk,,,ˈjie̯tɲa,ˈʎat,qʼinuli,⟨ko2pori⟩,bɔrɔf,,jèɡɛ́,ɡlas,kʼwärɛm,lædus,,,ˈɡla.ki.eːs,,íːǃʰwa,mras,,,,ˈjæː,,,ˈjæː,ˈbuz,,,ˈléːt,,əiɾʲ,,aes,sɑˈrujt͡sʰ,ˈʒɛl,ˈje.lo,ˈpaɣos,,,,,,aɪ̯s,ʌ̹ɾɯm,jæx,,mos,d͡ʒa.liːd,,lut,ˈjeːɡ,,,ə̟i̯s,,,lʲɵt,,lɛt,,,ˈje̞i,iːs,,,,,ˈjæː,bʊ̞ð,ˈʊiːsʊɹ,ˈɡjat.t͡ʃo,,,θ,ˈjæ,ɛi̯s,ˈʒe.lu,,ˈʃe.ʊ,lʲot,ʔɓaŋ˧˧,,buzi,iːs,ˈijæ,,iːs,æi̯s,iːs,ˈɟ͡ʝelo,aɪs,ˈʝæː,ʔini,,nam˦˥.kʰɛŋ˩˩˦
scratch,,,,,,,,,ʾeḥ,,,,,pʰχätʃʼnä,çik̚ka̠kɯ̟ᵝ,,,koʊʔ,ɡʁa.te,lipʰχäntʃʼwä,,,,ˈskal.poː,,,,,,,ˈrɑːpiɑ,,,ˈkyndʒie,,,,,,,,,kʰɛɾˈtsɛl,,,ˈksino,,,,,,ˈkʀat͡sn̩,kɯk̚t͈a̠,xæɾɒːʃiːˈdæn,,,,,ˈdra.pat͡ɕ,ˈvɒkɒr,,,,,,t͡sɐˈrapətʲ,,,,,ˈkɑsiːɲtʲɨ,,,,,,ˈkrɑːpimɑ,,,,,,,ˈkynstæ,,ko.ˈsa(ɻ),,,ˈdrapat͡sʲ,ɣaːj˦ˀ˥,,ɔʁätsʼkʼu,,ˈkːrɑːpːmɑ,ãsʊɹ,,,,rasˈkaɾ,skɹætʃ,ˈkrɑːpːiɑ,tsχäbäruä,,kaw˧
black,,dɨː,,kaɾtaji,kŕ̩ʂ.ɳɐ,tukud,svart,,k̥ʰmau,kadia,kappu,ˈt͡ʃaːhːpes,ˈt͡ʃi̯er.ni,ʃävi,,,kaɾəppə,nɛʔ,nwaʁ,mɛʃχɛ,mǣlns,kappə,dam˩˨,ˈni.ɡer,ˈt͡ʃɔrnei̯,,,mokʰaɾo,kappə,,ˈmustɑ,,t̪or,ˈmustɑ,kɑˈɾɑ,kaɾtənu ipədə,kappu,ˈtʃə̀rn,ˈdyː,d̪ˠʊvˠ,kaːlaː,hitam,sɛv,ˈnə.ɡɾə,ɪˈtim,ˈmavros,t̪ʊv,,ɗam˨˦,,nalupu,ʃvarts,ˈkɘːmda̠,sijɒːh,,χar̊,ʔas.wad,ˈjûə.dɐs,ˈt͡ʂar.nɨ,ˈfɛkɛtɛ,ma:on,kaɾuppə,,kaɾuppə,kaɾə,ˈt͡ɕɵrnɨj,tūk,ˈt͡ʃɛrniː,ɡɑˈrɑ,zi,ˈmust̪ɑː,,*nak.po,ka:ʈe,,,ˈmust,qɑˈrɑ,ˈsvaɻ̥ʈʊɹ,ˈne.ro,kaːlaː,maɖhaɾo,ˈɪswɛt,ˈmust,zʋɑrt,ˈne.ɡɾu,kaɾtadə,ˈneɣɾʊ,ˈt͡ʂornɨ,ʔɗɛn˧˧,ˈne.ɡru,utʃä,soɐ̯d̥,ˈmusːtː,kola,,,ˈsvar̥tʏr,ˈneɡɾo,blæk,ˈmusːɑ,utʃä,ɖa:ɾiate,dam˧
fruit,,fruːɨ̯θ,plɔt,,pʰɐ́.l̪ɐ,,ˈfrɵkt,t͡ʃiˈpá.t͡so,p̥ʰlaejʰoe,,,,ˈɔvɔt͡si̯ɛ,χili,,pʰɔl,,ʔəθí,fʁɥi,χil,âwɡlis,,,ˈfruːk.tus,,isítʰeːlo,,,,mevæ,ˈhedelmæ,pʁi,,ˈfrukt,,,,ˈsáːdɛʃ,fʁwɛs,ˈt̪ˠɔɾˠə,pʰəl,buah,pəˈtuʁ,,,,,,maːk˧˥,,,fʁʊxt,ˈkwa̠ːiɭ,miːve,meːs,ur,faː.ki.ha,ˈvai̯sʲʊs,ˈɔ.vɔt͡s,ˈɟymølt͡ʃ,,,,,,plot,,ˈovot͡sɛ,mɛjvæ,,ˈviːʎɑ,,*ɕiŋ.tok,,,fʁʊχt,ˈʋili,jɪ̞ˈmɪ̞ʃ,,ˈfru.tːo,pʰəl,,,ˈplod,vrʏxt,ˈfɾu.ta,,ˈfɾojta̝,,kwaː˧˩,,χilä,frɔɡt,ˈvili,,,,ˈauːvœxstʏr,ˈfɾuta,fɹuːt,ˈviʎːɑ,χili,,luːk̚˥˩
bird,quʃ,aˈdɛrɨ̞n,ˈptitsə,paktʃi,ʋí,titə,foːɡəl,ᵐbáˈɽa.me,pk̥sī,minu,hakki,ˈlodːdiː,ˈftaːk,tʃitʼi,⟨to2ri⟩,,paɾaʋai,ŋ̊ɛʔ,wa.zo,næpʼr,,paɾaʋai,nok˦,ˈa.wis,ˈptɑx,íɲoːni,ˈpti.t͡sa,oɖa,,paɾːanˈda,ˈlintu,t͡siˈpoʁ,marˈɣa,ˈlintu,,pikki,pakki,ˈptítʃ,,eːnˠ,,buroŋ,tʰərˈtʃʰun,ˈaw,,puˈli,ian,awˈsɛl,ɣok˧,,pakʂi,ˈfoːɡəl,sʰe̞ː,pʰæɾænˈde,ˈoʒaɡ,ʃʊwʊ,tˁaːʔir,ˈpɒʊk.ʃtʲɪs,ptak,ˈmɒdaːr,tʃok,pakkigaɭ,,pakʂi,piʈʈə,ˈptʲit͡sə,tūk,ptaːk,ɡuʃ,zɔɡ,ˈlind̪,fʉɡl,*bʲa,piʈʈe:ku,,fɔjɡl,ˈlind,qʊ̞ʂ,,uˈt͡ːʃɛlːo,t͡ʃɪ.ɽiː.jɑː,pudʒudu,asˈfuːr,ˈlind,ˈvoːɣəl,ˈpa.sa.ɾu,pakʂi,,,t͡ɕim˧˧,,kʼintʃi,fuːl,ˈtːsːirkː,sɔɹaɪ,,ˈfuʁəl,fʏkl,ˈpaxaɾo,bɜːd,ˈlintu,kʼvintʃä,piʈʈa,nok̚˦˥
back,,,ɡrɤp,,,,rʏɡ,mˈsá.na,k̥ʰnṅ,,,,ˈxr̩baːt,zurgi,,,,t͡ɕɔ́,do,tʃʼätʃʼær,,,laŋ˩˧,ˈdor.sum,,uḿ̩ɬaːné,ɡr̩p,,,puʃt,ˈselkæ,,,ˈselkæ,,,,ˈxərbət,ˈkɛjn,d̪ˠɾˠiːmʲ,,bəlakaŋ,mɛt͡ʃʰkʰ,əsˈkə.nə,,,kʰuːɫ̪,,,,,ˈʁʏkn̩,tɯŋ,pʰoʃt̪ʰ,d̪riːm,,ðˁa.ha.ra,ˈn̪ʊɡɐrɐ,ˈplɛ.t͡sɨ,ˈhaːt,,,rœχ,,,spʲɪˈna,,ˈzaːda,,ʃpiːn,ˈsæːlgɑ,,,,,,ˈselg,ɑrˈqɑ,,ˈskjɛna,piːʈʰ,,,ˈselg,rʏx,ˈkɔs.tas,,ˈlombo̝,ˈsʲpʲina,lɨŋ˧˧,,kʼäpʼulä,,ˈsːælk,pi.tʰi,rɛːx,ʀek,paːk,esˈpal.da,bæk,ˈseltʃæ,ɔtʃʼiʃi,,laŋ˩˩˦
hunt,,,,,,,ˈjɑːˌɡa,,prpāñ´,,,,,nädirɔbä,ka̠ɾɯ̟ᵝ,,,ʔəmɛ́laɪʔ,ʃa.se,litʰχwær,,,,ˈweː.nor,,,,,,,ˈmetsæstæː,,,ˈmetʃːæstyæ,,,,lɔˈʋiːti,,ˈʃɛlʲɪɟ,,,vɔɾˈsɑl,kəˈsa,,,ˈʃaɫ̪ak,,,,,ˈjaːɡən,sʰa̠ɲja̠ŋɦa̠da̠,,,,isˁ.tˁaː.da,mʲɛˈdʲʒʲotʲɪ,pɔˈlɔ.vat͡ɕ,ˈvɒdaːsik,,,,,,ɐˈxotʲɪt͡sə,,ˈlovɪt,,,ˈjɑkt̪ɨ,,,,,,ˈkytːimɑ,,,katˈtʃare,,,,ˈmetsɑtɑ,ˈjaːɣə(n),kɐ.ˈsaɾ,,,palʲaˈvat͡sʲ,san˧˧ ʔɓan˧˦,,äbdʒɔbä,ˈjaːɡə,ˈjɑhtːmɑ,si.kaɹ kɔ.ɹa,,ˈjo.en,ˈveiːða,kaˈθaɾ,hʌnt,ˈpyːtæː,nädiruä,,
white,ɑq,ɡwɨ̞n,bʲal,boltaji,ɕʋɐj.t̪ɐ́,tukud,,,s,pandi,biɭi,ˈvie̯lːkah(t),ˈbi̯ɛli,tʰɛtʰri,⟨siro1si⟩,ʃad̪a,veɭɭə,pʰjù,blɑ̃,tʰɛtʰnɛ,bālts,pelti,,ˈal.bus,ˈbʲilei̯,m̩ɬôːpʰe,,paɳɖɾu,ʋeɭɭe,,ˈʋɑlkoinen,,spin,ˈvɑlgei,ɑk,bəɭɭu,boldu,ˈbéːw,,bˠɑːn̪ˠ,,puteh,əspiˈtɑk,ˈblaŋk,ˈpúˈtɪ,ˈaspro̞s,kʲaɫ̪,,haːu˨˦,ˈspiː,vella,vaɪs,çida̠,seˈfiːd̪,,t͡sʰaɢaŋ,ʔab.jadˁ,ˈbaːltɐs,ˈbʲa.wɨ,ˈfɛɦeːr,pi:un,ʋellə,vət,ʋeɭuppə,tellag,ˈbʲelɨj,vil,ˈbiːliː,,baːɾð,ˈvɑːld̪ɑ,kʋiːt,*tkar.po,telup,,vajs,ˈʋɑlge,ɑq,ˈkvʊiːjtʊɹ,ˈbjaŋko,səfed̪,sada:,ˈɐbjɐt,ˈvɑuged,ʋɪt,ˈbɾɐ̃.ku,boltadə,ˈbɾaŋkʊ,ˈbʲeɫɨ,t͡ɕaŋ˧˦,alb,χtʃɛ,,ˈvɑlkɤ,bɔ.ɡa,vit,væːɪ̯s,ˈxʷiːtʏr,ˈblanko,waɪt,ˈvɑlkeɑ,tʃɛ,telluɖi,kʰaːw˩˩˦
here,,,ˈtuk,,ɐ́t̪.ɽɐ,,hæːr,,neḥ,,,,,äkʰ,⟨ko2ko2⟩,,,,i.si,ämɛtʃu,,,,hik,,,ˈtuka,,,,ˈtæːlːæ,kan,ˈd̪əlt̪a,ˈtæs,,,,ˈtúːkaj,,,,sini,ɑjsˈtɛʁ,əˈki,,,,,,,,hiːɐ,jʌ̹ɡi,iːnˈdʒɒː,,,hu.naː,tʃʲɛ,tu,ˈitː,,,,,,zʲdʲesʲ,,ˈtoto,burɑˈdɑ,,ˈt̪æs,,,,,,ˈsiːn,,,kwa,,,aʊ̯n,ˈtægæ,ɦir,ɐˈki,,,,,aˈit͡ʃʲ,äkʰ,,ˈtːɑn,iat,,hai̯,çɛːr,aˈki,hɪə(ɹ),ˈtæːlːæ,tʰäkʰ,,tʰiː˥˩.niː˥˩
in,,ən,vɤ,,,,iː,,,,,,,ʃi,ɲ̟i,,,m̥à,dɑ̃,sgä,,,naɯ˦˥,in,,,vɔ,,,dær,ˈsːɑ,,,ˈsːɑ,,,,ʋ,,ɪ,,,mɛt͡ʃʰ,ən,sa,en,,,,,,ʔɪn,,dæɾ,,tɔtʰər,fiː,,f,bɒn,,,,,,vɛ,,v,,ˈnə,ˈs,iː,,,,,ˈs,,ʊiː,ˈin,ən.d̪əɾ,,,ˈs,ɪn,ẽj̃,,,,t͡ɕawŋ͡m˧˧,ɨn,,,ˈhn,bʱi.tɔɹ,,,,en,ɪn,ˈsːɑ,,,naj˧
freeze,,,,,,,,,,,,,,gäqʼinvä,,,,,ʒə.le,likʼwrɛmi,,,,ˈɡe.loː,,,,,,,ˈjæːtyæ,,,ˈjiædyø,,,,,,,,,,,,,rˠɔː,,,,,ɡəˈfʁiːʁən,ˈɘːɭda̠,,,,,,zaˈmar.zat͡ɕ,,,,,,,zəmʲɪrˈzatʲ,,ˈzmr̩zˌnɔʊ̯t,,,ˈkilmɨ,,,,,,ˈkylmumɑ,,,dʒeˈlare,d͡ʒəm.nɑː,,,ˈjædudɑ,bəˈvrizə(n),ʒe.ˈla(ɻ),,ʃeˈaɾ,,ʔɗawŋ͡m˧˦ ʔɓaŋ˧˧,,ɔqʼinu,,ˈkːylmæmæ,,,ˈfʀei̯ʀen,ˈfrjouːsa,eˈlaɾ,ˈfɹiːz,ˈʝæːtyæ,ʔinuä,,kʰɛŋ˩˩˦
smell,,,,,,,,,k̥lin,,,,,qʼnɔsvä,ɲ̟io̞i,,,ʔəna̰ɴ,ɔ.dœʁ,likʰwni,,,,ˈo.dor,,,,,,,ˈhɑistɑː,ˈʁe.aχ,buj,ˈhɑiʒuo,koˈku,,,,,,,bau,hɔt,oˈlo,,miɾoˈðʝa,,,,,,ɡəˈʁʊχ,ˈne̞ːmsʰe̞,,,,,,ˈza.pax,ˈsɒɡ,,,,,,ˈzapəx,,ˈvuːɲɛ,ɡɔxu,ɛːɹ,ˈnuːʃkɨ,,,,,,ˈhɑistmɑ,jɪ̞θ,,oˈdo.re,ɡənd̪ʱ,,,ˈmujudɑ,ɣøːr,ˈʃɐj.ɾu,,,pax,muj˨˩,,ɔʃuru,loɡt,ˈhɑisːu tːuntmɑ,,,,lɪxt,,smɛl,ˈhɑisːɑː,ʃuräpʰä,,klin˨˩
hold,,dal,,,,,,,kān´,,,,ˈdr̩ʒac,dätʃʼɛrä,,,,kàɪɴ,tə.niʁ,lirmi,tuɾɛ̂ːt,,tʰɯː˩˨,ˈte.ne.oː,,,,,,,ˈpitæː,,,ˈpityæ,,,,,,ˈkɪn̠ʲə,,,bərˈnɛl,ə.ɡwənˈta,,,kʰuːm,,,,,ˈhaltn̩,tɯɭda̠,,,,,tʊˈɾʲeːtʲɪ,ˈtʂɨ.mat͡ɕ,ˈtɒrt,,,ɦœu,,,dʲɪrˈʐatʲ,,dr̩ʒɛt,tutˈmɑχ,mbaj,ˈpid̪ːɨ,,,,,,ˈhoidmɑ,,,teˈne.re,pə.kəɽ.nɑː,,,ˈpidɑdɑ,ˈɦɑu̯də(n),ˌse.ɡu.ˈɾa(ɹ),,,trɨˈmat͡sʲ,zɨ˦ˀ˥,ˈt͡si.ne,ɔkʰätʃu,,ˈpːitæmæ,,hɔːdə,ˈhaːlen,ˈhalta,aɡwanˈtaɾ,həʊld,ˈpitæː,däkʼinɛbä,,tʰɯː˩˩˦
wing,,ˈadai̯n,kriˈlɔ,,,,ˈvɪŋˌɛ,ˈpʰi.ko,s̥lāp,,,ˈsoɑ̯ɟɟiː,ˈkriːdɫɔ,pʰrtʰä,t͡sɨᵝba̠sa̠,,,ʔətàʊɴ,ɛl,kʼäbərdʒ,spàːɾns,,,ˈaː.la,,íːpʰiːɠo,,,,bɔːl,ˈsiːpi,kaˈnaf,,ˈsiːbi,,,,ˈkrìːlɔ,ˈas.kɛl,ˈʃcɪhɑːn,,,tʰɛv,ˈa.lə,,,,,fɯːt˧,,,ˈflyːɡl̩,na̠ɭɡe̞,bɒːl,ˈskiːən,,d͡ʒa.naːħ,,ˈskʂɨ.dwɔ,ˈsaːrɲ,,,,,,krɨˈlo,,kr̝̊iːdlo,ɡɑˈnɑd,kɾa,ˈt̪iːbɨz,,,,,,ˈtiːb,qɑˈnɑt,ˈvɔŋkʊɹ,ˈala,,,ˈd͡ʒwɪːnɐħ,ˈsuːg,,ˈa.zɐ,,aː,krɨˈɫo,kajŋ̟˧˦,,msvä,,ˈsːiːp,dɛu.ka,,,ˈvaiŋkʏr,ˈala,wɪŋ,ˈsiːpi,suä,,piːk̚˨˩
wife,,ɡuˈrai̯ɡ,ʒɛˈna,,pɐ́t̪.n̪iː,,hɵ̄sːtrʉ̂ː,,p̥rbn̥dʰ,,,,,tsɔli,t͡sɨᵝma̠,,,məjá,fam,χɛχw,sīɛ̄va,,mia˦˥,ˈuk.sor,druˈʐɪnɑ,,ˈʒɛna,,,,ˈʋɑimo,(ʔ)iˈʃa,ʂəˈd͡za,ˈɑkːɑ,,,,ˈʒɛ̀ːna,ˈɡwʁɛːk,bʲanˠ,,,kin,ˈdɔ.nə,,,,ˈfenno,,,,,a̠ne̞,,,,zawd͡ʒa,,ˈʐɔ.na,ˈɒsːoɲ,,,,,,ʐɨˈna,,ˈmanʒɛlka,,ˈɡɾua,ˈnɑi,,*skʲe.dman,,istri,,ˈnɑine,qɑˈtɯ̞n,,ˈspɔ.za,,,,ˈɑk,vrɑu̯,es.ˈpo.za,,esˈposa̝,ˈʐonka,vəː˧˨ʔ,,ɔχɔrdʒä,,ˈnɑːnɤ,ɡʱoɪ.ni,,,ˈeiːjɪn.kʰɔːna,esˈposa,waɪf,ˈnɑin,ɔsuri,,pʰa˦˥.ri˦˥.jaː˧
foot,,troːɨ̯d,stəˈpalo,ka:lə,pɐ́d̪,pa:dam,fuːt,ˈpʰa.zí,joeṅ,pa:dami,aḍi,,ˈnɔɦa,tʼɛrpʰi,a̠ɕi,,aɖi,t͡ɕʰè/,pje,lägæäm,,ko:l,,peːs,,úːɲaːwo,,kʰeɖ,anga:lə,pɔːj,ˈjɑlkɑ,ˈʁɛɡɛl,,ˈjɑlkɑ,ɑˈjɑk,ka:lə,ka:lə,stɔˈpàːlɔ,,kɔsˠ,,kaki,vɔtkʰ,ˈpɛw,,ˈpoði,kʰas,pɛ,tin˨˦,ˈpiː,aɖugu,fuːs,pa̠ɭ,pɒː,,,ra.d͡ʒi.la,,ˈstɔ.pa,ˈlaːb,nat,tapaɖ,,aṭi,ka:l,nɐˈɡa,tūk,ˈnoɦa,ɑˈjɑχ,kəm.bə,ˈlɑbɑː,fuːt,,aɖugu,,fʊs,ˈjɑlg,,ˈfɔuːtʊɹ,ˈpjɛde,pɛːɾ,ɾaɖadu,,ˈjoug,vut,ˈpɛ,anga:l,ˈpɛ,naˈɣa,ʔɓaːn˨˩ t͡ɕən˧˧,piˈt͡ʃjor,tʼäbu,foːd,ˈjɑlk,,,fou̯s,,pje,fʊt,ˈʝɑlkɑ,närtʃäkʼutʃχi,dʒeʈʈa,tʰaːw˦˥
liver,,ˈavɨ̞,ˈtʃɛrɛn drɔp,tombe,jɐ́.kr̩t̪,taɖing,,t͡ʃíˈw⁽ᵝ⁾i.ⁿdi,t̥ʰloem,,hīri,,ˈpɛtʃɛɲ,ʁvidzli,kã̠nd͡zo̞ː,,i:ɾaɭ,ʔəθɛ́,fwa,qʼwiʒɛ,aknas,kuɖa:l,tap˦˥,ˈje.kur,,ísiɓîːndi,ˈd͡ʒiɡɛr,umbalkʰo,,dʒiɡær,ˈmɑksɑ,,,ˈmɑksɑ,kaɾadʒiːeɾ,tədlə,mannə,ˈjèːtra,ˈɑːvy,eː,,hati,ljɑɾtʰ,ˈfe.d͡ʒə,,,,,tap˥,,ka:lejamu,ˈleːbɐ,ka̠nd͡ʑa̠ŋ,dʒeɡæɾ,eːn,iɮəɡ,kab.ba.da,,vɔnˈtrɔ.ba,ˈmaːj,dʒagaɾ,i:ru,,īral,taɾki,ˈpʲet͡ɕɪnʲ,taruṅg,ˈjaːtra,,,ˈmɑksɑː,ˈleːʋɛr,,ka:dʒam,ha.ti,,ˈmɑks,bɑˈwɯ̞r,ˈliːvʊɹ,ˈfeɡato,,tʃedɾo,,ˈmɑks,ˈleːvər,ˈfi.ɡɐ.du,tombe,,ˈpʲet͡ʂanʲ,ɣaːn˧˧,,dʒigɛri,leːvər,ˈmɑsːsː,,,ˈliəvɐ,ˈlɪːvʏr,ˈiɡado,lɪvə(ɹ),ˈmɑksɑ,tʃχɔntʃχi,kaleja,tap̚˨˩
swim,,ˈnɔvjɔ,,maɳa,,tukud,,,hael,,i:dʒo,ˈvuo̯ɟɟah(t),ˈpɫaːvac,tsurvä,ɡ,,neentə,jèkú,na.ʒe,likʰni,pɛ̄ldɛ̂ːt,ni:tʃal,,ˈna.toː,,,,o:gna,ni:ndə,,ˈuidɑ,,lɑmbəl,ˈuijɑ,,ni:nɖʒu,mi:ndaɾa,ˈplaːʋati,,sˠn̪ˠɑːvˠ,,,lɔˈʁɑl,nəˈda,,,,,,,i:du,ˈʃvɪmən,sʰujʌ̹ŋɦa̠da̠,,,seɮəx,,ˈpɫɒʊ̯ˑkʲtʲɪ,ˈpwɨ.vat͡ɕ,ˈuːsik,beʂoling,ni:tʃal,,neentuga,pohem,ˈplavətʲ,tūk,ˈplavat,,nɔˈtɔj,ˈvʊigɨ,²sʏmjɑ,,i:ta,,,ˈujumɑ,,,nwoˈtare,,ho:gpo,,ˈujudɑ,ˈzʋɛ.mə(n),nɐˈðaɾ,mi:ɾodu,,,ʔɓəːj˧˧,,ɔntʃviru,svœmə,ˈoitmɑ,,ˈsvɪm.mə,ˈʃwɑmən,ˈsɪnta,naˈdaɾ,swɪm,ˈuʝuɑ,ntʃuruä,po:nim,waːj˥˩.naːm˦˥
two,iˈkːi,daɨ̯,,iɾandə,,iɾuɖu,tvoː,,bīr,rinɖa,jeɾaɖu,ˈku̯okːte,ˈdva.ja,ɔri,ɲ̟i,,ɾenɖə,n̥ɪʔ,dø,jɔri,,e:ɖə,sɔːŋ˩˧,ˈdu.o,ˈdʋɑ,,,i:rəb,eɾaɖə,,ˈkɑksi,,dwa,ˈkɑksi,iki,əddu,ɾaɖɖu,ˈdʋáː,,d̪ˠoː,,duə,jɛɾˈku,ˈdos,da.laˈwa,ˈðiˌo̞,,,ŋei˧,,ɾeɳɖu,t͡svaɪ̯,tuːɭ,duː,d̪eː,xɔjər,(ʔi)θnaːn,,dva,ˈkɛtːøː,iɾat,eɖu,tvɪə̯,ɾendə,ɾeɳɖu,dva,ir(ḍu),dva,iki,dy,ˈkɑkʃ,,*gȵis,ɾeɳɖ,,tsvɛj,ˈkɑks,iˈkɪ̞,,ˈdu.e,,pa:nɖa,,ˈkɑks,tʋeː,ˈdojʃ,daɳɖə,,dva,haːj˧˧,doj,ʒur,toː,ˈkːɑtːsː,dui,,t͡sweː,tʰveiːr,dos,tuː,ˈkɑhsi,ʒiri,duɖə,sɔːŋ˩˩˦
dry,,sɨːχ,,unaku,ɕúʂ.kɐ,tukud,,,s̥ṅuat,,battida,,ˈsuxiː,mʃräli,ka̠ɰᵝa̠kɯ̟ᵝ,,ularnta,t͡ɕʰaʊʔ,sɛk,pʰikʼwi,sàws,oɳikisi,,ˈsik.kus,,,,kʰajka,oɳikiladə,,ˈkuiʋɑ,,,ˈkuivɑ,,ajngənu ipədə,nunguduna,ˈsúːx,ˈsɛːχ,ˈtʲɪɾʲəmʲ,suːkʰa,,t͡ʃʰoɾ,əˈʃut,,,ˈtʃʰiɾəm,,ɣeːŋ˦˨,,eɳɖu,ˈtʁɔkən,ma̠ɾɯda̠,xoʃk,,,d͡ʒaːff,,ˈsu.xɨ,ˈsaːrɒz,ba:ɾun,kanʈiko,,varaṇṭa,ʋaʈʈa,sʊˈxoj,tūk,ˈsuxiː,,,ˈkuːjɑ,,*skam.po,aɾta:d,,,ˈkuiʋ,qʊ̞ˈrʊ̞,,ˈsekko,suː.kʰɑː,a:ika:,,ˈkuiv,droːx,ˈse.ku,oɳangina,,suˈxʲi,xo˧˧,usˈkat,χɔmulä,tœːr,ˈkːuiv,xu.kan,,ˈdʀeχen,θʏrː,ˈseko,dɹaɪ,ˈkuivɑ,skʰiru,a:tiɾ,hɛːŋ˥˩
vomit,,,,,,,,,k̥ʾuat,,,,,rtsʼqʼɛvä,,,,ʔàɴ,vɔ.miʁ,litʼχunɛ,,,,ˈwo.moː,,,ˈpɔvraca,,,,ˈoksentɑː,,,ˈoksenduɑ,,,,,,ˈaʃɪɟ,,muntah,,vo.miˈta,,,,,,,,ˌyːbɐˈɡeːbən,ke̞uda̠,,,,ta.qaj.ja.ʔa,,vɨ.mʲɔˈtɔ.vat͡ɕ,ˈhaːɲ,,,,,,blʲɪˈvatʲ,,,ɡusˈmɑχ,,ˈoksnɨ,,,,,,ˈoksendɑmɑ,,,vomiˈtare,,,,ˈoksetɑ,,vu.mi.ˈtaɾ,,,,non˧˧,,ɔntʰχɔru,,ˈosːsːɤntɑmɑ,bɔ.mi kɔ.ɹa,,ˈkɑtsən,ˈaiːla,,ˈvɒmɪt,ˈɤhsɤnɤɑ,rtsʼqʼiälä,,ʔaː˧.t͡ɕia̯n˧
there,,ˈəna,,,,,dɛːr,,,,,ˈtoppe,ˈtam,ikʰ,,,,hòm̥à,la,ɛtʃɛtʃu,tùɾ,,nan˥˦,ˈi.bi,ˈtɑm,,ˈtamu,,,,ˈtuolːɑ,,ˈhalta,ˈsielæ,,,,ˈtám,,ənʲˈʃɪnʲ,,,ɑjnˈtɛʁ,əˈʎa,,e̞ˈci,,,,,,dɔrt,kʌ̹ɡi,ɒːnˈdʒɒː,,,hu.naː.ka,,tam,ˈotː,,,dɑːr,,,tam,,tam,,,ˈsæːl,,,,,,ˈseɑl,unˈdɑ,,,,,ɛːmː,ˈsigæ,daːr,ɐ.ˈi,,,,,aˈko.lo,ɛkʰ,dar,ˈsːæːl,tat,,do,ˈθartna,aˈʎi,ðɛə(ɹ),ˈsiːnæ,tʰɛkʰ,,tʰiː˥˩.nan˥˩
bone,,,kɔst,mu:ɭe,ɐ́s̪.t̪ʰi,tukud,ˈbeːn,ˈfú.pa,c̥ʰʾẏṅ,,jelubu,ˈtaːkːtiː,ˈkɔsc,dzväli,pone,,elumbə,ʔəjó,ɔs,dʒidʒw,,elf,,oːs,,îːtʰâːmbo,,kʰotʃol,ilə,ustuxɔːn,ˈluː,ˈʕɛsˀɛm,,ˈluː,ceˈmic,jaləʋə,ellə,ˈkóːst,ˈas.kɔrn,knɑːvʲ,,tulaŋ,vɔsˈkɔɾ,ˈɔs,,o̞ˈsto̞,,ˈɔs,,,jemuka,ˈknɔχn,,ostoxɒn,kreːw,,ʕaðˁm,ˈkä̂ˑʊ̯ɫɐs̪,kɔɕt͡ɕ,ˈt͡ʃont,aɖɖə,jeluʋə,,ellə,bokka,kosʲtʲ,būla,kost,syˈmyk,,ˈluː,bæɪn,,bu:la:,,,ˈluː,hʏ̞.ˈjæk,bain,ˈɔsso,ɦəɖ.ɖiː,o:tʃuldi:,ˈaˁːdmɐ,ˈlu,beːn,ˈo.su,mu:ɭe,ˈɔso̝,kosʲt͡sʲ,sɨəŋ˧˧,os,qʼvili,knɔɡlə,ˈluː,,,ʃɑŋk,ˈpeiːn,ˈweso,boʊn,ˈluː,dzväli,bokka,kra˨˩.duːk̚˨˩
spit,,,,,,,,,,,,,ˈpʎuc,pʰurtʰχɛbä,t͡sɨᵝba̠,,,tʰwé,kʁa.ʃe,litʼbənɛ,spʎāwt,,,ˈspu.oː,,,ˈpɫuka,,,,ˈsylkeæ,,,ˈsylgie,,,,,,,,ludah,tʰəˈkʰɛl,,,ˈfti.nɔ,,,,,,ˈʃpʊkŋ̩,,,,,ba.sˁa.qa,,plut͡ɕ,ˈkøp,,,,,,plʲɪˈvatʲ,,ˈplɪvnou̯t,,,ˈsiʎgɨ,,,,,,ˈsylitɑmɑ,,,spuˈtare,t̪ʰuːk.nɑː,,,ˈsylʲktɑ,,kuʃ.ˈpiɾ,,kusˈpiɾ,,ɲo˧˩,,ntʃʼkʼväläpʰä,spøtɘ,ˈsːylkæmæ,tʰu pɛ.lʊa,,,ˈr̥aiːca,eskuˈpiɾ,spɪt,ˈsylːetæ,pʰurtʼinuä,,
three,yt͡ʃ,triː,,,t̪ɽí,,treː,,pī,,,ˈkolːpma,ˈtri,sämi,*/sam,,,θóʊɴ,tʁwɑ,sɛmi,trîːs,,saːm˩˧,treːs,trɪ,,,,,,ˈkolme,,d̪re,ˈkolme,,,,ˈtríːjɛ,,tʲɾʲiː,,tiɡə,jɛˈɾɛkʰ,ˈtɾəs,tatˈlɔ,ˈtri.a,,tres,θaːm˨˦,,,dʁaɪ̯,sʰe̞ːt̚,,t̪riː,ɢʊrəw,θa.laː.θa,,tʂɨ,ˈhaːrom,,,,,,trʲi,,tr̝ɪ,ʏtʃ,tɾɛ,ˈkuolm,,*ksum,,ti.ɡa,dʁaj,ˈkolm,ʏ̞s,trʊdʒɪr,tre,t̪in,,,ˈkuːme,dri,ˈtɾeʃ,,,,ʔɓaː˧˧,trej,sum,,ˈkːolm,tini,,dʀæi̯,θriːr,tɾes,θɹiː,ˈkɤlmɤd,sumi,,saːm˩˩˦
husband,,ɡuːr,ˈmɤʃ,,,,ˈmɑːˌkɛ,,p̥ṭī,,,ˈpoɑ̯dːɲiː,,kʰmäri,o̞t̚to̞,sami,,lɪ̀ɴ,ma.ʁi,tʃʼæʃ,vīːɾs,,pʰua˩˨,maˈriː.tus,t͡ʃɔlɔˈu̯ʲik,uḿ̩jeːni,maʃ,,,,ˈmies,,,ˈmies,kɔˈd͡ʒɑ,,,ˈmóːʃ,ˈɡwaː,fʲaɾˠ,,suami,ɑmuˈsin,məˈɾit,,,,,po˧,,,,na̠mpʰjʌ̹n,ʃoʊˈhæɾ,,,zawd͡ʒ,ˈʋʲiːrɐs,mɔŋʂ,ˈfeːrʝ,,,,,,muʂ,,ˈmanʒɛl,æɾ,bur,ˈmiːe̞z,,,,,,ˈmeːs,irĕ,ˈmɛaːvʊɹ,maˈri.to,,,ˈraːdʒɛl,ˈmezʲ,mɑn,ma.ˈɾi.du,,,muʂ,t͡ɕəwŋ͡m˨˩,sots,kʰɔmɔli,mæn,ˈmiːsː,ɡi.ɹi,,mɑn,ˈeiːjɪn.maːðʏr,maˈɾido,ˈhʌzbənd,ˈmeːz,kʰɔmɔndʒi,,saː˩˩˦.miː˧
kill,,ɬaːð,oˈbivəm,kollə,ɦɐ́n̪.t̪i,tukud,ˈdøːda,,sm̥lāp´,,kollu,ˈkodːdiːh(t),ˈzabic,kʼvlä,ko̞ɾo̞sɨᵝ,,kollə,θaʔ,ty.e,lidgæri,nâːvɛ̂ːt,keɖukisti,kʰaː˨˩,ˈok.ki.doː,,,ˈubiva,eɖabna,koppə,kuʃtæn,ˈtɑpːɑː,,,ˈtɑpːuɑ,,kenga:ɭ,keɾijaɾa,uˈbìːti,,ˈmˠaɾˠə,marna,məmbunoh,spɑˈnɛl,məˈta,,skoˈtono,maɾav,,,,tʃampu,ˈtøːtən,t͡ɕuɡida̠,kʰoʃˈt̪ʰæn,,,qa.ta.la,,zaˈbʲi.jat͡ɕ,ˈøl,kasfing,ta:ʋiɾ,,kolluga,haʋka,ʊbʲɪˈvatʲ,tūk,ˈzabiːt,œldyrˈmæk,,ˈt̪ɑpːɨ,,*ksot,aʋaka:,məmbunʊh,ˈtɛjtn̩,ˈtɑpmɑ,,,utˈt͡ʃi.de.re,mɑːɾ‿ɖɑːl.nɑː,badʒpo,ˈʔaːtɛl,ˈriktɑ,ˈdoːdə(n),ma.ˈta(ʁ),kollə,,,ziət̚˧˦,omoˈrɨ,ɔqʼvilu,,ˈtːɑpːmɑ,,,,ˈtrɛːpa,maˈtaɾ,kɪl,ˈtɑpːɑː,ʔviluä,alangʈa:n,kʰaː˥˩
tree,,ˈkɔɨ̯dɛn,dərˈvɔ,maɾa,,tukud,,mˈté.ᵑɡo,ṭoemjʰoe,paʈa,mara,ˈmuo̯rra,strɔm,χɛ,kɨ,ɡɑs,maɾam,θɪʔpɪ̀ɴ,aʁbʁ,mɛgɛm,kùoks,me:n,ton˥˧ mai˥˧,ˈar.bor,,úmuːtʰí,,mann,moɾa,,ˈpuː,et͡s,ˈwəna,ˈpuː,a.át͡ʃ,meɾi,maɾa,drɛˈʋóː,ɡwe,kɾˠaun̪ˠ,,pokokʔ,t͡sɑr,ˈa.bɾə,,ˈðe̞n.dro̞,,,fai˦˨,,tʃeʈʈu,baʊ̯m,na̠mu,deˈɾæxtʰ,ˈbilʲə,,,ˈmʲæːdʲɪs,ˈdʐɛ.vɔ,ˈfɒ,dɾahkʰt,maɾam,bʊəm,maɾam,maɾa,ˈdʲerʲɪvə,meri,strom,ɑˈɣɑd͡ʒ,,ˈpuː,,*ɕiŋ,ma:ɾa,po.hon,bɔjm,ˈpuː,ɑˈʁɑs,tɹɛaː,ˈal.be.ro,,bʰumi,ˈsɪdʒrɐ,ˈpu,boːm,ˈaɾ.vu.ɾɨ,maɾa,,ˈdreva,kəj˧˧,ˈarbore,ndʒä,trɛː,ˈpːuː,ɡɔs,bɪə̯m,baːm,tʰrjɛː,ˈarbol,tɹiː,ˈpuː,dʒä,ma:k,ton˥˩.maːj˦˥
with,,a,sɤ,,,,meː(d),,,,,,s,tʰän,to̞,ˈʃɔŋɡe,,n̥ɪ̰ɴ,a.vɛk,tsäχæn,,,,kum,z,,,,,bɔː,ˈkɑnsːɑ,am,,ˈkerɑlː,dolajɯˈsijla,,,s,,lʲɛ,,də.ŋan,hɛt,əmb,,me̞,,,,,,mɪt,wa̠,bɒː,,,ma.ʕa,sʊ,s,vɒl,,,,,,s,,s,iˈlæ,mɛ,ˈiːɲɨz,meː,,,də.ŋan,,ˈkoːs,,viː,kon,sɑːt̪ʰ,,,ˈyhtes,mɛt,kõ,,ko̝ŋ,,vəːj˧˦,ku,kʼälä,mɛd,ˈytːen,xoɪ.tɛ,,mɑt,,kon,wɪð,ˈkɑːsɑ,tsʼkʼɛlä,,kap̚˨˩
skin,,kroːɨ̯n,ˈkɔʒə,to:lu,,tal,hʉːd,ˈkʰu.ᵑɡú,s̥paek,,togalu,ˈlijːkiː,ˈkɔʒa,kʼäni,,,to:lə,ʔəjè,po,kʼæn,âːda,tu:ɾs,,ˈku.tis,,isíkʰuːmba,,tʃapʈa,to:lə,pɵːst,ˈiho,ɔʁ,,ˈnɑhkɑ,,to:lə,tʃeɾma,ˈkòːʒa,ˈkʁoːχɛn,ˈkɾˠacən̪ˠ,t̪ʋətʃaː,kulet,mɑʃk,ˈpeʎ,ba.ˈlat,ˈðɛɾma,,pɛl,naŋ˨˦,ˈt͡ʃɛɾm,to:lu,haʊt,sʰa̠ɭɡa̠t̚,poːst,ˈkraːɣən,arʲs,d͡ʒild,ˈôːd̪ɐ,ˈsku.ra,ˈbøːr,sil,to:lu,,toli,to:l,ˈkoʐə,tōl,ˈkuːʒɛ,dæˈri,ləkuɹə,ˈnoːgɨ,,,to:l,,heɪt,ˈnɑhk,tʲi.ˈrɪ̞,,ˈpɛlle,t̪ʋə.t͡ʃɑː,tʃa:na,ˈdʒɪldɐ,ˈnɑhk,ɦœy̯t,ˈpɛ.lɨ,to:lə,,ˈskura,zaː˧˧,ˈpjele,tʼkʼɛbi,,ˈnɑhkː,sal,,hæu̯t,huːð,,skɪn,ˈiho,tʼqʼɛbi,to:l,pʰiw˩˩˦.naŋ˩˩˦
belly,,,koˈrɛm,baiɾu,,pudug,²mɑːɡɛ,ˈmí.ᵐba,k̥rbḥ,banɖi,hoṭṭe,,ˈbruxɔ,mutsɛli,wi,,vayiṟu,baɪʔ,vɑ̃tʁ,qʰæd,,piɾ,,abˈdoː.men,,isíːsu,mɛf,ku:l,oʈʈe,ʃikæm,ˈmɑhɑ,,nas,ˈvɑtʃːɑ,,poʈʈi,bandʒi,ˈtrèːbux,ˈkofː,ˈbˠɔlˠəɡ,,pərot,pʰɔɾ,ˈbuk,,,,,,,poʈʈa,baʊ̯x,pe̞,ʃeˈkʲæm,,,ba.tˁa.na,,bʐux,ˈhɒʃ,peɖʰ,naɖpe:ʈgu,,ʋajaɾə,pi:ɾ,ʐɨˈvot,poṭṭa,ˈbr̝ɪxo,,,ˈmɑg,,,ɖokka,,bɔɪχ,ˈkɤht,,,ˈpan.t͡ʃa,peːʈ,puɖa:,zɐʔ,ˈvɑts,bœy̯k,bɐ.ˈʁi.ɡɐ,poʈʈe,banˈduʎo̝,,ʔɓʊwŋ͡m˧˨ʔ,,kʰɔrbä,,ˈkːɤtːtː,pɛt,,,ˈmaːjɪ,bäˈriɣä,bɛli,ˈvɑtsːɑ,kʰɔrä,ʈeʈʈe,tʰɔːŋ˦˥
tooth,t͡ʃiʃ,dant,zɤp,pallu,d̪ɐ́n̪.t̪ɐ,pa:lkill,ˈtand,ˈd͡zí.no,d̥ʰmeñ,palu,hallu,,ˈzup,kʼbili,ha̠,d̪ɑt̪,pallə,θwá,dɑ̃,ʃdikʰ,zùops,paɾse,kʰɛːw˨˩,dens,,îːzîːɲo,,pall,hallə,dændɔːn,ˈhɑmːɑs,,ɣɑʂ,ˈhɑmːɑs,diʃ,pallə,ku:li,ˈzóːp,,ˈfʲiəkəlʲ,d̪ãt̪,ɡiɡi,ɑˈtɑm,ˈdent,,ˈðɔndi,,,heːu˥,,pannu,t͡saːn,i,dændɒːn,,ʃud,san.na,,zɔmp,ˈfoɡ,danda:n,pal,,pallə,pal,zup,pel,zup,diʃ,,ˈɑːmbɑz,tɑnː,*so,palk,ɡi.ɡi,tsɔn,ˈhɑmːɑs,tɪ̞ʃ,tʰɔnː,ˈdɛnte,d̪ɑ̃ːt̪,pa:ldu,ˈsɪnːɐ,ˈhɑmbɑz,tɑnt,ˈdẽ.tɨ,pallə,,,zaŋ˧˧,ˈdinte,kʼibiri,tan,ˈhɑmːɑsː,dãt,,,tʰœnː,ˈdjente,tuːθ,ˈɑmːɑz,kʼibiri,palku,fan˧
cut,,ˈtɔrɪ,,,,,ˈɧæːˌra,,kāt´,,,,ˈrɛzac,tʃʼrä,kʲiɾɯ̟ᵝ,kɑʈɑ,,kaɪʔ,ku.pe,likʰtʃɛ,ɡrīɛ̄st,,,ˈin.se.koː,,,,,,,ˈleikɑtɑ,,,ˈleikɑtɑ,cesmec,,,rézati,,ɟaːɾˠ,,,kətˈɾɛl,təˈʎa,,,kʲaːrˠ,,,,,,k͈ɯntʰa̠,boɾiːˈdæn,,,,,t͡ɕɔɲt͡ɕ,ˈvaːɡ,,,,,,ˈrʲezətʲ,,ˈr̝ɛzat,kæsˈmæk,,ˈiːe̞d̪ɨ,,,,,,ˈlɤikɑmɑ,,,taʎˈʎare,kɑːʈ.nɑː,,,ˈtʃɑptɑ,ˈsnɛi̯də(n),kuɾˈtaɾ,,,,kat̚˧˦,,ɔtʃʼkʼiru,skɛːrə,ˈlɤikːɑmɑ,kɔ.ta,,,ˈscɛːra,,kʌt,ˈlɤikɑtɑ,tʃʼkʼiruä,,tat̚˨˩
new,,ˈnɛu̯ɨ̞ð,nɔf,pudijai,n̪ɐ.ʋɐ,nia,ny,,t̥ʰmī,puni,hosadu,ˈoðas,ˈnɔviː,äχäli,arataɕiki,nɔt̪un,pudusə,θɪʔ,nu.vo,mäχɛ,jaûns,pudu:n,mai˧˧,ˈno.wus,,,,pu:na,ostə,,ˈuːsi,χaˈdaʃ,ˈnəwai,ˈuːsi,,pəjjmən,posatta,ˈnɔ́w,ˈne.ve,n̪ˠuə,n̪əjaː,baru,nɔɾ,ˈnɔw,,ˈne̞o̞s,uːɾ,,mo˧˥,ˈnuː,kotta,nɔʏ̯,sʰe̞ɾo̞p̚t͈a̠,,,ʃin,d͡ʒa.diːd,,ˈnɔ.vɨ,ˈuːj,pu:skun,pudijadə,,pudija,puna,ˈnovɨj,pun,ˈnoviː,jeˈni,ɾi,ˈuːʒ,,*ksar.pa,kottad,,,ˈuːs,jɑ.ˈŋɯ̞,nʊt͡ʃːʊɹ,ˈnwɔ.vo,nə.jɑː,pu:na,dʒdiːt,ˈuzʲ,niu̯,ˈno.vu,pudija,ˈnɔ.βʊ,,məːj˧˦,now,äʁäni,nyː,ˈvɑhtːsːɤnɤ,,nɛi̯,nɑɪ̯,niːr,ˈnwebo,njuː,ˈuːsi,äχäli,kota,maj˨˩
fall,,ˈsərθjɔ,ˈpad̪əm,,pɐ́.t̪ɐ.t̪i,,falːa,,d̥ʰlāk´,,,,,dätsɛmä,ot͡su,ˈpɔɽa,,t͡ɕa̰,tɔ̃.be,liwɛχ,,,,ˈka.doː,ˈpadatɪ,,,,,,ˈpudotɑ,,,ˈkirvotɑ,,,,ˈpaːsti,,tʲɪtʲ,ɡɪrˈna,,əŋkˈnɛl,ˈkaw.ɾə,,,t̪uʰtʲ,,,ˈkɛtɯn,,ˈfaln̩,nʌ̹mʌ̹d͡ʑida̠,oftʰɒːˈdæn,,ʊnəx,wa.qa.ʕa,,ˈspa.dat͡ɕ,ˈɛʃik,,,fal,,,ˈpadətʲ,,ˈpadat,dyʃˈmæk,ˈbiɛ,ˈsɑd̪ːɨ,,,,,,ˈkukːumɑ,,fatl,kaˈdere,ɡɪɾ.nɑː,,,ˈkirbotɑ,ˈvɑlə(n),kɐˈiɾ,,,,ŋaː˦ˀ˥,kəˈde̯a,gɛntʰχinu,,ˈsːɑtɑmɑ,pɔ.ɹa,,,ˈfatla,kaˈeɾ,fɔːl,ˈlɑngɤtɑ,dɔntʰχäpʰä,,tok̚˨˩
feather,,plɨː,,to:pəʈa:,,tukud,,ˈⁿtʰe.ᵑɡa,s̥lāp,,gari,,,bumbuli,ha̠ne̞,,ɾekke,ʔətàʊɴ,plym,pʼintʼqʼil,spālva,iɾakke,,ˈpluː.ma,peˈrɔ,úːpʰaːpʰé,,pentʃo,ɾakke,pær,ˈsulkɑ,,,ˈsulgɑ,tyj,tiʋija,huʋi,pɛˈróː,,ˈclʲɛtʲə,,,pʰɛˈtuɾ,,,,,,,,i:ka,ˈfeːdəʁ,kit̚,por,,,,,ˈpʲu.rɔ,ˈtolː,paɾɾɛ,ɾe:kə,,tu:ʋalə,buɾa,pʲɪˈro,tūk,ˈpɛːro,,,ˈt̪uːrgɨz,fjøːr,,geɾk,,,ˈsulg,qɑ.wɯ̞r.ˈhɯ̞n,ˈfjøːvʊɹ,ˈpjuma,,paki:,ˈriːʃ,ˈhøuneh,veːr,,topaʈa,ˈplumɐ,,ləwŋ͡m˧˧ vu˦ˀ˥,fulɡ,bundʁä,fjeːr,ˈsːulk,pakʰi,,ˈfie̯deʀ,fjœːðʏr,ˈpluma,ˈfɛð.ə(ɹ),ˈsulkɑ,burdʁä,bull,kʰon˩˩˦.nok̚˦˥
push,,,,,,,²ɧʉːta,,ruñ,,,,ˈtɫat͡ʃic,mitsʼɛvä,,,,tʊ́ɴ,pu.se,likʰχɛ,,,,ˈpel.loː,,,,,,,ˈtyøntæː,,,ˈtungie,itmec,,,,,,,to.laʔ,həˈɾɛl,əmˈpə.ɲə,,,,,,,,ˈdʁʏkŋ̩,miɭda̠,,,tuɮxəx,,,pxat͡ɕ,ˈtol,,,,,,tɐlˈkatʲ,,ˈtlat͡ʃɪt,,,ˈlikːɨ,,,,doroŋ,,ˈtɤukɑmɑ,,,ˈspindʒere,d̪ʱə.keːl.nɑː,,,ˈtunktɑ,ˈdyu̯ə(n),ẽ.pu.ˈʁaɾ,,,,so˧˧,,mɛkʼäntʃʼinu,skɔbɘ,ˈtːoukːɑmɑ,,ˈtrjoːə,,ˈr̥ɪnta,empuˈxaɾ,pʊʃ,ˈtɤukːɑː,ɛkʼɔkʼinä,,dan˧
thick,,teːu̯,dɛˈbɛl,,,,ɕɔk,,juk,,,,ˈtɫ̩stiː,skʰɛli,,,,tʰù,e.pɛ,sgɛl,,,,ˈkras.sus,,,,,,,ˈpɑksu,,ɖaˈbəl,ˈpɑksu,,,,ˈdɛ̀ːbɛw,,tʲuː,,,hɑst,,,,tʰʲu,,,,,dɪk,tuk͈ʌ̹p̚t͈a̠,,,t͡sʊt͡saŋ,sa.miːk,,ˈɡru.bɨ,ˈvɒʃtɒɡ,,,,,,ˈtolstɨj,,ˈtlustiː,,,ˈjɑmd̪i,çʊkː,,,,,ˈpɑks,qɑˈɫɯ̞n,t͡ʃʰʏʰkːʊɹ,ˈspes.so,,,,ˈpɑks,dɪk,iʃ.ˈpe.su,,,ˈtou̯stɨ,zaj˨˩,ɡros,pʼɛdʒi,tyk,ˈpːɑkːsː,,,,ˈθjɛhtʏr,ˈɡɾweso,θɪk,ˈpɑksu,ʃχu,,naː˩˩˦
earth,,,zɛˈmʲa,,,tukud,juːɖ,,,bʰumi,maɳɳu,,ˈzɛm,mitsʼä,d͡ʑi,,mannə,mjè,tɛʁ,gim,zɛmɛ,koɖə,,ˈter.ra,zeˈmlʲɑ,ínɬaɓâːtʰi,,kʰekʰel,,,ˈmɑː,adaˈma,,ˈmuɑ,topˈɾɑk,bu:mi,mannə,ˈzɛ̀ːmlja,,,,bumi,hɔʁ,ˈtɛ.rə,ˈlu.paʔ,,,,,,mannu,ˈeːɐ̯də,xɯk̚,,,xors,tur.ba,ˈʒʲæːmʲeː,ˈʑɛ.mʲa,ˈtɒlɒj,ɖaga:ɾ,bʰulo:gam,ˈɑːr.də,mannə,mannə,zʲɪˈmlʲa,tūk,ˈzɛmjɛ,torˈpɑχ,ðɛ,ˈmoː,,*sa,maʈʈi,ta.nah,,ˈmuld,,jøːɹ,ˈtɛr.ra,dʰərtiː,bʰumi,,ˈmɑ,ˈaːr.də,ˈtɛʁɐ,mannə,,zʲaˈmlʲa,ʔɗət̚˧˦,pəˈmɨnt,lɛtʼä,joːr,ˈmɑː,,,,jœrð,ˈtje̞.ra̠,ɜːθ,ˈmɑː,diχä,bʰu:mi,din˧
and,,,i,,t͡ɕɐ,,ɔ,,nẏṅ,,,ˈja,,dä,to̞,,,nɛ̰,e,i,ùn,,lɛʔ˦,et,ˈi,nʱa,i,,,,ˈjɑ,,aw,ˈtɑ,ve,,,in,,ˈɑɡəsˠ,,dan,ɛv,ˈi,at,ce̞,,,ɕau˧˥,ˈuː,,ʊnt,wa̠,o,,,waːw,,i,ˈeːʃ,,,ɛn,,,i,,a,,ðɛ,ˈjɑ,oː,*daŋ,,dan,ʊn,ˈjɑ,hæm,oː,e,ɔːɾ,,,ˈdɑ,ɛn,ˈɛ,,,i,vaː˨˩,ʃi,dɔ,ˈɒw,ˈjɑ,a.ɹu,ɛn,an,ɔːɣ,ʝ,ænd,ˈʝɑ,dɔ,,lɛʔ˦˥
animal,,aˈnɪvai̯l,ʒiˈvɔtno,,pɐ́.ɕu,,jʉːr,ˈɲa.ma,st̥v,,,,ˈʒivɔt͡ʃiːx,tsχɔvɛli,do̞ːbɯ̟ᵝt͡sɨᵝ,,,təɹeɪʔsʰàɴ,a.ni.mal,tsχɔwɛl,dzîunìɛks,,sat˦˥,ˈa.ni.mal,tʋɐˈrɪnɐ,isílwaːne,ʒiˈvɔtnɔ,,,,ˈelæin,,,ˈelætːi,hajˈvan,,,ʒiˈʋáːw,ˈlo.ɛ̃n,anʲəvʲiː,,binataŋ,kɛntʰɑˈni,ə.niˈmal,,ˈzo.o,,,,,,tiːɐ̯,ˈto̞ːŋmuɭ,dʒɒːnˈvæɾ,,,ħa.ja.waːn,ɡʲiːˈʋuːnɐs,ˈzvʲɛ.ʐɛ,ˈaːlːɒt,,,,,,ʐɨˈvotnəjə,,ˈʒɪvot͡ʃɪx,,,ˈje̞lɑi,,*sems.t͡ɕan,,,,ˈloːm,χɑjˈwɑn,t͡ʃɔuːr,aniˈmale,pə.ʃuː,,,ˈʒivɑt,dir,ˌɐ.ni.ˈmaw,,,,tʰu˧˦ vət̚˧˨ʔ,a.niˈmal,häjväni,dyːr,ˈelːæi,,,dei̯(e)ʀ,tiːr,aniˈmal,ˈænɪməl,ˈʒivɤtːɑ,tsχɔvɛli,,sat̚˨˩
heart,,ˈkalɔn,sərˈt͡sɛ,nendʒi,ɦŕ̩.d̪ɐ.jɐ,dʒibe,ˈjɛrˌta,mˈtí.ma,peḥṭūṅ,,hrudaya,ˈvaːjːpmuː,sr̩tsɛ,guli,ɕĩnd͡zo̞ː,,idajam,n̥əlóʊɴ,kœʁ,gwi,sîɾts,manasə,tɕai˩˨,kor,ˈsɛrt͡se,ínɬizíːjo,ˈsr̩t͡sɛ,buka,,dil,ˈsydæn,,zɻə,ˈsyvæin,jyˈɾɛc,jaddi,mannə,sərˈtséː,ˈkalɔ̃n,kɾˠiː,,d͡ʒantoŋ,siɾt,ˈkɔr,,karˈðʝa,,kɔr,θim˨˦,,hɾudajamu,hɛʁts,,del,kriː,,qalb,ʃʲɪrʲˈdʲɪs,ˈsɛr.t͡sɛ,ˈsiːv,ust,nendʒu,,hɾudajam,guɳɖe,ˈsʲert͡sə,tūk,ˈsr̩t͡sɛ,ɡælb,ˈzɛməɾ,ˈsid̪ɑːm,²jɑrtə,*zȵiŋ,guɳɖeka:ja,d͡ʒan.tʊŋ,,ˈsydɑ,jʏ̞.ˈræk,ˈjaɹ̥ʈa,ˈkwɔːre,d̪ɪl,hugli:,ˈʔɐlp,ˈsydæin,ɦɑrt,ko.ɾa.ˈsɐ̃w̃,hrudaja,,ˈsert͡sa,tim˧˧,ˈinimə,guri,jɛrtə,ˈsːyæ,dil,hɛt,,ˈçar̥ta,koɾaˈθon,hɑːt,ˈsyæ,guri,gunɖe,hua̯˩˩˦.t͡ɕaj˧
rotten,,,,,,,,,,,,,ˈɦɲiliː,dämpʼäli,kɯ̟ᵝsa̠ɾɯ̟ᵝ,,,poʊʔ,puʁi,mɛkʰwrɛ,,,,ˈpu.ter,,,,,,,ˈmætæ,,,ˈlɑho,,,,ˈɡníːw,,ˈl̪ˠɔfˠə,,,pʰəˈtɑt͡s,,,ˈsapços,,,,,,faʊ̯l,s͈ʌ̹k̚t͈a̠,,,,faː.sid,,ˈzɡɲi.wɨ,ˈroɦɒtː,,,,,,ɡnʲɪˈloj,,ˈzɦɲɪliː,,,ˈmæːrgɑ,,,,,,ˈmædɑ,sɪ̞ˈrɪ̞k,,,,,,ˈlɑho,rɔt,ˈpo.ðɾɨ,,ˈpoðɾe̝,ɣnʲiˈɫɨ,mʊwk͡p̚˧˨ʔ,ˈpu.tred,χtsäpʰɛri,rɔdən,ˈmætæ,,,,,,ˈɹɑtn̩,ˈlɑho,ʔɔrädili,,naw˥˩
that,,ˈhʊnʊ,ˈɔnzi,aʋe:,,adə,dɛnː,,noḥ,et,ā,,tɛn,is,⟨so2 no2⟩,,anta,hò,sə,ɛdʒi,tas,adə,,ˈis.te,,,,hu:,adə,,ˈtuo,,,ˈtuo,ʃu,adə,aʋu,,,ənˠ,,itu,ɑjd,əˈkəʃ,,,ʃɪn,,,,ā,ˈjeːnɐ,kɯ,ɒːn,,,ðaː.li.ka,,ˈtam.tɛn,ˈɒz,ae,adhə,,a:,adu,tot,ā,ˈtamtɛn,ɔ,,ˈt̪ɑː,,,addu,,,ˈtoː,,,ˈkwello,,a:du,,ˈse,dɑt,ˈe.sɨ,adə,,toj,ʔɗɔ˧˦,aˈt͡ʃela,ɛjä,dən,ˈtːuː,,,,,ˈese,ˈðæt,ˈtoː,tʰinä,ad,nan˥˩
thin,,ˈtɛnaɨ̯,ˈtɤnək,,,,,,s̥ṭoeṅ,,,,ˈcɛŋkɔ,tʰχɛli,,,,pá,mɛ̃s,dətʰχɛl,tiêws,,baːŋ˩˨,supˈtiː.lis,,,ˈtɛnɔk,,,,ˈohut,,,ˈlætːy,inˈdʒɛ,,,,,keːl̪ˠ,,,bɑˈɾɑk,,,,,,,,,dʏn,ka̠nɯɭda̠,,,,,,ˈt͡ɕɛn.kʲi,ˈveːkoɲ,,,,,,ˈtonkʲɪj,,ˈtɛŋkiː,,,ˈvʊit̪i,,,,,,ˈɤhuke,jʊ̞ˈqɑ,,sotˈtile,pət̪.lɑː,,,ˈkyrzʲ,,ˈfi.nu,,,ˈtonkʲi,mawŋ͡m˧˩,slab,tʰitʰχu,,ˈohkːu,,,den,ˈθʏnːʏr,ˈfino,ˈθɪn,ˈɤhud,tʰχitʰχu,,baːŋ˧
man,,dɨːn,tʃoˈvɛk,panija,mɐ.n̪uʂ.jɐ́,tukud,mɛnːɪɧa,,mnus̥s,kakasi,ganɖasu,,ˈt͡ʃɫɔvɛk,kʼätsi,⟨pi1to2⟩,manuʃ,a:ɳə,lù,ɔm,märɛ,tsìlvæ̀ːks,a:lom,ma˧˧ nut˧˧,ˈho.moː,,umúːntu,ˈt͡ʃɔvɛk,me:t,kanɖumuga,,ˈmies,,,ˈmies,inˈsɑn,gəɳɖaɭə,a:ndʒʋu,ˈtʃlɔ̀ːʋɛk,,ˈd̪ˠɪnʲə,,,mɑɾtʰ,ˈɔ.mə,,ˈanθɾɔpɔs,t̪ɯɲə,,βun˧˩,ˈmɯɾov,puɾuʂuɖu,mɛnʃ,ˈsʰa̠ːɾa̠m,,,,ʔin.saːn,ʒmoˈɡʊs,ˈt͡ʂwɔ.vʲɛk,ˈɛmbɛr,naɾeenə,ganmagu,,a:ɳə,mankal,t͡ɕɪlɐˈvʲek,tūk,ˈt͡ʃlovjɛk,inˈsɑn,ɲɛˈɽi,ˈmiːe̞z,²mɛnːɛʃə,,magaʋa:ɳɖ,o.raŋ,mɛnt͡ʃ,ˈmeːs,kɪ̞ˈʃɪ̞,,ˈwɔ.mo,məˈnʊ.ʂjə,muɖsa:,ˈbnɪːdɛm,ˈmezʲ,mɛns,ˈɔmẽɪ̯,a:naaɭə,ˈɔmɪ,t͡ʂaɫaˈvʲek,ŋɨəj˨˩,om,kʼɔtʃi,,ˈmiːsː,ma.nuʱ,ˈminskə,mənʃ,ˈmanːɛsca,ˈombɾe,mæn,ˈmeːz,kʼɔtʃi,maniʂa:n,ma˦˥.nut̚˦˥
sun,,haɨ̯l,ˈslɤntsɛ,tʃu:rja,s̪úːɽ.jɐ,ʋele,suːl,ˈd͡zú.w⁽ᵝ⁾a,t̥ʰṅai,ʋeda,su:rja,ˈpea̯jvvaːʃ,ˈsɫ̩ŋkɔ,mzɛ,,,su:ɾjan,nè,sɔ.lɛj,miʒ,sāūle,su:ɾijan,taː˩˨ wen˦˥,,ˈsɔnt͡sɛ,íːlaːnɡa,ˈsɔnt͡sɛ,bi:ɖi,ottə,ɔftɔb,ˈɑurinko,,lmar,ˈpæivæne,ɟyˈneʃ,pottə,su:ɾje,ˈsóːntsɛ,,ɟɾʲiənˠ,,matəhari,ɑˈɾɛv,ˈsɔl,,ˈi.ʎos,,suˈlel,taŋ˨˦ ŋon˧˩,,su:ɾjuɖu,ˈzɔnə,he̞,,ɡriːn,,ʃams,ˈsɑuleː,ˈswɔɲ.t͡sɛ,ˈnɒp,de,su:rijan,,su:ɾjan,poɾə,ˈsont͡sə,tūk,ˈslunt͡sɛ,ɡʲyˈnæʃ,,ˈpæːvɑ,suːl,*ȵi.ma,poɖudu,,zʊn,ˈpæike,qʊ̞ˈjɑʂ,sɔuːl,ˈso.le,,be:ɾdu,ʃɛmʃ,ˈpæivæine,,ˈsɔɫ,su:ɾja,s̺ol,ˈsont͡sa,mat̚˧˨ʔ t͡ɕəːj˨˩,ˈso̯are,mʒɔrä,soːl,ˈpːæiv,be.li,,zon,souːl,ˈsol,sʌn,ˈpæivikːo,bʒä,suɾija,dua̯ŋ˧.ʔaː˧.tʰit̚˦˥
dog,it,kiː,ˈkutʃɛ,na:ji,ɕʋɐ́n̪,ne,hɵnd,ˈɡa.ɽú,c̥ʰkae,,na:ji,ˈpea̯na,ˈpɛs,dzäʁli,inɯ̟ᵝ,kukuɾ,na:ji,kʰwé,ʃjɛ̃,ʒɛʁ,,noi,maː˩˨,ˈka.nis,,îːɲdʒá,,alla,ne,sæɡ,ˈkoirɑ,,,ˈkoirɑ,cøˈpec,na:jə,na:ji,ˈpə́s,,ˈmˠad̪ˠɾˠə,kutɑː,and͡ʒeŋ,ʃun,ˈɡos,,ˈscilos,kuː,ˈɡus,ma˨˦,,kukka,hʊnt,ke̞ː,sæɡ,ˈmɔːðə,nɔxɔi,kalb,ʂuə,pʲɛs,ˈkucɒ,kutʃak,na:ji,ɦɔnt,na:ja,nej,sɐˈbakə,netta,pɛs,,cɕɛn,ˈpiɲ,,*kʰʲi,nej,aɲ.dʒiŋ,hʊnt,ˈkoer,ɪ̞t,ˈhʊntʊɹ,ˈka.ne,kʊt̪.t̪ɑː,kutʃtʃo,kɛlp,ˈkoir,ɦɔnt,ˈkɐ̃w̃,na:ji,,,t͡ɕɔ˧˦,ˈkɨj.ne,dʒɔʁɔri,hun,ˈpːini,kukuɹ,huːn,hont,ˈhʏntʏr,ˈpero,dɒɡ,ˈkoirɑ,dʒɔʁɔri,a:te,maː˩˩˦
count,,,,,,,,,rāp´,,,ˈlohkah(t),,tʰvlä,kazuapu,,,jè,kɔ̃.te,liʃɛldɛ,skàjtîːt,,,ˈnu.me.roː,,,ˈbrɔi,,,ʃumurdæn,ˈlɑskeɑ,,,ˈlɑskie,,,,,,ɾˠiːvˠ,,kirə,,komˈta,,,,,,,,ˈt͡sɛːlən,ˈsʰe̞ːda̠,ʃomordæn,,,,,ˈlʲi.t͡ʂɨt͡ɕ,ˈsaːmol,,,tɛ̞ːl,,,ɕːɪˈtatʲ,,ˈpot͡ʃiːtat,sɑjˈmɑχ,,ˈlugːɨ,,,,,,ˈlugemɑ,,,konˈtare,ɡɪn.nɑː,,,ˈlɑʃkɑ,ˈtɛlə(n),kõ.ˈtaɾ,,,,ʔɗem˧˦,,ɔkʼɔrɔtsχu,,ˈlukɤmɑ,,,ˈt͡siələn,ˈtʰɛlja,konˈtaɾ,kaʊnt,ˈlukɤɑ,kʼɔrɔtsχuä,,nap̚˦˥
mouth,,keːɡ,usˈta,ba:ji,ɑ́ːs̪,tʃa:lu,mɵn,ˈka.mʷa,māt´,guʈi,ba:ji,,ˈuːsta,pʼiri,kutu,mukʰ,ʋa:ji,pəzaʔ,buʃ,pʼil,mutɛ,po:i,,oːs,ˈrɔt,uḿ̩loːmo,,baji,pe,dæˈhɔːn,ˈsuː,,xwlə,ˈsuː,aːɯz,ba:jə,ba:ji,ˈùːsta,ˈɡɵ̃ː.nu,bʲia̯l̪ˠ,,mulot,bɛˈɾɑn,ˈbo.kə,,,piaɫ̪,buko,paːk˧˥,ˈdɛv,no:ɾu,mʊnt,ip̚,d̪æˈhɒːn,ˈbiəl,am,fam,bʊrˈnɐ,ˈu.sta,ˈsaːj,ba:,ʋa:ji,mɔnt,ʋa:ja,toɖɖi,rot,vāy,ˈuːsta,ɑˈɣɯz,ˈɡɔjə,ˈsuː,,*kʰa,pavu:ɾ,,,ˈsuː,ɑˈwɯ̞ð,,ˈbokka,mũːʱ,toɾo,ħɐlʔ,ˈsu,mɔnt,ˈbo.kɐ,ba:ji,,rot,miəŋ˧˨ʔ,,pʼidʒi,mon,ˈsːuː,mukʰ,ˈmulə,mont,ˈmʏnːʏr,ˈboka,maʊθ,ˈsuː,pʼidʒi,mu:ti,paːk̚˨˩
human,,,,,mɑː.n̪ɐ.ʋɐ́,,²mɛnsklɪ(ɡ),,,,,,,ädämiäni,⟨pi1to2⟩,,,,y.mɛ̃,ämswäld,,,,,,,,,,,ˈihminen,,,ˈihmini,,,,tʃlɔˈʋèːʃki,,,,,mɑɾtʰkɑˈjin,uˈma,,,,,,,,mɛnʃlɪç,ˈsʰa̠ːɾa̠m,,,,ba.ʃa.rijj,,ˈlut͡s.kʲi,ˈɛmbɛri,,,,,,t͡ɕɪlɐˈvʲet͡ɕɪskʲɪj,,ˈlɪtskiː,,,ˈriʃt̪iːng,,,,,,ˈinimene,,,,,,,ˈristit,,u.ˈmɐ.nu,,,,,o.meˈnesk,kʼɔtʃi,,ˈinemine,ma.nuʱ,,,,uˈma.no,ˈ(h)juːmən,ˈinemin,kʼɔtʃi,,
round,,krʊn,,uɾuʈu,,tukud,,,,,baṭṭa,,,mrgväli,,,ʋaʈʈam,wáɪɴ,ʁɔ̃,kʼurpʼi,,uʈʈi,,roˈtun.dus,,,,guʈiɳɖa,,,ˈpyøreæ,,ɡərd,ˈpyøryɑ,,bəjnsakɾangu:də,uɾuʈə,otˈkròːɡəw,,kɾˠiːnʲ,,,,roˈdo,,,kʰruɪɲ,,,,guɳɖɾani,ʀʊnt,tuŋɡɯɭda̠,,,,,,ɔˈkrɔŋ.ɡwɨ,ˈkɛrɛk,go:l peɾi,ʋaʈam,,vaṭṭa,guɳɖɾal,ˈkruɡlɨj,tūk,ˈkulatiː,,,ˈimːɨr,,,guɳɖɾa:n,,,ˈymɑr,tʏ.ŋæˈræk,,roˈtondo,,guɖme,,ˈkehker,rɔnt,ʁɨ.ˈdõ.du,uɾuʈa,reˈðondo̝,ˈkruɣɫɨ,swɛ˧˧,roˈtund,mɔrgväli,,ˈtːsːɤːrikː,,,,,reˈdondo,ˈɹaʊnd,ˈpulskɤɑ,rgväli,bubbaɾi,
forest,,ˈkɔɨ̯dwɪɡ,ɡoˈra,,ʋɐ́.n̪ɐ,,skuːɡ,,b̥rai,,,,ˈlɛs,tʼqʼɛ,mo̞ɾʲi,,,tɔ́,fɔ.ʁɛ,tsχɛkʼ,,,,ˈsil.wa,,îːɬâːtʰi,ˈʃuma,,,beʃæ,ˈmetsæ,ˈja(ʕ)aʁ,d͡zəŋɡəl,ˈmetʃːɑ,,,,ˈɡɔ́st,ˈkwɑːt,kiːlʲ,,hutan,ɑnˈtɑr,ˈbɔsk,,ˈðasɔs,ˈkʰɤʎə,,ɗoŋ˨˦ fai˦˨,,,valt,sʰup̚,beːˈʃæ,kiːlʲ,,ɣaː.ba,ˈmɪʂ.kɐs,las,ˈɛrdøː,,,bɔs,,,lʲes,,lɛs,,pyɫ,ˈmɨt̪sɑː,,*ɕiŋ.naks,,hu.tan,,ˈmets,urˈmɑn,,,,,,ˈmets,ʋɑu̯t,floˈɾɛs.ta,,ˈbɔske,lʲes,zɨŋ˨˩,pə.ˈdu.ɾe,gɛrmä,,ˈmɤtːsː,ɦa.bi,,beʃ,ˈskouːʏr,ˈboske,ˈfɒɹɪst,ˈmetsːæ,tʼqʼä,,paː˨˩
dirty,,,,,,,,,k̥rk̥ʰvk´,,,,,tʃʼutʃʼqʼiäni,kʲita̠na̠i,,,ɲɪʔ,sal,lətsʼid,nɛtīːɾs,,,ˈsor.di.dus,,,,,,,ˈlikɑinen,,sxɑ,ˈligɑhine,,,,uˈmáːzan,,sˠəˈl̪ˠax,ɡə̃nd̪ə,koto(r),kɛχˈtɔt,ˈbɾut,,,,,,,,ˈʃmʊt͡sɪç,ˈtɘːɾʌ̹p̚t͈a̠,kʲæˈsiːf,,,,,ˈbrud.nɨ,ˈpiskoʃ,,,,,,ˈɡrʲaznɨj,,ˈʃpɪnaviː,t͡ʃirkˈli,,ˈmustɑː,²ʃɪtːn̩,,,,,ˈmust,,,ˈspɔrko,ɡən.d̪ɑː,,,ˈredukɑz,vœy̯l,ˈsu.ʒu,,,ˈbrudnɨ,ʔɓən˧˩,murˈdar,lɛbɔni,beskit,ˈmusːtːɤnuʔ,lɛ.tɛ.ɹa,,,ˈouːr̥eitn,ˈsuθjo,ˈdɜːti,ˈmusːɑ,tsʼindämi,,sok̚˨˩.ka˨˩.prok̚˨˩
old,,heːn,star,,,,,,cās´,,,,ˈstariː,dzvɛli,,,,háʊɴ,vjø,dʒwinɛl,,,kau˧˧,ˈwe.tus,,,,,,,ˈʋɑnhɑ,,,ˈvɑnhɑ,,,,ˈstár,,ʃanˠ,,,hin,ˈveʎ,ˈlu.maʔ,,ʃɛn,,,ˈkɛvn,,alt,na̠k̚t͈a̠,ɢæd̪iːˈmiː,,,qa.diːm,ˈsʲæːnɐs,ˈsta.rɨ,ˈreːɡi,,,œu,,,ˈstarɨj,,ˈstariː,æsˈki,,ˈvɑnɑː,²ɡɑːmɑl,*rȵiŋ.pa,,la.ma,,ˈʋɑnɑ,iθˈkɪ̞,kɛaːmal,ˈvɛk.kjo,pʊ.ɾɑː.nɑː,,ʔɐˈdiːm,ˈvɑnh,ɑu̯t,ˈvɛ.ʎu,,,staˈrɨ,ku˦ˀ˥,vekʲ,mdʒvɛʃi,ɡaməl,ˈvɑnɑ,pu.ɹɔ.na,ɔːt,,ˈkaːmatl,anˈtiɡwo,ˈəʊld,ˈvɑnhɑ,dʒvɛʃi,,kaw˨˩
I,mæn,miː,as,na:n,ɐ.ɦɐ́m,a:n,ˈjɑː(ɡ),ˈi.ne,k̥ʰñuṃ,na:nu,na:nu,ˈmun,ˈja,mɛ,ɰᵝa̠ta̠ɕi,ˈɑmiː,na:n,t͡ɕʊ̀ɴdɔ̀/,ʒə,mi,ɛs,o:n,kʰɔːj˨˩,ˈe.ɡoː,ˈjɑ,miːná,jas,ae:n,na,mæn,ˈminæ,(ʔ)aˈni,zə,ˈmie,bɛn,na:ʋə,ja:nu,,,mʲeː,mɛ̃,sajə,jɛs,ˈʒɔ,ˈko,eˈɣo,mi,ˈjew,kou˨˦,,ne:nu,ɪç,na̠,mæn,miː,,ʔa.na,ɐʂ,ja,ˈeːn,i:,a:n,ɛk,ɲa:n,nanna,ja,ān,jaː,mæn,ˈun,ˈminɑː,eːɡ,*ŋa,nanna,saja,ɪχ,ˈminɑ,mʲin,eː,ˈi.o,mɛ̃ː,he:nu,jɪːn,ˈminæ,ɪk,ˈew,na:nə,ˈew,,toj˧˧,jew,mä,jaj,ˈmɑʔ,mɔɪ,ɪk,eχ,jɛɣ,ɟ͡ʝo,aɪ,ˈmiæ,mä,ne:nu,pʰom˩˩˦
tie,,,,,,,,,cṅ,,,,,däbmä,,,,t͡ɕʰì/,lje,libɛm,,,,ˈli.ɡoː,,,,,,,ˈsitoɑ,,,ˈsituo,ˈbɑːɫamac,,,,,,,,kɑˈpɛl,,,,,,,,,ˈbɪndn̩,muk̚t͈a̠,,,,,ˈrʲɪʃʲtʲɪ,ˈvʲɔ̃.zat͡ɕ,ˈkøt,,,,,,ˈsvʲazɨvətʲ,,ˈpr̝̊ɪvaːzat,,,ˈsid̪ːɨ,,,,,,ˈsidumɑ,,,leˈɡare,,,,ˈsidodɑ,ˈknoːpə(n),ɐˈtaɾ,,,,kot̚˧˨ʔ,,mɛkʼiru,benə,ˈkːøytːmæ,bɔn.dʱa,,,,aˈtaɾ,taɪ,ˈsiotːɑː,dɔkʼiruä,,joːŋ˧
say,,,ˈkazvəm,paɾe,ʋɐ́.d̪ɐ.t̪i,tukud,ˈsɛjːa,,tʰā,,heɭu,,ˈɦɔvɔric,tʰkʰmä,ipu,ˈbɔla,tʃollə,sʰò,diʁ,likʰwisg,satsîːt,a:ʋaɖə,waw˥˦,ˈdiː.koː,,,,bakʰna,egəʋə,ɡuftæn,ˈsɑnoɑ,,,ˈsɑnuo,søjlɛmɛc,pə:ɭ,paɳaɾa,ˈrɛtʃi,,ˈabˠəɾʲ,kɛɦna,,ɑˈsɛl,ˈdi,,,ˈapɪɾʲ,,kaːŋ˥,,tʃeppu,zaːɡən,ˈma̠ːɾɦa̠da̠,ɡofˈt̪ʰæn,,xiɮəx,qaː.la,sɐˈkʲiːtʲɪ,ˈmu.vʲit͡ɕ,ˈmond,pa:ning,paidu,sɛː,paɾajuga,in,ɡəvɐˈrʲitʲ,en,r̝iːt͡st,,θɛm,ˈkiːt̪ɨ,²sæɪɑ,,kella,,ˈzɔ.ɡŋ̩,ˈytlemɑ,,siːja,ˈdi.re,kɛːʱ.nɑː,hauɖpo,,ˈsɑnudɑ,ˈzɛɣə(n),di.ˈzeɾ,annə,diˈθiɾ,ɣavaˈrɨt͡sʲ,nɔj˧˦,ˈzitʃe,ɔtʰkʰu,,ˈytːlemæ,,,,ˈseiːja,deˈθiɾ,seɪ,ˈʝutɤlːɑː,tʰkʰuälä,bʰu:mi,klaːw˨˩
what,nemɛ,beːθ,kɐkˈvɔ,entai,,enna:ʈ,vɑː(d),t͡ʃiˈjá.ni,ʾī,ena,je:nu,,ˈt͡ʃɔ,rä,na̠ɲ̟i,,enne,bà,kwa,mæ,,inno,ɲaŋ˩˨,kʷid,ʃtʃɔ,,,je:ndra,e:nə,,ˈmikæ,,,ˈmi,,ajindi,entʃina,ˈkàːj,ˈpe.tʁa,kad̪ˠ,kjaː,apə,int͡ʃʰ,ˈkə,aˈno,,tʲeː,,,,ēmi,vas,muʌ̹t̚,tʃʰe,,,maː.ðaː,,t͡sɔ,ˈmi,antə,eta:nə,vat,endə,baʈʈal,ʂto,nāto,t͡so,næ,tʃfaɹ(ə),ˈmis,kʋɑː,*ɡa.re,ba:ta,,vɔs,ˈmis,,kvɛaːʰt,,kjɑː,indiɾdu,,ˈmi,ʋɑt,u ˌki,jentə,,ʂto,zi˨˩,t͡ʃe,mu,vad,ˈmiæ,ki,,,xʷaːð,ˈke,wɔt,ˈmikæ,mu,em,ʔa˨˩.raj˧
wipe,,,,,,,,,,,,,,tsʼmɛndä,,,,θoʊʔ,e.sɥi.je,likʼwtsæni,slāwtsîːt,,,ˈter.ɡoː,,,ˈbriʃɛ,,,,ˈpyːhkiæ,ˈneɡev,,ˈpyhkie,,,,,,ˈkɪmʲɪlʲ,mɪʈanaː,,səɾˈpʰɛl,ə.ʃuˈɡa,,,,ejsyˈɣa,,,,ˈvɪʃn̩,ɕ͈it̚t͈a̠,,,,ma.sa.ħa,,vɨˈt͡ɕɛ.rat͡ɕ,ˈtørøl,,,,,,vɨtʲɪˈratʲ,,ˈuciːrat,,,ˈpuːst̪ɨ,,,,,,ˈpyhkimɑ,,,aʃʃuˈɡare,,,,ˈpyhktæ,ˈveː.ɣə(n),ˌes.fɾe.ˈɡa(ɻ),,,,law˧˧,,ɔtsʼimidu,veskɘ,ˈpːyhkːmæ,mɔ.sa,,,,limˈpjaɾ,waɪp,ˈpyhtʃiæ,tsʼiminduä,,t͡ɕʰet̚˦˥
fight,,,,,,,,,vāytp´,,,,ˈbɔjɔvac,tʃχubi,,,,jàɴpʰjɪʔ,batʁ,litsuäl,,,tɔː˧˧ suː˨˩,ˈpuɡ.noː,,,,,,,ˈtɑpelːɑ,,,ˈtoruɑ,,,,,,t̪ˠɾˠɪdʲ,,,kərˈvɛl,ʎujˈta,a.ˈwaj.in,,,,,,,kɛm(p)fən,ta̠tʰuda̠,,,,qaː.ta.la,,ˈval.t͡ʂɨt͡ɕ,ˈhɒrt͡sol,,,,,,ˈdrat͡sːə,,ˈbojovat,,,ˈt̪ɑplɨ,,,,,,ˈʋɤitlemɑ,,,lɔt.ˈta.re,ləɽ.nɑː,,,ˈtorɑtɑ,ˈstrɛi̯də(n),lu.ˈtaɾ,,,,t͡ɕiən˧˦ ʔɗəw˧˦,,ɔkʼɔkʼidinu,,ˈtːɑpːlɤmɑ,zũza,,,,peleˈaɾ,faɪt,ˈtɑpːɤɑ,tʃχupʼi,,suː˥˩
far,,pɛɬ,dəˈlɛtʃɛn,,,,,,c̥ʰṅāy,,,,,ʃɔri,,,,wékwà,lwɛ̃.tɛ̃,dʒwɛdiä,tâːls,,,ˈpro.kul,,,,,,,ˈkɑukɑnɑ,ʁaˈχɔk,ˈləre,ˈetæhænæ,uˈzac,,,ˈdàːlɛtʃ,,ˈfˠɑd̪ˠə,,d͡ʒaoh,hɛˈru,ʎuˈɲa,,makriˈa,,,,,,fɛʁn,,,,χɔɬ,ba.ʕiːd,,daˈlɛ.kʲi,ˈmɛsːɛ,,,,,,dɐˈlʲɵkʲɪj,,ˈdalɛkiː,uˈzɑχ,,ˈkougɨn,,,,,,ˈkɑugel,ɑˈɫɯ̞θ,,lonˈtano,d̪uːɾ,,,ˈedɑhɑn,vɛr,ˈlõ.ʒɨ,,,daˈlʲokʲi,saː˧˧,deˈpar.te,mɛndrä,,ˈkːɑvːɤn,,,,,,fɑː,ˈkɑukɑlːɑ,ʃɔri,,klaj˧
star,julˈtuz,ˈsɛrɛn,zvɛzˈda,natʃtʃatiɾa,,puʈ,²ɧæːɳa,ɲéˈɲe.zí,tārā,huka,nakʂatɾ,ˈnaːsːtiː,ˈɦvi̯ɛzda,värskʼvlävi,posi,,mīṉ,t͡ɕɛ̀,e.twal,ämtʼqʼwæsg,zvàjɡznɛ,naʈtʃatiɾam,daːu˩˨,,,ímbaːsa,ˈd͡zvɛzda,bi:nko,natʃtʃatɾa,,ˈtæhti,,st̪oˈ.raɪ,ˈtæhti,jɯɫˈdɯ́z,mi:nu,nakʂatɾe,ˈzʋèːzda,ste.ˈʁe.dɛ̃n,ˈɾˠeːl̪ˠt̪ˠə,,bintaŋ,ˈɑstəʁ,əsˈtɾə.ʎə,,,rˠeːɫ̪,,ɗaːu˨˦ ɗei˧˥,,nakʂatɾamu,ʃtɛʁn,pjɘːɭ,sitɒːɾæ,,,,ʒʋɐjɡʲʒʲˈdʲeː,ˈɡvʲaz.da,ˈt͡ʃilːɒɡ,isʈa:ɾ,nakʂaʈiɾam,,nakʂatɾam,sukku,zvʲɪzˈda,cukka,ˈɦvjɛzda,uɫdúz,yɫ,ˈt̪e̞ːd̪j,²stjɛrnə,,ukka,,ˈʃtɛʁən,ˈtæht,jʊ̞nˈdʊ̞ð,ˈʃœtna,ˈstel.la,,bi:nka,,ˈtæhtɑz,stɛr,ɨʃˈtɾelɐ,nakʂatɾa,es̺ˈtɾelɐ,ˈzorka,saːw˧˧,,murutsχi,stjɛrnə,ˈtːæhtː,,,ʃteːʀ,ˈstjartna,esˈtɾeʎa,stɑː(ɹ),ˈtæhti,murutsχi,sukka,daːw˧
correct,,ˈkəu̯ɪr,ˈvɛrɛn,,,,,,,,,,,stsʼɔri,,,,m̥àɴ,kɔʁɛkt,mɛgu,paɾɛ̄īs,,kɛ᷈ː,,,,,,,,ˈoikeɑ,,,ˈoikie,,,,praˈʋíːlən,,,səɦiː,bə.na(r),t͡ʃiʃt,koˈrɛk.tə,,so̞ˈsto̞s,,,,,,kɔˈʁɛkt,o̞ɭtʰa̠,doˈɾos(t),,,sˁa.ħiːħ,,pra.vʲiˈdwɔ.vɨ,ˈhibaːtlɒn,,,,,,ˈpravʲɪlʲnɨj,,ˈspraːvniː,,,ˈɨigi,,,,tə.pat,,ˈɤige,dʏ̞ˈrʏ̞θ,,korˈrɛtto,sə.ɦiː,,,ˈoiged,,ku.ˈʁɛ.tu,,,praˈvʲilʲnɨ,ʔɗʊwŋ͡m˧˦,koˈrekt,mtʰini,,ˈɤikɤ,xu.dʱɔ,,,ˈrjɛht,koˈreɡto,kəˈɹɛkt,ˈɤikɤɑ,tʰinu,,tʰuːk̚˨˩
know,,ˈmɛdrɨ̞,,aɾiʋo,,sun,veːta,,cer,,ari,,ˈvɛɟi̯ɛc,tsɔdnä,,,aṟi,θḭʃḭ,savwaʁ,mäχäl,zinâːt,aɾspini,huː˥˧,ˈski.oː,ˈznɑte,,,akʰna,aɾaʋə,dɔːnistæn,ˈtietæː,ˈjeda,poˈheˈdəl,ˈtietyæ,bilˈmɛ́c,gott(ə) uɳɖi,teɾijaɾa,,,,dʒanːa,tahu,ɡitɛˈnɑl,səˈbə,,ˈksɛ.ɾɔ,,,ɣo˦˨,ˈzɑːniːn,eṟāgu,ˈvɪsn̩,ˈa̠ːɭda̠,d̪ɒːnesˈt̪ʰæn,,mitəx,ʕa.li.ma,ʒɪˈnoː.tʲɪ,ˈvʲɛ.d͡ʑɛt͡ɕ,ˈtud,tʃa:ing,asu:bej,vɪət,aɾajuga,jeɾpaʈ,znatʲ,pun,ˈvjɛɟɛt,bilˈmæk,di,ˈt̪iːe̞d̪ɨ,,*ɕes,teluse:,ta.hu,vɪsn̩,ˈteɑdmɑ,,,saˈpeː.re,ˈd͡ʒɑːn̪.n̪ɑː,ha:hpo,,ˈtetɑ,ˈʋeːtə(n),sɐ.ˈbeɾ,aɾi,,ˈvʲedat͡sʲ,ʔɓiət̚˧˦,ʃti,ɔtʃkʰinu,,ˈtːiːtmæ,,,,ˈvɪːta,saˈbeɾ,nəʊ,ˈtæːtæː,rtʃkʰinä,uɾtanɖa:t,ruː˦˥
grass,,ˈɡlaswɛɬd,trɛˈva,,t̪ŕ̩.ɳɐ,,,ˈu.d͡zú,s̥mau,,,ˈsitnuː,ˈtraːva,bäläχi,kɯ̟̊ᵝsa̠,,,mjɛʔ,ɛʁb,mɛl,,,ɲaː˨˩,ˈher.ba,,útʃâːni,,,,sæbzæ,ˈruoho,ˈdeʃe,,ˈheinæ,ɔt,,,ˈtràːʋa,ˈɡɛwt,fʲeːɾˠ,,,χɔt,ˈeɾ.bə,daˈmo,,ˈfiəɾ,ˈɛrβo,ɲɯ˥,,,ɡʁaːs,,sæbze,feːə,ows,ħa.ʃiːʃ,ʒoˈlʲeː,ˈtra.va,ˈfyː,,,,,,trɐˈva,,ˈtraːva,,baɾ,ˈɑːinɑ,ɡrɑːs,*rt͡sʷa,,,ɡʁɔz,ˈrohi,ʏˈlæn,kɹɛaːs,ˈɛrba,,,ħɐˈʃiːʃ,ˈhein,ɣrɑs,ˈɡɾɐ̃mɐ,,ˈɛɾβa̝,,kɔ˧˩,ˈjar.bə,tʼkʼä,,ˈhɑin,ɡʱãʱ,ɣɛːs,ɡʀaːs,kraːs,ˈpas.to,ɡɹɑːs,ˈroho,tʼqʼä,,jaː˥˩
hand,,ɬaːu̯,rəˈka,kaj,ɦɐ́s̪.t̪ɐ,ki:,hand,ˈd͡za.ⁿd͡ʒa,ṭai,keju,kaj,,ˈruka,χɛli,,ɦat̪,kaj,lɛʔ,mɛ̃,ʃi,ɾùoka,koi,mɯː˦˥,ˈma.nus,rʊˈkɑ,isáːnɮa,,kʰekkʰa,kaj,,ˈkæsi,jad,lɑs,ˈkæsi,el,ki:ja,kai,rɔ̀ːka,ˈdɔʁn,l̪ˠɑːvˠ,ɦat̪ʰ,taŋan,d͡zɛrkʰ,ˈma,,ˈçeɾi,ɫ̪ãːv,ma,mɯ˧˩,,tʃejji,hant,sʰo̞n,dæst,,ɢar,jad,ɾɐŋˈkɐ,ˈrɛŋ.ka,ˈkeːz,ɖu:,kaij,,kaj,kaj,rʊˈka,key,ˈruka,,dɔɹ,ˈpiv,hɑnd,,kaj,taŋan,hant,ˈkæsi,quɫ,hɔnt,ˈmaːno,ɦaːt̪ʰ,ʈeʈu,,ˈkæzi,ɦɑnt,ˈmɐ̃w̃,kaj,,,taj˧˧,ˈmɨ.nə,χɛ,hɔnˀ,ˈkːæsːi,,,hant,hœnt,ˈmano,hænd,ˈtʃæsi,χɛ,keju,mɯː˧
float,,,,,,,flyːta,,,,,,,tʼivtʼivi,,,,mjɔ́,flɔ.te,,,,,ˈflu.i.toː,,,,,,,ˈkelːuɑ,,,ˈkeiluo,,,,,,,,,,floˈta,,,,,,,,ˈtʀaɪ̯bm̩,,,,,,,,ˈlɛbɛɡ,,,,,,ˈplavətʲ,,ˈplavat,,,ˈpluːokst̪ɨ,,,,,,ˈhɤljumɑ,,,ɡalledˈdʒare,,,,ˈujudɑ,ˈdrɛi̯və(n),,,,,noj˧˩,,mɔmkʰu,,ˈhɤlʲomɑ,,,,,,fləʊt,ˈuʝuɑ,pʰäpʰäpʰi,,
night,,noːs,nɔʃt,andi,ɽɑ́ːt̪.ɽi,tukud,natː,,yp´,la:n,ɾa:tɾi,ˈiɟɟa,ˈnɔt͡s,ʁämɛ,⟨yo1ru⟩,,iɾa:ʋə,ɲa̰,nɥi,lɛtʰ,nakts,ekka:ɖə,,noks,ˈnʲit͡ʃ,úɓusûːɠu,nɔc,ma:ha,iɾə,,ˈyø,ˈlaj.la,,ˈyø,ɟe̞ˈdʒɛ,ədlə,ɾa:tɾe,noːtʃ,,ˈiːhə,raːt̪,,ɡiˈʃɛɾ,ˈnit,ɡɐˈbi,ˈnixta,,ˈnɥɛtʃ,hɯn˧˩,ˈʃɛv,ɾa:tɾi,naxt,pa̠m,ʃæb,ɛi,,laj.la,nɐkˈtɪs,nɔt͡s,ˈeːjsɒkɒ,nam,e:lumaɾam,naχ,ɾa:tɾi,naɾkaɖ,not͡ɕ,tūk,not͡s,,ˈnaːt,ˈiːe̞,nɑtː,,mulipe,ˈmalam,,ˈøː,tʏ̞n,nɔʰtː,ˈnɔtːe,ɾɑːt̪,ɾa:ti,lɛjl,ˈø,nɑxt,ˈnoj.tɨ,bajiʈə,ˈnojt̪ɪ,not͡ʂ,ʔɗem˧˧,ˈno̯ap.te,sɛri,nad̥,ˈɨː,ɹati,ˈnaxt,ˈnuə̯ɕt,nouʰt,ˈnot͡ʃe,naɪt,ˈøː,sɛri,siɾbedin,klaːŋ˧.kʰɯːn˧
day,,dɨːð,,,d̪i.n̪ɐ́,,,ˈt͡sí.ku,t̥ʰṅai,,,ˈpea̯jːviː,,dʁɛ,nʲiti,,,nḛ,ʒuʁ,lädɛʁ,,,wan˦˥,ˈdi.eːs,ˈdɛnʲ,ûːsûːɠu,,,,rɵːz,ˈpæiʋæ,,wrad͡z,ˈpæivæ,ɡyn,,,,ˈdɛj,l̪ˠɑː,,hari,ɔɾ,ˈdi.ə,,,,,ŋon˧˩,ˈɾoʒ,,tɑːk,,ɾuːz,,otər,jawm,,d͡ʑɛɲ,ˈnɒp,,,daχ,,,ˈsutkʲɪ,,dɛn,,,ˈpæːvɑ,,*ȵi.ma,,,tɔɡ,ˈpæeʋ,tæwˈlɪ̞k,ˈtɛaːvʊɹ,ˈd͡ʒorno,d̪ɪn,,,ˈpæiv,dɑx,ˈdi.ɐ,,ˈd̪iɐ,,ŋaj˨˩,zi,dʁä,døjn,ˈpːæiv,din,,daːχ,ˈtaːɣʏr,ˈdia,deɪ,ˈpæivæ,dʁä,,wan˧
snake,jilɑn,nei̯dr,zmiˈja,,s̪ɐɽ.pɐ́,,ˈʊrm,ˈⁿd͡ʒó.ka,bs´,,,ˈkea̯rpmaʃ,ˈɦat,gvɛli,pemi,ʃɑp,,mwè,sɛʁ.pɑ̃,hwidʒ,tʃūska,,ŋuː˦˥,ˈan.ɡʷis,,íɲôːɠa,,,,mɔːr,ˈkæːrme,naˈχaʃ,,ˈkiærmis,jɯ.ˈɫɑn,,,ˈkàːtʃa,ˈnaɛr,ˈn̪ˠæhəɾʲ,sãp,ula(r),ɔt͡sʰ,ˈseɾp,,ˈfiði,,,ŋɯ˧˩,,,ˈʃlaŋə,pe̞ːm,mɒːɾ,,mɔɢɔi,θuʕ.baːn,ɡʲiːˈʋaːtʲeː,vɔŋʂ,ˈkiːɟoː,,,slɑŋ,,,zmʲɪˈja,,ɦat,,ˈɟ͡ʝaɾpəɹ,ˈuːʃkɑ,,*zbrul,,,ʃlaŋ(ɡ),ˈmɑdu,jɯ̞.ˈɫɑn,,serˈpɛn.te,sɑ̃ːp,,,ˈgɑd,slɑŋ,ˈkɔ.bɾa,,ˈsɛɾpe̝,zʲmʲaˈja,zan˧˦,ˈʃarpe,tsʼitsʼilä,,ˈhusː,xap,,ʃlaːŋ,ˈstnauːkʏr,serˈpjente,ˈsneɪk,ˈmɑto,gvɛri,,ŋuː˧
they,uˈlɑr,huːɨ̯,t̪ɛ,,,,dɔm,ˈi.wó,gāt´,,,,ˈɔɲi,isini,ka̠ɾe̞ɾa̠,t̪ara,,θùdo̰,il,ɛdʒær,,,,ˈi.iː,wɔˈnɪ,ɓoːná,tiɛ,,,,ˈhe,,,ˈhyø,onˈlar,,,ˈɔ̀ːni,,ʃiəd̪ˠ,,mərekə,nəˈɾɑŋkʰ,ˈeʎs,,,iət̪,,,,,ziː,kɯdɯɭ,ʔeːˈʃɒːn,,,hu.maː,jæ,ˈɔ.ɲi,ˈøːk,,,,,,ɐˈnʲi,,ˈoɲɪ,o(n)lar,aˈta,ˈne̞,,,,məreka,,ˈnemɑd,uˈɫɑr,tʰaiːɹ,,ʋeː,,ˈuːmɐ,ˈhiː,zɛi̯,ˈe.lɨʃ,,,,hɔ˧˨ʔ,jej,ɛntʰɛpʰɛ,di,ˈnimæʔ,xiʱɔt,ja,,θeiːr,ˈeʎos,ðeɪ,ˈnæmæd,tʰinɛpʰi,,kʰaw˩˩˦
we,,niː,ˈni.ɛ,nanga,,a:m,viː,ˈi.fe,yoeṅ,mambu,na:ʋu,ˈmoɑ̯j,ˈmi,tʃvɛn,ɰᵝa̠ta̠ɕi̥ta̠t͡ɕi,,na:m,t͡ɕoʊʔto̰,nu,næ,mɛ̄ːs,o:m,pʰuak˥˧ hau˦˥,noːs,ˈmɪ,tʰiːná,niɛ,na:m,nanga,mɔː,ˈme,(ʔ)aˈnaχnu,muʐ,ˈmyø,bɪz,naɳgə,jankulu,ˈmíː,,mˠɪdʲ,ɦəm,kami,mɛŋkʰ,noˈzal.tɾəs,ˈnaːmɪn,e̞ˈmis,ʃiɲ,nus,,,manamu,viːɐ̯,uɾi,mɒː,,,naħ.nu,mʲæːs,mɨ,ˈmi,,amme,,na:m,mammoʈ,mɨ,ām,mɪ,,nɛ,ˈme̞ːg,meː,,mana:ɖu,kami,,ˈmeie,bɪ̞ð,,ˈnoi,ɦəm,na:mu,,ˈmiː,ʋɛi̯,ˈnɔʃ,nanga,,,t͡ɕʊwŋ͡m˧˦ toj˧˧,noj,tʃkʰin,,ˈmiːʔ,ami,vɛi̯,,vɪð,noˈsotɾos,wiː,ˈmyː,tʃkʰi,amdə,raw˧
dull,,,,,,,,,,,,,ˈtupiː,blägvi,,,,tóʊɴ,e.mu.se,luwrɛ,,,,ˈhe.bes,,,,,,,ˈtylsæ,,,ˈtyltʃːæ,køɾ,,,ˈtɔ́p,,,,,butʰ,,,,,,,,,ʃtʊm(p)f,mudida̠,,,,ka.liːl,,ˈtɛm.pɨ,,,,,,,tʊˈpoj,,ˈtʊpiː,,,ˈt̪ɨːlzɑ,,,,,,ˈnyri,,,,,,,ˈtylts,bɔt,ˈsɛ.ɣu,,,tuˈpɨ,kun˨˩,toˈt͡ʃit,dʒängulä,sløːv,ˈnyhr,,,,,ˈromo,dʌl,ˈtylpːæ,dʒärguliä,,
meat,,kiːɡ,mɛˈsɔ,iɾatʃi,mɑ̃ː.s̪ɐ́,tukud,ɕœtː,ˈɲa.ma,sāc´,,bāḍu,ˈpie̯rːkuː,ˈmæso,χɔrtsi,ɕiɕi,maŋʃo,iṟaicci,ʔəθá,vjɑ̃d,lɛʁw,ɡaʎa,pi:t,,ˈka.roː,ˈmjɑsɔ,íɲaːma,,ahɖa:,pa:ɖə,ɡɵːʃt,ˈlihɑ,bɔˈsɔr,ɣwaˈ.ʂa,ˈlihɑ,ɛt,əɾsi,ma:sa,mɛˈsóː,,fʲoːlʲ,,daɡeŋ,mis,ˈkaɾn,,ˈkre̞as,,,no˧,,ma:msamu,flaɪ̯ʃ,ko̞ɡi,ɡoːʃt,feːlʲ,max,laħm,,ˈmʲɛ̃.sɔ,ˈhuːʃ,su:,podu,fləis,iɾatʃi,haʋʋi,ˈmʲasə,tūk,ˈmaso,,miʃ,ˈle̞jɑː,çøːt,*ɕa,angi:,,flɛɪʃ,ˈlihɑ,it,t͡ʃʰøːʰt,ˈkar.ne,ɡoːʃt̪,ma:kɖu,,ˈlihɑ,vleːs,ˈkaɻ.ne,eɾatʃi,,ˈmʲasa,tʰit̚˧˨ʔ,ˈkarne,χɔrtsi,,ˈlihɑ,maŋxɔ,flai̯s,fleːʃ,kʰjœːt,ˈkarne,miːt,ˈlihɑ,χɔrtsi,muɾija,nɯa̯˦˥
rub,,,,,,,,,,,,,,χäχuni,,,,pʊʔ,fʁɔ.te,liχdʒənɛ,,,,ˈfri.koː,ˈtɛrte,,,,,,ˈhieroɑ,,,ˈhieruo,,,,,,ˈkɪmʲɪlʲ,,,,fɾəˈɡa,,triˈvo,,,,,,ˈʀaɪ̯bnˌ,pibida̠,mɒːliːˈd̪æn,,,,,tʂɛt͡ɕ,ˈdørʒøl,,,,,,tʲɪˈrʲetʲ,,tr̝̊iːt,,fəɾˈkɔj,ˈɨːrɨ,,,,,,ˈhɤːrumɑ,,,strofiˈnare,rəɡəɽna,,ˈɔˁːrɔk,ˈhostæ,ˈvrɛi̯və(n),ˌes.fɾe.ˈɡa(ɻ),,,,tʰwaː˧˧,freˈka,ɔkʰurtʃɔlu,,ˈhɤːrtmɑ,ɡʱɔɦa,,ˈʀɑɪvən,,,ɹʌb,ˈɤːrtɑː,tʃirkʰɔli,,kʰat̚˨˩
play,,ˈχwaraɨ̯,iˈɡrajə,,,,,,leṅ,,,,ˈɦrac,däkʼvrä,a̠so̞bɯ̟ᵝ,,,sʰɔ̰,ʒwe,liʃmɛ,,,,ˈluː.doː,ˈɦrɑte,,,,,,ˈleikːiæ,,ˈlobe kawəl,ˈkiʒɑtɑ,,,,iˈɡraːti,,ˈɪmʲəɾʲ,kʰeln̪aː,,χɑˈʁɑl,ʒuˈɡa,maɡ.la.ˈɾoʔ,,,,,,,ˈʃpiːlən,ˈno̞ːɭda̠,,,,,ˈʒɐjsʲtʲɪ,ɡrat͡ɕ,ˈjaːt͡sːik,,,,,,ɪˈɡratʲ,,ɦraːt,ojnɑˈmɑχ,,ˈmængɨ,,,,,,ˈmængimɑ,,,d͡ʒoˈkä.re,kʰeːl.nɑː,,,ˈvætæ,ˈspeːlə(n),ʒu.ˈɣaɾ,,,,t͡ɕəːj˧˧,,gɛlätʃämu,lajə,ˈmænkmæ,,,,ˈleiːka,xuˈɡaɾ,pleɪ,ˈmæntʃiæ,mɛgämä,,len˥˩
moon,,ˈɬeɨ̯ad,luˈna,nilatʃi,t͡ɕɐn̪.d̪ɽɐ́,neling,ˈmoːˌnɛ,ˈmʷe.zí,lokkʰae,lendʒu,candra,ˈmaːnnuː,ˈmɛsi̯at͡s,mtʰvärɛ,ta̠iĩɴ,,cantiraṉ,la̰,lyn,dɔʃdul,,nila,,ˈluː.na,,íɲaːnɡá,,tʃando,tinguʋa,,ˈkuː,jaˈʁɛaχ,spoʐˈməi,ˈkuː,aj,pəɾi,tʃendɾe,ˈlùːna,,ɟəˈl̪ˠɑx,,bulan,luˈsin,ˈʎu.nə,,,,ˈlyno,ɣoːŋ˧ ɗɯːn˨˦,,tʃendɾuɖu,moːnt,ta̠ɭ,,eːs,sar,,mʲeːˈnʊlʲɪs,ˈkɕɛŋ.ʐɨt͡s,ˈhold,ʈu:be,nelavə,,tʃendɾan,dʒango,lʊˈna,neliñ,ˈmjɛsiːt͡s,,hənə,ˈkuː,,*zla.ba,sanɖama:ma,bu.lan,,ˈkuː,ɑj,ˈmɔanɪ,ˈlu.na,t͡ʃɑːnd̪,bilpdu,ˈʔaːmɐr,ˈku,maːn,ˈlu.ɐ,tʃendɾa,ˈluɐ,,,ˈlunə,tʰutʰä,,ˈkːuː,zʊn,ˈmwanə,,tʰuŋl,ˈluna,muːn,ˈkuː,tʰutʰä,nela,t͡ɕan˧
child,ˈbɑlɑ,ˈplɛntɨ̞n,dɛˈtɛ,,ɕí.ɕu,,bɑːrn,,kūn,,,ˈmaːnnaː,ˈɟi̯e.ca,bävʃvi,ko̞do̞mo̞,,,kʰəlé,ɑ̃.fɑ̃,bɛpʰʃw,bæ̀ːɾns,,,ˈfiː.li.us,deˈtɪnɐ,uḿ̩ntwaːna,ˈdɛtɛ,,,kɵdæk,ˈlɑpsi,ˈje.led,,ˈlɑpsi,t͡ʃo̞ˈd͡ʒuk,,,ɔˈtrɔ́k,,ˈpˠɑːʃtʲə,,anaʔ,jɛɾɛˈχɑ,ˈnən,,peˈði,,,lɯk˧,ˈzɑːɾok,,kɪnt,ʌ̹ɾini,bætːʃʰe,,,tˁifl,ˈvɐɪ̯ˑkɐs̪,ˈd͡ʑɛt͡s.kɔ,ˈɟɛrɛk,,,kənt,,,rʲɪˈbʲɵnək,,ˈɟiːcɛ,uˈʃɑχ,,ˈlæpʃ,bɑːrn,,,,kɪnd,ˈlɑps,bɑˈɫɑ,ˈpatn,bamˈbi.no,bət͡ʃ.t͡ʃɑː,,,ˈlɑpsʲ,kɪnt,ˈfi.ʎu,,ˈne.na,,ʔɗɨə˧˦ ʔɓɛ˧˦,fiw,bɛrɛ,barn,ˈlɑtːsː,sɔli,bɛːn,kant,ˈpartn,ˈixo,t͡ʃaɪld,ˈlɑhsi,bäʁänä,,luːk̚˥˩
root,,ɡwrai̯ð,ˈkɔrɛn,be:ɾə,,kuɾe,,ˈmu.zu,ṛs,ʋeɾ,be:ɾu,ˈruo̯htas,ˈkɔrɛɲ,pʰɛsvi,ne̞,,ʋe:ɾə,ʔəmjɪʔ,ʁa.sin,tsʼusχund,,ʋeɾ,hâːk,ˈraː.diːks,ˈkɔrʲinʲ,ímpâːnde,,pa:da,pe:ɾə,reʃæ,ˈjuːri,ˈʃoʁɛʃ,,ˈjuːri,,bja:ɾə,be:ɾu,kɔrɛˈnìːna,,fʲɾʲeːvˠ,d͡ʒəɽ,aka(r),ɑɾˈmɑt,əˈrɛl,,,,rraˈis,,ˈɾɛh,ʋe:ɾu,ˈvʊʁt͡sl̩,p͈uɾi,ɾeːʃæ,,untəs,d͡ʒa.ða.ra,ʃɐkʲˈn̪ʲɪs̪,ˈkɔ.ʐɛɲ,ˈɟøkeːr,ɾo:tɛ,bʰulo:gam,,ʋe:ɾə,hi:ɾ,ˈkorʲɪnʲ,vār,ˈkor̝ɛn,kœk,rəːɲ,ˈjuːrʲ,ruːt,*rt͡sa.ba,ʋe:ɾ,,,ˈjuːr,tɑˈmɯ̞r,ɹɔuːt,raˈditʃe,d͡ʒəɽ,banda:,,ˈjurʲ,ˈʋɔr.təl,ʁa.ˈis,be:ɾə,raˈiθ,ˈkoranʲ,ze˦ˀ˥,,dʒidʒi,roːd,ˈjuːr,xia,,ˈvuə̯t͡səl,rouːt,raˈiθ,ɹuːt,ˈʝuːri,dʒindʒi,ʋe:ɾkam,raːk̚˥˩
blow,,ˈχwəθɨ̞,,,,,,,pk´,,,,,bɛrvä,ɸɯ̟ᵝkɯ̟ᵝ,,,m̥oʊʔ,su.fle,libɛlɛ,,,,floː,,,ˈduva,,,,ˈpuhɑltɑː,,,ˈpuhɑlduɑ,,,,,,ʃeːdʲ,,,pʰəˈt͡ʃʰɛl,buˈfa,,,,,,,,ˈblaːzn̩,ˈpuːɭda̠,,,uɮex,na.fa.xa,ˈpǔːsʲtʲɪ,ˈdmu.xat͡ɕ,ˈfuːj,,,,,,dutʲ,,ˈvaːt,,,ˈpuːgɨ,,,,,,ˈpuhumɑ,,,sofˈfjare,,,,ˈpuhudɑ,ˈblaːzə(n),suˈpɾaɾ,,,,tʰoj˧˩,,bäräpʰä,blɛːsə,ˈpːuhkːmɑ,,,,,,bləʊ,ˈpuhuɑ,bäruä,,pʰat̚˦˥
stab,,,,,,,,,,,,,,rtʃʼɔbä,,,,tʰó,pwa.ɲaʁ.de,liswɛm,,,,konˈfo.di.oː,,,,,,,ˈpistæː,,,ˈpystelːæ,,,,,,,,,χoˈtsʰɛl,ə.pu.ɲəˈla,,,,,,,,ˈʃtɛçn̩,,,,,tˁa.ʕa.na,,,ˈdøf,,,,,,zɐˈkalɨvətʲ,,,,,ˈsiskɨ,,,,,,ˈpistmɑ,,,puɲɲaˈlare,,,,ˈtʃokɑitɑ,ˈsteːkə(n),,,,,ʔɗəm˧˧,,ɔtsigu,,ˈtːsːusːkːɑmɑ,,,,,apuɲaˈlaɾ,stæb,ˈpisːæː,tsikʼäpʰä,,tʰɛːŋ˧
water,su,duːr,,ni:ɾu,ɐ́p,ni:r,ˈvatːɛn,ˈma.d͡zí,dẏk,eju,ni:ɾu,ˈt͡ʃaːht͡siː,ˈvɔda,tsʼqʼäli,⟨mi1du⟩,dʒɔl,taɳɳi,jè,o,lits,ûːdɛns,ni:ɾ,nam˥˦,ˈa.kʷa,wɔˈdɑ,ámáːnzi,,amm,ni:ɾə,ɔːb,ˈʋesi,,obə,ˈvesi,ˈsu,ni:ɾə,ni:ɾə,,ˈduːʁ,ˈɪʃcɪ,pɑːniː,,d͡ʒuɾ,ˈaj.ɡwə,ˈtu.biɡ,neˈro,ˈɯʃkʲə,,ɣam˦˨,,ni:ɾu,ˈva.sɐ,muɭ,ɒːb,ˈuʃtʲə,ʊs,maːʔ,,ˈvɔ.da,ˈviːz,di:r,ni:ɾ,ˈvɑːtər,ʋellam,jeɾ,vɐˈda,nīr,ˈvoda,su,ˈujə,ˈve̞ʒ,ˈʋɑtn̩,*t͡ɕʰu,e:ɾu,a.ʔɪr,,ˈʋesi,hɯ̞w,vaʰtn,,pɑː.niː,hamdu,,ˈvezi,ˈʋaːtər,,ni:ɾə,ˈaw.ɡa,vaˈda,nɨək̚˧˦,ˈapə,tsʼkʼäri,vand,ˈvesːi,pa.ni,ˈvɛtər,ˈvaːsɐ,vaʰtn,ˈaɡwa,ˈwɔːtə,ˈvesi,tsʼqʼäri,i:ɾ,naːm˦˥
wide,,ˈɬədan,ʃiˈrɔk,,,,viːd,,l̥h,,,,,pʰärtʰɔ,,,,t͡ɕɛ̀,laʁʒ,mäʃri,plats,,kwaːŋ˥˧,ˈlaː.tus,ʃeˈrɔkei̯,,,,,,ˈleʋeæ,,,ˈlevei,vaːˈsiː,,,,,ˈl̠ʲahənˠ,,,lɑjn,,ma.ˈla.pad,,,,,,,bʀaɪ̯t,nʌ̹ɭt͈a̠,,,ɵrɡəŋ,waː.siʕ,,ʂɛˈrɔ.kʲi,ˈseːlɛʃ,,,,,,ʂɨˈrokʲɪj,,ˈʃɪrokiː,,ˈɟ͡ʝɛ.ɾə,ˈlɑigɑː,,,,,,ˈlɑi,ˈkʲiŋ,ˈpɹaijʊɹ,ˈlarɡo,t͡ʃɔː.ɽɑː,,,ˈleved,,ˈlaɾ.ɡu,,,ʂɨˈrokʲi,zəwŋ͡m˧˨ʔ,larɡ,mbɔli,,ˈlɑkʲɑ,bɔ.ɦɔl,,bʀeːt,ˈpreiːðʏr,ˈaɲ.tʃo,waɪd,ˈlɑdʲdʲɑ,pʰärtʰɛ,,kwaːŋ˥˩.jaj˨˩
sing,,ˈkanɨ̞,ˈpɛjə,,,,,,c̥riaṅ,,,ˈlaːvːluːh(t),,mʁɛrä,ɯ̟ᵝta̠ɯ̟ᵝ,,,θət͡ɕʰɪ́ɴ,ʃɑ̃.te,liʁräl,dziɛ̂dâːt,,,ˈka.noː,sʲpʲiˈu̯ɑte,,,,,,ˈlɑulɑː,,,ˈlɑuluɑ,,,,ˈpɛ̀ːti,,kanˠ,ɡaˈna,,jɛɾˈkʰɛl,kənˈta,,,,,,,,ˈzɪŋən,no̞ɾe̞ɦa̠da̠,sʊɾuːˈd̪æn,,,,dɐjˈnuɔtʲɪ,ˈɕpʲɛ.vat͡ɕ,ˈeːnɛkɛl,,,səŋ,,,pʲetʲ,,ˈspiːvat,oχumaχ,kənˈdɔj,ˈloulɨ,²sʏŋːjɑ,,,,ˈzɪn.ɡn̩,ˈlɑulmɑ,,,kanˈtaːre,ˈɡɑː.nɑː,,ˈkɐntɐ,ˈlɑuldɑ,ˈzɪ.ŋə(n),kɐ̃ˈtaɾ,,,,haːt̚˧˦,kɨnˈta,ɔbiru,sønɡə,ˈlɑulmɑ,ɡʊa,,ˈzɑŋən,ˈsiɲca,kanˈtaɾ,sɪŋ,ˈlɑuluɑ,birä,,kʰap̚˨˩.rɔːŋ˦˥
die,,,oˈmiɾəm,tʃa:ɭa,mɐ́.ɽɐ.t̪i,tukud,,,tāy,,sa:ji,ˈjaːpmiːh(t),ˈumri̯ɛc,sikʼvdili,ɕinɯ̟ᵝ,,tʃa:,θè,mu.ʁiʁ,dägrä,mīɾt,keɖuoisi,taːj˩˧,ˈmo.ri.or,,fá,,kʰena,sa:ʋadə,murdæn,ˈkuolːɑ,,,ˈkuolːɑ,œlˈmɛc,maɾdo:g,sajjaɾa,,,,mərna,mati,mɛrˈnɛl,muˈɾi,,peˈθeno,,,taːi˨˦,,tʃatʃtʃipo:ʋu,ˈʃtɛʁbən,t͡ɕuk̚t͈a̠,moɾˈd̪æn,,,ˈmaːta,ˈmʲɪrʲ.tʲɪ,uˈmʲɛ.rat͡ɕ,ˈmɛkhɒl,kahing,ta:ʋə,,maɾikkuga,ha:,ʊmʲɪˈratʲ,cay,ˈumr̝iːt,œlˈmæk,vdɛs,ˈkuːolɨ,,,ɖollatam,,,ˈsuremɑ,,,moˈrire,məɾ.nɑː,keəa:na:keəida:h,mɪːt,ˈkoldɑ,ˈdoːtxaːn,mu.ˈʁeɾ,tʃ:ɭa,,,t͡ɕet̚˧˦,muˈri,ʁurä,dø,ˈkːuːlmɑ,mɔɹ,,,ˈteiːja,,daɪ,ˈkoːlːɑ,ʁurä,tigte:n,taːj˧
some,,,,,,,ˈnoːˌ(ɡ)ra,,,,,,ˈɲi̯ɛkɔʎkɔ,zɔgi,,,,tət͡ɕʰo̰,dy,ɛrχi,,,,,ˈkilʲka,,,,,,ˈjokin,,,ˈmonies,,,,,,ɾˠəɪn̠ʲtʲ,,,,,,,,,,,,,mjʌ̹t̚,,,,,,ˈtrɔ.xɛ,,,,,,,nʲɪˈmnoɡə,,ˈɲɛkolɪk,,,ˈmuːnd̪ɑ,,,,,,ˈmɤni,,,,t̪ʰoɽaː,,,ˈerɑz,ʋɑt,al.ˈɡũʃ,,,,mot̚˧˨ʔ ʔit̚˧˦,,bäzi,noən,ˈmɤni,,,,,,sʌm,ˈmɤni,nämtʰinɛ,,baːŋ˧
short,,bɨ̞r,ˈkɤs,,,,kɔrt,,k̥ʰlī,,,,ˈkraːtki,mɔkʼlɛ,mʲiʑika̠i,,,tò,kuʁ,kʼudæ,îːs,,,ˈkur.tus,kɔˈrɔtkei̯,,ˈkratɔk,,,,ˈlyhyt,,,ˈlyhyt,,,,ˈkràːtək,,ɟaːɾˠ,t͡ʃʰoː.ʈɑː,,kɑɾt͡ʃ,ˈkuɾt,,,ˈkɤɾʲɪtʲ,,,,,kʊʁt͡s,t͡ɕ͈a̠ɭt͈a̠,kʰuːˈt̪ʰɒːh,,pɔɡʲən,qa.sˁiːr,,ˈkrut.kʲi,ˈrøvid,,,,,,kɐˈrotkʲɪj,,ˈkraːtkiː,ɡɯˈsɑ,,ˈliːt̪ɨ,,,,,,ˈlyhike,qɯ̞θ.ˈqɑ,,ˈkorto,kəm,,,ˈlyhyd,kɔrt,ˈkuɾ.tu,,,kaˈrotkʲi,ŋan˧˦,skurt,mkʼulɛ,kɔrt,ˈlyhykːene,su.ti,,,ˈstʏhtʏr,ˈkorto,ʃɔːt,ˈlyhyd,kʼuntʼä,,san˥˩
mother,ɑnɑ,mam,ˈmajkə,,ɐm.bɑ́ː,,muːr,ˈmá.ji,m̥ṭāy,,,ˈea̯dːniː,ˈmatka,dɛdä,okakasama,,,,mɛʁ,di,māːtɛ,,mɛː˧˧,,ˈmɑte,úmʱáːma,,,,mɔːdær,ˈæiti,ˈ(ʔ)em,mor,ˈmuɑmo,anne,,,ˈmàːti,ˈmãmː,ˈmˠɑːhəɾʲ,,ibu,mɑjɾ,ˈma.ɾə,,miˈtera,ˈmaːhəɾʲ,ˈmajɾe,ma˨˦,,,ˈmʊtɐ,ʌ̹mma̠,mɒːˈd̪æɾ,maːɹ,ix,ʔam.ma,,ˈmat.ka,ˈɒɲɒ,,,,,,matʲ,,ˈmatka,,,ˈje̞mɑː,,,,,ˈmʊtəʁ,ˈemɑ,æˈsæj,ˈmɔuwɪr,ˈma.dre,,,ɔmː,ˈmɑmoi,ˈmu.dər,mɐ̃j̃,,ˈnaj,,mɛ˧˨ʔ,ˈma.mə,nänä,,ˈimæ,ma,,mɑm,ˈmamːa,ˈmadɾe,ˈmʌðə(ɹ),ˈemæ,didä,,mɛː˥˩
sleep,,ˈkəsɡɨ̞,spʲɤ,oɾa,s̪ʋɐ́.pi.t̪i,tukud,soːva,,ṭek,,malagu,ˈoɑ̯ððiːh(t),ˈspac,dzili,,,uṟaṅku,ʔeɪʔ,dɔʁ.miʁ,uʒ,ɡulɛ̂ːt,oɾkʰə,nɔːn˦˥,ˈdor.mi.oː,,,,khandaɾna,oɾəgədə,xɔːbiˈdæn,ˈnukːuɑ,,,ˈmɑguɑ,,aɾgu,dʒippaɾa,ˈspaːti,,ˈkɔd̪ˠɪlʲ,,tido(r),kʰəˈnɛl,duɾˈmi,ma.ˈtu.loɡ,ciˈmame,,,,,nidɾapoʋu,ˈʃlaːfn̩,t͡ɕa̠da̠,xɒːbiˈdæn,,,naː.ma,,spat͡ɕ,ˈɒlsik,xatʃing,oɾəgə,,uɾanguga,mi:ɳɖa,spatʲ,maḍ,spaːt,jɑtˈmɑχ,,ˈmɑgːɨ,,,undʒaʈam,ti.dur,,ˈmɑgɑmɑ,,,dorˈmire,soː.nɑː,andaɾpo ko:ɖa,ˈraːʔɐt,ˈmɑgɑtɑ,ˈslaː.pə(n),duɾ.ˈmiɾ,oɾa,,,ŋu˧˩,dorˈmi,ndʒiri,,ˈmɑkɑmɑ,xʊa,,ˈʃloːfən,ˈsɔːva,dorˈmiɾ,sliːp,ˈmɑkɑː,luri,i:mangsati,nɔːn˧
tongue,,ˈtavɔd,ɛˈzik,na:ʋu,d͡ʑiɦ.ʋɑ́ː,na:ng,ˈtɵŋˌa,ɽiˈɽí.me,ʾṇ̥ṭāt,ʋenɖa:ɾu,na:lige,ˈɲuo̯vtt͡ʃa,ˈja.zik,ɛnä,ɕi̥ta̠,,na:kkə,ʃà,lɑ̃ɡ,nin,mɛ̀ːlɛ,no:f,,ˈlin.ɡʷa,jɐˈzɪk,ûːlîːmi,ˈjazik,takkha,na:lange,zæˈbɔːn,ˈkieli,laˈʃɔn,ˈʒəbə,ˈkieli,ˈdil,nelgi,na:la:ji,ˈjɛ̀ːzik,ˈtɛwt,ˈtʲaŋə,dʒiːbʱ,lidah,lɛˈzu,ˈʎəŋ.ɡwə,ˈdi.laʔ,ˈɣlosa,tʰʲɛŋɡə,ˈleŋɡo,lin˦˨,ˈzɯmɑːn,na:luka,ˈtsʊŋə,çjʌ̹,zæˈbɒ(ː)n,ˈtʃɛnʲə,xiɮ,li.saːn,,ˈjɛ̃.zɨk,ˈɲɛlv,duʋi:,na:lgə,,na:kə,ʋendʒeɾ,(j)ɪˈzɨk,nevãḍ,ˈjazɪk,dil,ˈɟʑuhə,ˈke̞ːʎ,,*lt͡ɕe,na:like,,tsʊŋ(ɡ),ˈkeːl,tɪ̞l,ˈtʰʊŋka,ˈliŋ.ɡwa,dʒiːbʱ,taɖta,,ˈkelʲ,tɔŋ,ˈlĩ.ɡwɐ,na:ʋu,,jaˈzɨk,lɨəj˦ˀ˥,ˈlimbə,nɛnä,tɔnɡə,ˈkːiːl,zi.bʱa,,t͡soŋ,ˈtʰuŋka,ˈlenɡwa,tʌŋ,ˈtʃeːli,ninä,na:lka,lin˦˥
sew,,,ˈʃijə,,,,,,,,,,,kʼɛrvä,nupu,,,t͡ɕʰoʊʔ,kudʁ,liʃχbi,ʃūːt,,,ˈsu.oː,,,,,,,ˈomːelːɑ,taˈfar,,ˈomːelːɑ,,,,,,,,,kɑˈɾɛl,kuˈzi,,,,,,,,ˈnɛːən,ˈkiːp̚t͈a̠,,,,xajtˁ,ˈsʲuːtʲɪ,ʂɨt͡ɕ,ˈvɒrː,,,,,,ʂɨtʲ,,,,,ˈumblɨ,,,,,,ˈɤmblemɑ,,,kuˈtʃire,,,,ˈombeltɑ,ˈnaːjə(n),,,,ʂɨt͡sʲ,xəw˧˧,,ɔtʃʼu,syː,ˈumplɤmɑ,xia,,ˈbitsen,ˈsøyːma,ko.ˈser,səʊ,ˈɤmːɤɑ,tʃʼälä,,jep̚˦˥
fish,,pəsˈɡɔdɨ̯n,ˈribə,mi:nə,mɐ́t̪.s̪jɐ,mi:n,fɪsk,ˈⁿsó.ᵐba,t̥rī,,mi:nə,ˈkuo̯lliː,ˈriba,tʰɛvzi,uwo,mɑtʃʰ,mi:nə,ŋá,pwa.sɔ̃,tsuz,ziws,mi:n,pa᷅ː,ˈpis.kis,ˈrɪbɐ,ínɬaːnzi,,indʒo,mi:nə,mɔːhiː,ˈkɑlɑ,daɡ,kab,ˈkɑlɑ,bɑ.ˈɫɯk,mi:nu,mi:nə,ˈrìːba,,iəsˠk,,ikan,d͡zuk,ˈpeʃ,,ˈp͡sari,,,pʲa˨˦,ˈmɑːsiː,tʃe:pa,fɪʃ,muɭk͈o̞ɡi,mɒːhiː,jiːst,t͡saɢəs,ˈsamaka,,ˈrɨ.ba,ˈhɒl,matʃtʃi:,mi:nə,fəs,mi:n,mi:n,ˈrɨbə,key,ˈrɪba,,pɛʃk,ˈkɑlɑː,,*ȵa,ki:ke,,fɪʃ,ˈkɑlɑ,bɑˈɫɯ̞q,ˈfɪskʊɹ,ˈpeʃːe,mət͡ʃʰ.liː,mi:ndu,,ˈkɑlɑ,vɪs,ˈpɐjʃɨ,mi:nə,ˈpejʃe̝,ˈrɨba,kaː˧˦,ˈpeʃte,tʃχɔmi,fesk,ˈkːɑlɑ,mas,fɪsk,feʃ,ˈfɪskʏr,ˈpeθ,ˈfɪʃ,ˈkɑlɑ,tʃχɔmi,guɖɖi,plaː˧
cloud,,ˈkʊmʊl,,mo:ɖa,mɐj.ɡʱɐ́,tukud,,mˈta.ᵐbo,bbk,ha:gu,mēgha,ˈpalːva,,ʁrubɛli,⟨kumo1⟩,,me:gam,tèɪɴ,ny.aʒ,mɛrɛ,,me:gam,mêːk,,,íːfu,,bada:li,mandʒu,,ˈpilʋi,(ʕ)aˈnan,,ˈpilvi,buˈɫ̩ut,mo:ɖə,mo:ɖa,ɔˈbláːk,ˈku.mul,ˈsˠkamˠəl̪ˠ,meːɡʱ,a.wan,ɑmp,,,ˈsinɛfɔ,ɲiaɫ̪,,fɯ˥,,me:gʰamu,ˈvɔlkə,kuɾɯm,(ʔ)æbɾ,,,sa.ħaː.bah,,ˈxmu.ra,ˈfɛlɦøː,dʒammaɾ,me:gam,vɔlk,mekʰam,mabbu,ˈobləkə,malgur,mrak,,,ˈpiːlɑ,ʃyː,*sprin.pa,mabbu,,,ˈpilʋ,bʊ̞ˈɫʊ̞t,skʊt͡ʃː,ˈnu.vo.la,meːɡʱ,badli:,ˈsħaːbɐ,ˈpilvʲ,ʋɔlk,ˈnu.vɐj̃,mo:ɖa,,ˈxmara,məj˧˧,nor,pʼulä,,ˈpːilv,daɔɹ,,ˈvolək,sciː,,klaʊd,ˈpilvi,munäpʰä,a:bar,meːk̚˥˩
egg,,uːɨ̯,jəiˈt͡sɛ,muʈʈe,,kaɾbə,ɛɡː,ˈd͡zi.ɽa,s′ut,tala,moʈʈe,ˈmonniː,ˈvajt͡sɛ,kʼvɛrtsχi,ta̠ma̠ɡo̞,ɖim,muʈʈe,ʔṵ,œf,ləgrɛ,uōla,muʈʈe,kʰāi,ˈoː.wum,,íːǃaːndá,ˈjajt͡sɛ,bi:,moʈʈe,tuxm,ˈmunɑ,,həɡəi,ˈmunɑ,jumuɾˈta,mujɾgi,ketti,ˈjàːjtsɛ,,uː,,təlo(r),d͡zu,ˈɔw,ʔitˈloɡ,ta.oˈa,u,,kʲai˧˥,,guɖɖu,aɪ̯,ta̠ɭɡja̠ɭ,t̪ʰoχm,au,,,,ˈja.jɔ,ˈtojaːʃ,xuahae,mooʈə,ˈəiər,muʈʈa,mi:ndʒ,(j)ɪjˈt͡so,tūk,ˈvɛjt͡sɛ,jumurˈtɑ,,ˈmunɑː,ɛɡː,*zɡoŋ.ŋa,gaɾbam,,,ˈmunɑ,kʏˈkæj,ɛkː,ˈwɔ.vo,ən.ɖɑː,ɾaɾapa:ndu,ˈbɐjdɐ,ˈmunɑ,ɛi̯,ˈo.vu,muʈʈe,ˈɔ.βʊ,ˈjajka,t͡ɕɨŋ˧˦,ow,mäkʰväli,ɛːɡ,ˈmunɑ,kɔ.ni,aːi̯,e,ˈɛkː,ˈwebo,ɛɡ,ˈmunɑ,märkʰväli,sanku,kʰaj˨˩
laugh,,,,,,,,,soec,,,ˈt͡ʃajːpmah(t),ˈsmi̯ac sa,sitsili,ɰᵝa̠ɾa̠ɯ̟ᵝ,,,jì,ʁiʁ,litswnäl,,,,ˈriː.de.oː,,,sɛ ˈsmɛ.ɛ,,,xændidæn,ˈnɑurɑː,t͡saˈχak,,ˈnɑkruɑ,,,,,,ɡɑːɾʲ,,tawə,t͡sit͡sɑˈʁɛl,ˈriw.ɾə,,,,,,ˈkɛniːn,,ˈlaχn̩,ˈuːt̚t͈a̠,xænd̪iːˈd̪æn,,,dˁa.ħik,,ɕmʲat͡ɕ ɕɛ,ˈnɛvɛt,,,ɫɐχ,,,smʲɪˈjat͡sːə,,smaːt,ɡylmæc,cɛʃ,ˈnɑgrɨ,,,,,,ˈnɑermɑ,,,ˈri.de.re,ɦə̃s.nɑː,,,ˈnɑgrdɑ,ˈlɑxə(n),ˈʁiɾ,,,,kɨəj˨˩,,dzitsini,leː,ˈnɑːrtmɑ,ɦɔɦa,ˈlai̯tsjə,ˈlaːχən,ˈl̥aiːja,,laːf,ˈnɑgrɑː,dzitsä,,kʰam˩˩˦
head,,pɛn,ɡləˈva,tile,,ta:l,ˈhʉːˌvɵd,ˈmu.tú,k̥pāl,tɾajun,tale,ˈoɑ̯jːviː,ɦɫava,tʰävi,a̠ta̠ma̠,mat̪ʰa,talə,ɡáʊɴ,tɛt,tʰχwim,ɡâlva,maʈʈə,hua˩˨,ˈka.put,ɦɔlɔˈu̯ɑ,îːkʰâːnda,,kuk,manɖe,sær,ˈpæː,ʁɔʃ,,ˈpiæ,ˈbɑʃ,maɳɖi,manɖa,ˈɡlàːʋa,pɛ̃n,caun̪ˠ,,kəpalə,ɡəˈluχ,ˈkap,,ce̞ˈfali,,kap,kʲau˥,,tala,kɔpf,mʌ̹ɾi,sæɾ,caun,tʰɔɮɢɔi,ra.ʔa.sa,,ˈɡwɔ.va,ˈfɛj,ka:ʈum,manɖə,,tala,talla,ɡəlɐˈva,tel,ˈɦlava,bɑʃ,kɔkə,ˈpæː,,*mɡo,talaka:j,kə.pa.la,,ˈpeɑ,ˈbɑʂ,hœtː,ˈtɛs.ta,sɪɾ,kukudu,ˈrɐːs,ˈpæ,ɦoːft,kɐ.ˈβe.sɐ,maɳɖe,ˈtɛsta̝,ɣaɫaˈva,ʔɗəw˨˩,kap,dudi,hoːvəd,ˈpːæː,muɹ,ˈholə,,hœːvʏθ,kaˈbeθa,hɛd,ˈpæː,dudi,tal,hua̯˩˩˦
where,,,,,,,dɛːr,,,,,,ˈɡɟɛ,säd,idu,,,,u,imɛg,kùɾ,,,ˈu.bi,ˈdɛ,,ˈkadɛ,,,,ˈmisːæ,ejˈfo,,ˈkus,nɛɾɛd̪ɛ,,,ˈkjèː,,,,di manə,vɔɾˈtɛʁ,ˈon,,,,ˈunt,,,,voː,ʌ̹di,kʰoˈdʒɒː,,,,kʊr,ɡd͡ʑɛ,ˈɒɦol,,,,,,ɡdʲe,,ɡdɛ,ˈhɑrɑ,,ˈkus,,,,,vʊ,ˈkus,ˈqɑjðɑ,,ˈdove,,,,ˈkus,ʋaːr,ˈõ.d͡ʒi,,ˈonde̝,,ʔɗəw˧˧,ˈunde,sɔ,,ˈkːon,zot,,,,ˈdonde,ʍɛə(ɹ),ˈkuzɑ,sɔ,,tʰiː˥˩.naj˩˩˦
sky,ɑsˈmɑn,ˈau̯ɨ̞r,nɛˈbɛ,,,,,,megʰ,,,,ˈɲɛbɔ,tsä,so̞ɾa̠,akaʃ,,káʊɴɡɪ̀ɴ,sjɛl,dɛts,,,,ˈkae̯.lum,,,,,,,ˈtɑiʋɑs,,hask,ˈtɑivɑs,ˈɡœcjyz̟y,,,nɛˈbóː,ˈo.abl,eːɾˠ,,laŋet,jɛɾˈkiŋkʰ,ˈsɛl,,,,,ɓɯn˨˦,,,ˈhɪml̩,ha̠nɯɭ,ɒːsˈmɒːn,,,sa.maːʔ,dɐŋˈɡʊs,ˈɲɛ.bɔ,ˈeːɡ,,,lœχ,,,ˈnʲebə,,ˈnɛbɛ,ɡœj,,ˈt̪ouvɨs,,*gnam,,la.ŋit,,ˈtɑeʋɑs,kʏk,ˈhiːmɪn,ˈt͡ʃɛ.lo,,,,ˈtɑivɑz,ˈɦeː.məl,ˈsɛw,,ˈθɛ.ʊ,ˈnʲeba,t͡ɕəːj˨˩,t͡ʃer,tsä,,ˈtːɑivɑsː,akax,,ˈhimel,ˈhɪːmɪnː,firmaˈmento,skaɪ,ˈtɑivɑ,tsä,,faː˦˥
who,,puːɨ̯,kɔj,ja:ɾu,kɐ,tukud,,ˈⁿda.ní,ʾ̥nkṇā,daat,ja:ɾu,,kto̞,vin,tare,,jaarə,bəθù,ki,jær,,oɾi,,kʷis,ˈxtɔ,úɓaːní,kɔj,ne,ta:ɾa,,ˈkukɑ,,,ˈken,cim,da:ɾə,je:ɾu,ˈɡdòː,piv,ceː,,siapə,ɔv,ˈki,,,koː,,,,evaru,veːɐ̯,nuɡu,kʰej,,,mann,,ktɔ,ˈki,de:ɾ,da:ɾə,,a:ɾə,boɾ,kto,ed,ɡdo,kim,kuʃ,ˈkis,,*su,be:nonɖu,,,ˈkes,kɪ̞m,kvøːr,k̟i,kɔːn,ne:du,,ˈken,ʋi,kẽ(j̃),da:ɾə,,xto,ʔaːj˧˧,,min,vɛm,ˈkːiæ,,,,xʷɛːr,ˈkjen,hw,ˈtʃen,mi,bʰu:mi,kʰraj˧
sand,qum,,ˈpʲasək,maɳə,,ma:n,,mˈt͡ʃe.ᵑɡa,k̥ʰsāc´,bali,maraɭu,ˈsaːttuː,ˈpi̯ɛsɔk,kʰviʃä,sɨᵝna̠,,maɳal,θɛ́,sɑbl,kʰwiʃɛ,,manal,,aˈreː.na,pʲiˈsɔk,ísiɬaɓâːtʰi,,tʃalkuɾu,pakke,reɡ,ˈhiekːɑ,,,ˈtʃuːru,kum,maɳalə,pojja,ˈpèːsək,tʁɛs,ˈɡanʲəvˠ,,pase(r),ɑˈvɑz,ˈso.rə,,,,ˈsaβlo,θa˨˦,,isuka,zant,mo̞ɾe̞,,ˈɡʲanʲax,,raml,,ˈpʲa.sɛk,ˈhomok,ɾe:k,bʰulo:gam,sant,maɳal,uske,pʲɪˈsok,man,ˈpiːsɛk,,,ˈjɨugɨ,sɑnd,,isike,,,ˈliːʋ,qʊ̞m,,ˈsab.bja,ɾeːt̪,ba:li,,ˈlete,zɑnt,ɐˈɾɐjɐ,maɳa,ˈʃaβɾe̝,pʲaˈsok,kaːt̚˧˦,niˈsip,ʁumi,san,ˈliːv,ba.li,,zɑnt,ˈsantʏr,aˈɾena,sænd,ˈliːvɑ,kʰviʃä,usuka,saːj˧
snow,,ˈei̯ra,snʲak,,ɦi.mɐ́,,snøː,,b̥ril,,,ˈmuo̯hta,ˈsɲɛx,tʰɔvli,⟨yuki1⟩,bɔrɔf,,n̥ɪ́ɴ,nɛʒ,musw,snìɛks,,,niks,ˈsʲnʲiɦ,íːǃʰwa,,,,,ˈlumi,ˈʃeleɡ,wɑˈwra,ˈlumi,kaɾ,,,,,ˈʃnʲaxt̪ˠə,,,d͡zjun,ˈnew,,,,ˈnɛw,nai˨˦,,,ʃneː,nun,,ˈʃnʲaxt̪ə,t͡sʰas,θald͡ʒ,sʲnʲjæɡɐs,ɕɲɛk,ˈhoː,,,sniu,,,sʲnʲek,,sɲiːx,,,ˈlum,snøː,*ɡaŋs,,,,ˈlumi,qɑr,,ˈne.ve,bə.ɾəf,,,ˈlumi,sneːu̯,ˈnɛ.vɨ,,ˈnɛβɪ,sʲnʲex,twiət̚˧˦,zəˈpadə,mtʰviri,,ˈlumi,bɔɹɔf,sniə,ʃnɜɪ,snjouːr,ˈnjebe,snəʊ,ˈlumi,tʰiri,,hi˨˩.maʔ˦˥
hear,,ˈkləu̯ɛd,ˈtʃuvəm,ke:ɭu,,tukud,,,ḹ,,ke:ɭu,,,smɛnä,kʲi̥kɯ̟ᵝ,ʃonɑ,ke:ɭə,t͡ɕá,ɑ̃.tɑ̃dʁ,səmæn,dzìɾdɛ̂ːt,ke:l,,ˈau̯.di.oː,ˈt͡ʃute,,,menna,ke:pə,ʃunidan,ˈkuːlːɑ,ˈʃema,awraˈwəl,ˈkuːlːɑ,,kə:ɭ,keɳaɾa,,,klˠɔʃ,,dəŋa(r),ləˈsɛl,sənˈti,,aˈkuo,,,,ˈbiːstɯn,ʋinu,ˈhøːrən,tɯt̚t͈a̠,ʃeniˈdæn,,,sa.mi.ʕa,,ˈswɨ.ʂɛt͡ɕ,ˈhɒlː,bining,ke:lə,,kelkuga,kendʒ,ˈslɨʂətʲ,ven,ˈslɪʃɛt,,,ˈkuːloː,,,ke:dʒa,də.ŋar,,ˈkuːlmɑ,,,,sʊn.nɑː,me:na,ˈsɐmɐ,ˈkuldɑ,ˈɦoːrə(n),owˈviɾ,ke:ɭə,ɔˈiɾ,,ŋɛ˧˧,,ɔʃkʼinu,høːrə,ˈkːuːltmɑ,xu.na,ˈjɛ(ː)rə,ˈhei̯ʀen,ˈheiːra,oˈiɾ,hɪə(ɹ),ˈkuːlːɑ,rtʃkʰilä,ʋinti,daːj˥˩.jin˧
other,,ˈaraɬ,druk,,,,,,,,,,ˈdruɦiː,sχvä,ho̞ka̠,,,ʔət͡ɕʰá,otʁ,iʃgɛn,,,,ˈal.ter,ˈinʃɪj,,,,,,ˈmuː,,bəl,ˈtoini,di(j)eɾ,,,ˈdrùːɡi,ˈalː,ˈɛlʲə,,,ɑjl,,,,ˈelə,,,,,ˈʔandəʀə,ta̠ɾɯn,diːˈɡʲæɾ,,,,,ˈin.nɨ,ˈmaːʃik,,,,,,drʊˈɡoj,,ˈdruɦiː,bɑʃˈkɑ,,ˈmuː,,,,,,ˈteine,bɑʂˈqɑ,,ˈal.tro,ənj,,,ˈtoine,ˈɑn.dər,ˈo(w).tɾu,,,ˈjinʂɨ,xaːk̚˧˦,alt,tʃkʰvä,andrə,ˈtːɤːnɤ,an,,,,ˈotɾo,ˈʌðə(ɹ),ˈmuː,ʃχvä,,ʔɯːn˨˩
small,kiˈt͡ʃik,baːχ,ˈmalək,tʃeɾija,,kande:k,ˈliːˌtɛn,,tūc,,tʃikkadu,,ˈmaliː,pʼätʼärä,tipisasi,,ciṟiya,θé,pə.ti,χɔχrä,,ke:ɾu:ɖə,,ˈpar.wus,mɐˈlɛnʲkei̯,,maɫ,sanni,kunnadə,,ˈpieni,,waˈɺ̢ukai,ˈpieni,cyˈtʃyc,kiɾi,kiɲa,ˈmáːjxən,,bʲɔɡ,t͡ʃʰoː.ʈɑː,,ˈpʰɔkʰəɾ,pəˈtit,,miˈkro̞s,pek,,,,tʃinna,klaɪ̯n,ˈt͡ɕa̠ːk̚t͈a̠,kʰuːtʃʰækʲ,,,sˁa.ɣiːr,ˈmaːʒɐs,ˈma.wɨ,ˈkit͡ʃi,tʃunak,guntə,,tʃeɾija,tʃinna,ˈmalʲɪnʲkʲɪj,cin,ˈmaliː,kiˈt͡ʃik,ˈvɔɡəl,ˈpiʃki,,*t͡ɕʰuŋ.t͡ɕʰuŋ,tʃinnad,kə.tʃil,ˈkleɪn,ˈʋæike,bæ.læˈkæj,,pikˈko.lo,t͡ʃʰoː.ʈɑː,ɾikʋa:di,zaˁjr,ˈpenʲ,klɛi̯n,pɪ.ˈke.nʊ,tʃeɾijadə,peˈkeno̝,maˈlʲenʲkʲi,ɲɔ˧˩,mik,tʃʼutʼä,lilə,ˈvæikːu,xɔ.ɹu,,n,smauːr,peˈkeɲo,smɔːl,ˈpeːni,tʃʼitʃʼɛ,sinna,lek̚˦˥
fear,,,,,bʱɐ.jɐ́,,,,,,,,strax,ʃiʃi,,,,bəjà,pœʁ,mäqʼäl,bâjlɛs,,,ˈpa.wor,,,,,,,ˈpelætæ,,,ˈvɑrɑt,,,,ˈstráːx,ɔ̃n,ˈaɡlˠə,,,vɑχ,ˈpo,,,,,,,,ʔaŋst,ˈko̞ːŋpʰo̞,,,,xawf,,strax,ˈfeːlɛlɛm,,,frɪəs,,,strax,,ˈstrax,ɡorˈχu,ˈfɾik(ə),ˈæd̪ɑːgɨ,,,,ta.kut,,ˈkɑrtmɑ,,,paˈu.ra,,,,ˈvɑrɑitɑ,ɑŋst,ˈme.du,,,,,ˈfrikə,ʃkʼurinä,,ˈpːelkæmæ,bʱɔe,,aŋʃt,ˈr̥aiðstla,ˈmjedo,fɪə,ˈpelːætæ,ʃkʰurini,,klua̯˧
many,,,,tumba,bɐ.ɦú,tukud,,,c̥roen,,halaʋu,,,bɛvri,,,palə,mjá,bo.ku,mäsærd,dāūdz,uppu:m,,ˈmul.tiː,bɐˈɦɑtɔ,,ˈmnɔɡu,bagge,appaɾa,,ˈmontɑ,,ɖer,ˈæijæ,tʃɔk,kajɾijə,ba:ɾi,ʋɛˈlìːkɔ,,əˈl̪ˠɑːnˠ,,baɲak,ʃɑt,ˈmolt,,,ˈiməɣ,,,ˈɡɛlɛk,nānā,ˈfiːlə,ˈma̠ːnɯn,zɪˈjɒːd,,,ka.θiːr,dɐuɡ,ˈvʲɛ.lɛ,ˈʃok,ba:z,i:dʒo:ɖ,bajə,pala,dʒa:sta,ˈmnoɡə,tūk,ˈmnoɦo,t͡ʃɔχ,,ˈpæːgiɲ,,,tʃa:la,baɲak,aˈsax,ˈpɑlju,kʏp,ˈmɛŋkʊɹ,,bɔˈhɔt̪,di:kehi,,ˈæi,veːl,ˈmũj̃.tuʃ,dumba,,,ɲiaw³³,mult͡sʲ,didɔ,manɡə,ˈpːɑlːʲo,,,,ˈmarkʏr,ˈmut͡ʃos,ˈmɛni,ˈmitːomɑ,brɛli,peɾe,
mountain,tɑʁ,ˈmənɨ̞ð,pləniˈna,kundə,pɐ́ɽ.ʋɐ.t̪ɐ,kappe,bɛrj,ˈpʰi.ɽi,b̥ʰnṃ,,beʈʈa,ˈvaːrriː,ˈɦɔra,mtʰä,ja̠ma̠,pɔrbɔt,malai,tàʊɴ,mɔ̃.taɲ,läχw,kâlns,tiʈʈə,pʰu᷄ː,mons,ɦɔˈrɑ,íntaːɓa,,paɾta,male,,ˈʋuori,haʁ,ɣar,ˈmægi,dɑː,bəʈʈə,da:ɾi,ɡɔ̀ːra,,ʃlʲiəvˠ,pəhɑːɽ,ɡunoŋ,lɛr,,,ˈo̞ro̞s,,,pʲa˨˦,ˈt͡ʃiːjɑː,konɖa,bɛrk,sʰa̠n,kuːh,slʲuː,ʊːɮ,d͡ʒa.bal,ˈka͡l.nɐs,ˈɡu.ra,ˈhɛɟ,maʃ,ʋe:ʈume,,mala,meʈʈa,ɡɐˈra,tūk,ˈɦora,,mal,ˈmæg,fjɛlː,*ri,gubal,,,ˈmægi,tɑw,fjatl,monˈtaɲɲa,pə.ɦɑːɽ,be:ɖo paha:ɖi,,ˈmægi,bɛrx,mõ.ˈtɐ.ɲɐ,kundə,monˈtaɲa̝,,nuj˧˦,ˈmuntɛ,gɔlä,bjɛrv,ˈmæki,,bɛrx,biə̯χ,fjatl,monˈtaɲa,ˈmaʊntɪn,ˈmætʃi,gɔlä,danɖime:ʈ,pʰuː˧
fat,,ˈbrastɛr,,tʃiɾabi,,me:n,fɛt,,k̥ʰlāñ´,,kobbu,,tuk,tsχimi,ɕibo̞ː,tʃorbi,koɻuppə,ʔəsʰì,ɡʁɛs,mətʃχim,,koɻəppə,,ˈa.deps,,ámafûːtʰa,,neʈa,koɭəppə,,ˈrɑsʋɑ,,,ˈrɑzvɑ,ˈj‿a,tanniʋi,tʃeɾabi,,,sˠail̠ʲ,tʃərbiː,,t͡ʃɑɾp,,,ˈli.pos,,,,,koʋʋu (noun),fɛt,t͡ɕiba̠ŋ,tʃærbiː,,oːx,,rʲɪəbɐˈlɐɪ̯ˑ,twuʂt͡ʂ,ˈʒiːr,tʃaɾpi:,koɭupu,,koɻuppə,koɾondʒ,ʐɨr,koṛukuḍ,,,,ˈrɑzɑː,,,kodoʋo:s,,,ˈrɑsʋ,,ˈfiːtɪ,ˈɡras.so,,nedʒdʒa,,ˈrɑzv,vɛt,ɡoɹ.ˈdu.ɾa,tʃeɾabi,,,məː˦ˀ˥,,jäʁi,fet,ˈrɑsːɤv,,,,ˈfɪːta,ˈɡɾasa,fæt,ˈrɑzvɑ,gägäbi,bʰu:mi,kʰaj˩˩˦.man˧
ash,,ˈɬɨ̞dʊ,ˈpɛpɛl,bu:di,,niɖ,,t͡ʃiˈpa.ɽa,kṃñm,,bu:di,,ˈpɔpɔɫ,pʰɛrpʰli,,,sa:mbal,pjà,sɑ̃dʁ,kʰæm,,pu:di,,ˈki.nis,ˈpɔpʲil,uḿ̩loːtʰa,,tʃind,kolabu:di,,ˈtuhkɑ,,,ˈtuhkɑ,ˈcʏl,pi:di,tʃu:nja,pɛˈpéːw,ˈlyːdy,l̪ˠuə,rakʰ,abu,moˈχiɾ,,,,,,,ˈxwɛliː,bu:ɖida,ˈaʃə,t͡ɕe̞,xɒːkʲesˈt̪ʰæɾ,,uns,ra.maːd,,ˈpɔ.pʲuw,ˈhɒmu,his,po:du atukə,,tʃa:mbal,ni:ɾ,ˈpʲepʲɪl,nīd,ˈpopɛl,,,ˈt̪uːgɨ,,*ɡo.tʰal,bu:ɖida,abu,,ˈtuhk,ˈkʏ̞l,ˈœska,,rakʰ,bʰumi,,ˈtuhk,ɑs,,bu:di,,ˈpopʲeɫ,t͡ɕɔ˧˧,,nɔmtʃkʰä,,ˈtːuhkː,saɪ,ˈjɪskə,æʃ,ˈaska,θeˈniθa,ˈæʃ,ˈtuhkɑ,nätʃʼvi,buggi,tʰaw˥˩
swell,,,,,,,,,,,,,,ʃɛʃupʼɛbä,,,,,ɡɔ̃.fle,liʃiɛ,,,,in.tuˈmeːs.koː,,,,,,,ˈpɑisuɑ,,,ˈpɑisuo,,,,,,,,,uˈrɛl,imˈflaɾ.sə,,ˈpɾizome,,,,,,ˈʃvɛlən,pupʰuɭda̠,,,,,,ˈpux.nɔɲt͡ɕ,ˈdɒɡɒd,,,,,,rəzdʊˈvat͡sːə,,,,,ˈpɑist̪ɨ,,,,,,ˈpɑisumɑ,,ˈpœlna,,,,,ˈpuhlotɑ,ˈzʋɛlə(n),ĩ.ˈʃa(ɹ),,,,sɨŋ˧˧,,ɔbäru,,ˈpːɑisːtːumɑ,pʰu.la,,,,,swɛl,ˈpɑisːuɑ,mbäruä,,bua̯m˧
river,,ˈavɔn,rɛˈkɤ,,n̪ɐ.d̪íː,,fluːd,mˈt͡sí.ⁿd͡ʒe,dn̥le,,,ˈjohka,ˈri̯ɛka,mdinärɛ,kapa,nod̪i,,mjɪʔ,flœv,tʃʼälæ,,,mɛː˧˧ nam˥˧,ˈfluː.men,rʲiˈkɑ,uḿ̩fuːla,,,,rɵd,ˈjoki,naˈhaʁ,siŋd̪,ˈjogi,,,,ˈrèːka,ˈstɛːr,əunʲ,nədiː,suŋai̯,ɡɛt,ˈriw,,,,ˈrriw,ta˧,ˈt͡ʃɛm,,flʊs,ka̠ŋ,ɾuːd̪,aunʲ,,nahr,ˈʊpʲeː,ˈʐɛ.ka,ˈfojoː,,,rəˈfiːr,,,rʲɪˈka,,ˈr̝ɛka,,,ˈjoug,,,,,,ˈjɤgi,jɯ̞ɫˈʁɑ,ɔaː,ˈfju.me,nədiː,,ˈʃmɐːrɐ,ˈjogi,riːˈviːr,ˈʁi.u,,ˈri.o̝,raˈka,səwŋ͡m˧˧,rɨw,ɔrubä,,ˈjɤki,noɪ,,flos,fljouːt,ˈri.o̞,ˈɹɪvə,ˈʝɤgi,mältsʼqʼäri,,mɛː˥˩.naːm˦˥
stone,tɑʃ,ˈkarɛɡ,ˈkamək,kallu,,kanɖ,,ˈmʷa.ɽá,t̥ʰm,ʋali,kallu,ˈkea̯ðːkiː,ˈkamɛɲ,kʰvä,iɕi,,kallə,t͡ɕaʊʔ,pjɛʁ,bætʃ,,kaɾs,,ˈla.pis,,íːtʃe,,pakʰna,kallə,sæŋ,ˈkiʋi,ˈeven,,ˈkivi,tɑʃ,kallə,kallu,ˈkàːmən,,klˠɔx,,batu,kʰɑɾ,ˈpe.dɾə,ba.ˈto,,,ˈpɛjɾo,,ˈkɛvɯɾ,ɾa:ji,ʃtaɪn,to̞ːɭ,sæŋɡ,klaːx,,,,ˈka.mʲɛɲ,ˈkøː,xal,kal,,kallə,baɳɖa,ˈkamʲɪnʲ,kel,ˈkaːmɛn,,ɡuɾ,ˈkiv,,*rdo,ɾa:j,,,ˈkiʋi,tɑʂ,,ˈpjɛtra,pət̪.t̪ʰəɾ,guga,,ˈkivi,steːn,ˈpɛ.dɾɐ,kallə,ˈpɛðɾɐ,,ʔɗaː˧˦,,kʰvä,,ˈkːivi,pa.tʰɔɹ,stiə̯n,ʃteːn,steitn,ˈpjedɾa,stəʊn,ˈtʃivi,kʰuä,gunɖə,hin˩˩˦
hair,,ɡwaːɬd,koˈsa,tilami,kɐ́j.ɕɐ,tʃendi,hoːr,,sk´,bana,kūdalu,,,tʰmä,,tʃul,muɖi,zəbɪ̀ɴ,ʃə.vø,pʰätʰw,mats,mi:ɾs,,ˈko.ma,wɔˈlɔsʲːɐ,ûːnwéːle,ˈkɔsa,tʃuʈʈi,oɾame,,ˈkɑrʋɑ,sa.ʔaˈʁa,,ˈhivus,sat͡ʃ,ta:kəɾə,ku:dʒal,ˈláːs,,ɡɾˠuəɟ,bɒːl,rambot,,kəˈbəʎ,bu.ˈhok,,,,,,veɳʈɾukalu,haːɐ̯,mʌ̹ɾikʰa̠ɭ,mo,,,ʃa.ʕa.ra,,ˈvwɔ.sɨ,ˈhɒj,puʒʒɛ,manɖə mi:ɾə,,muɖi,kel,ˈvoləsɨ,tūk,ˈvlasɪ,sɑt͡ʃ,ˈcimɛ,ˈkoːrɑ,hoːr,,dʒuʈʈul,,hɔʁ,ˈkɑrʋ,sæs,hɔaːɹ,,bɑːl,ta:li,ʃaˁːr,ˈibus,ɦaːr,kɐ.ˈβe.lu,telami,kaˈβ̞elʊ,ˈvoɫas,tawk͡p̚˧˦,,tʰɔmä,,ˈkːɑrv,suli,,hoː(e)ʀ,hauːr,kaˈbeʎo,hɛə,ˈivuz,tʰumä,ti:ɾu,pʰom˩˩˦
left,,χwiːθ,ˈlʲaf,,,,,,c̥ʰveṅ,,,,,märtsχɛnä,çida̠ɾʲi,,,bɛ̀,ɡoʃ,lɛrtʰɛn,kɾèjs,,,ˈlae̯.wus,,,,,,,ˈʋɑsen,,,ˈhuruɑ,,,,,,clʲeː,,kiri,d͡zɑχ,əsˈkɛ.rə,,,kʰʲaːrˠ,,,,,lɪŋk,,tʃæp,,,ja.saːr,,ˈlɛ.vɨ,ˈbɒl,,,,,,ˈlʲevɨj,,ˈlɛviː,soɫ,,ˈkurɑː,,,,,,ˈʋɑsɑk,huɫ,,,,,ʃɛlːuːk,ˈhurɑ,lɪŋks,iʃ.ˈkeɾ.ðu,,,,t͡ɕaːj˧˦,stɨŋɡ,kʼväntʃχäri,,ˈkːurɑ,,,leŋks,,,lɛft,ˈkurɤɑz,kʼvärtʃχäni,,saːj˦˥
four,tøt,ˈpɛdwar,,,t͡ɕɐ́.t̪uɽ,,ˈfyːˌra,,puan,,,ˈɲe̯aʎːʎe,ˈʃtiri,ɔtʰχi,jo̞,,,lé,katʁ,wɔʃtʰχw,tsætri,,siː˧˧,ˈkʷat.tu.or,t͡ʃoˈtɪrɪ̞,,,,,,ˈneljæ,,t͡sa.lor,ˈnelʲːæ,dœɾt,,,ˈʃtìːrjɛ,,ˈcahəɾʲ,,əmpat,t͡ʃʰɔɾs,ˈkwa.tɾə,ˈa.pat,ˈte̞se̞ˌra,,ˈkatre,θei˧˥,,,fiːɐ̯,ne̞ːt̚,tʃæˈhɒːɾ,kʲeːə(r),torəw,ʔar.ba.ʕa,kʲɛt̪ʊˈrʲɪ,ˈt͡ʂtɛ.rɨ,ˈneːɟ,,,,,,t͡ɕɪˈtɨrʲe,,ˈt͡ʃtɪr̝ɪ,dœɾd,ˈkatəɾ,ˈne̞ːʎɑ,,*bʑi,,əm.pat,fiʀ,ˈneli,dʏrt,ˈfʊiːɹa,ˈkwat.tro,,,,ˈnelʲː,vir,ˈkwa.tɾu,,,t͡ʂaˈtɨrɨ,ʔɓon˧˦,ˈpa.tru,ɔtʰχɔ,fiːrə,ˈneli,sa.ɹi,,ˈfɜɪ̯ɐ,ˈfjouːrir,ˈkwatɾo,fɔː,ˈnelːæ,ɔtʰχi,,siː˨˩
you,,tiː,ti,,,,dʉː,ˈi.we,lok,,,,ˈti,tʰkʰvɛn,kipau,ˈθʊiː,,nɪ̀ɴ,ty,sgæ,tu,,tɕao˥˦,tuː,ˈtɪ,weːná,ti,,,t̪u,ˈte,(ʔ)aˈta,ˈtɑse,ˈtyø,sen,,,ˈtíː,,t̪ˠuː,aːp,kamu,du,ˈtu,iˈkaw,e̞ˈsi,hu,ty,mɯŋ˧˩,tʊ,,duː,ta̠ŋɕʰin,to,u,,ʔanta,tʊ,tɨ,ˈtɛ,,,jəi,,,tɨ,,tɪ,sæn,ti,ˈt̪e̞ːg,dʉː,,,,,ˈteie,hin,tʰʉuː(w),t̪u,t̪uː,,,ˈtiː,jɛi̯,tu,,,,ʔɓaːn˧˨ʔ,tu,tʰkʰvän,du,ˈtːiːʔ,,doː,du,θu,ˈtu,juː,ˈtyː,tʰkʰvä,,kʰun˧
fire,,taːn,ˈɔɡən,ti:,ɐɡ.n̪í,tukud,ˈɛld,ˈmó.to,b̥ʰloeṅ,dankeɾe,benki,ˈtolla,ˈɔɦɛɲ,tsɛtsχli,⟨hi2⟩,,neruppu,mí,fø,lɛmɛsg,uɡuns,ti:ttə,fai˦˥,ˈiɡ.nis,wɔˈɦɔnʲ,uḿ̩liːlo,,tʃitʃtʃ,kitʃtʃə,,ˈtuli,,or,ˈtuli,ɑ̟ˈt̪ɛʃ,tissə,tuʋu,ɔ̀ːɡənʲ,ˈtɑ̃ːn,ˈtʲɪnʲə,,api,kəˈɾɑk,ˈfɔk,,foˈtça,ˈtʰʲenə,,fei˧˩,,nippu,ˈfɔʏər,puɭ,,,ɢaɮ,naːr,ʊɡˈnʲɪs,ˈɔ.ɡʲɛɲ,ˈtyːz,xa:xaɾ,nippu,fyːr,te:,taɖmi,ɐˈɡonʲ,kic,ˈoɦɛɲ,,zjaɾm,ˈt̪uʎ,ɛld,*me,kis,a.pi,,ˈtuli,ut,,ˈfwɔko,ɑːɡ,tʃitʃadu,,ˈlæmoi,vyr,ˈfo.ɣu,titta,ˈlu.mɪ,aˈɣonʲ,lɨə˧˩,fok,dätʃχuri,il,ˈtːuli,zui,fjuə̯r,ˈfai̯(e)ʀ,ˈɛltʏr,ˈfweɡo,ˈfaɪ.ə(ɹ),ˈtuːli,dätʃχiri,kiss,faj˧
breathe,,anˈadlɨ̞,,,,,,,ṭkṭṅ̥hoem,,,,ˈdiːxac,suntʰkʰvä,ko̞kʲɨᵝː,,,ʃù,ʁɛs.pi.ʁe,liχwäntʼɛ,,,,ˈspiː.roː,,,,,,,ˈhengitːæː,,,ˈhengitiæ,,,,,,,,bə(r)nafas,ʃənˈt͡ʃʰɛl,rəs.piˈɾa,,a.naˈpne.o,,,,,,ˈaːtmən,sʰumʃʰɥida̠,,,amʲsɢəɮəx,ta.naf.fa.sa,,ɔdˈdɨ.xat͡ɕ,ˈleːlɛɡzik,,,,,,dɨˈʂatʲ,,ˈdiːxat,,,ˈje̞ngɨ,,,,,,ˈhingɑmɑ,,,respiˈrare,,,,ˈhenktæ,ˈaːdəmə(n),ʁɨʃ.pi.ˈɾaɾ,,,,tʰəː˧˩,,ɔʃvänu,ɔnə,ˈhenkæmæ,,,ˈoːtmən,ˈanta,,bɹiːð,ˈentʃiæ,,,haːj˩˩˦.t͡ɕaj˧
wash,,ˈɡɔlχɪ,,,,,,,lāṅ,,,,,rɛtsχvä,a̠ɾa̠ɯ̟ᵝ,,,sʰé,la.ve,liʃqʼwdi,mazɡâːt,,,ˈla.woː,,,,,,ʃustæn,ˈpestæ,,,ˈpesːæ,,,,,,nʲɪɟ,d̪ʱuːn̪aː,,ləˈvɑl,rənˈta,maɡ.ˈhu.ɡas,,,,,,,ˈvaʃən,ɕ͈it̚t͈a̠,ʃostæn,,,,,mɨt͡ɕ,ˈmoʃ,,,,,,mɨtʲ,,miːt,juˈmɑχ,,ˈpie̞zzɨ,,,,,,ˈpesemɑ,,,,ˈd̪ʱoː.n̪ɑː,,,ˈpestɑ,ˈʋɑsə(n),lɐˈvaɾ,,,,zɨə˧˩,,ɔtʃχu,,ˈmɤsːkːmɑ,dʱʊa,,,θvɔː,,wɒʃ,ˈpezeɑ,rtʃχuälä,,laːŋ˦˥
few,,əˈχədɨ̞ɡ,,,,,foː,,tic,,,,ˈmaːlo,tsɔtʼä,sɨ̥ᵝko̞ɕi,,,nɛ́,pø,mɔid,,,nɔːj˥˧,ˈpau̯.kus,ˈmɑlo,,ˈmaɫku,,,,ˈʋæhæn,,ləɡ,ˈvæhæine,ɑz,,,mâlo,,bʲɔɡ,,,kʰitʃʰ,ˈpɔk,,ˈliɣos,,,,,,ˈveːnɪç,ˈt͡ɕɘːk̚t͈a̠,kʲæm,,,qa.liːl,,ˈma.wɔ,ˈkɛveːʃ,,,,,,nʲɪˈmnoɡʲɪj,,ˈmaːlo,ɑz,,ˈve̞it̪ɨ,,,,,,ˈʋæhe,æð,,ˈpɔ.ko,kʊt͡ʃʰ,,,ˈvæhæ,ˈʋɛi̯nəx,ˈpow.kuʃ,,,,ʔit̚˧˦,puˈt͡sin,mtsikʰä,fɔː,ˈveityʔ,,,,,,fjuː,ˈvæhæː,tʃʼitʃʼɛ,,nɔːj˦˥
see,,ɡwɛld,ˈviʒdəm,no:ku,pɐ́ɕ.jɐ.t̪i,tʃu,seː,,gʰoeñ,,no:ɖu,ˈoɑ̯jːtniːh(t),ˈviɟi̯ɛc,χɛdvä,mʲiɾɯ̟ᵝ,ˈd̪ækʰa,kāṇ,twḛ,vwaʁ,lisgdi,ɾɛdzɛ̂ːt,nu:ʈ,hen˩˧,ˈwi.de.oː,ˈbɑt͡ʃete,ɓoːná,ˈɡlɛda,je:ɾna,no:ɖə,diˈdan,ˈnæhdæ,,,ˈnæhæ,ɟœɾmɛc,no:ɖ,tuʋa:ɾa,ˈʋiːdɛti,,fʲɛc,d̪ekʰnaː,lihat,tɛsˈnɛl,ˈvəw.ɾə,kiˈta,ˈvlepo,,,,ˈdiːtɯn,tʃu:ɖu,ˈzeː.ən,po̞da̠,d̪iːˈd̪æn,,ut͡səx,ra.ʔaː,mɐˈtʲîːtʲɪ,ˈvʲi.d͡ʑɛt͡ɕ,ˈlaːt,unning,no:ʈə,,ka:ɳuka,huɖa,ˈvʲidʲɪtʲ,tūk,ˈvɪɟɛt,ɡœrˈmæk,,ˈnæːd̪ɨ,ʃoː,*mtʰoŋ,u:ɖa,,,ˈnægemɑ,,ˈsʊt͡ʃːa,veˈde.re,d̪eːkʰ.nɑː,ʈunɖpo,,ˈnæhtɑ,zin,veɾ,no:ʈə,,ˈbat͡ʂɨt͡sʲ,ɲin˨˩ tʰəj˧˦,veˈde̯a,ɔtsʼkʼɔmilu,seː,ˈnækemæ,dɛkʰa,,ɡeˈzin,ˈsjauː,ˈbeɾ,siː,ˈnæhæ,rtsʼqʼɛbä,ta:na,hen˩˩˦
thou,,tiː,ti,ni,,in,dʉː,,,ninu,ni:nu,,ˈti,ʃɛn,⟨ki1mi1⟩,ˈθʊiː,ni,,ty,si,,ni,,tuː,ˈtɪ,,ti,ni:n,ni,,ˈsinæ,(ʔ)aˈta,,ˈsie,sen,ni:jə,i,ˈtíː,,t̪ˠuː,tʊm,əŋkau̯,du,ˈtu,,,hu,,,,ni:ʋu,duː,ta̠ŋɕʰin,to,,,ʔanta,tʊ,tɨ,ˈtɛ,ni:,ni:ja,,ni,nimme,tɨ,īn,tɪ,,,ˈsinɑː,,,nimma,kamu,,ˈsinɑ,,tʰʉuː(w),t̪u,tʊm,ni:n,,ˈsinæ,ɣɛi̯,tu,ni:nə,,,maj˨˩,tu,si,du,ˈsːɑʔ,tɔɪ,,,θu,ˈtu,ðaʊ,ˈsiæ,si,ni:nu,kʰun˧
five,bɛʃ,pɨ̞mp,,,pɐ́ɲ.t͡ɕɐn̪,,fɛm,,p̥rāṃ,,,ˈvihːta,ˈpɛc,χutʰi,it͡sɨᵝ,,,ŋá,sɛ̃k,wɔχuʃd,pìɛtsi,,haː˨˩,ˈkʷiːn.kʷe,ˈpjɑtʲ,,,,,,ˈʋiːsi,,pinˈdzə,ˈviːsi,beʃ,,,péːt,ˈpɛmp,kuːɟ,pãtʃ,limə,hiŋɡ,ˈsiŋk,liˈma,ˈpe̞(n)de̞,koːɡ̊ʲ,siŋk,,,,fʏnf,ta̠sʰʌ̹t̚,pʰænd͡ʒ,kwɛɡ,tʰaw,xam.sa,,pʲɛɲt͡ɕ,ˈøt,,,,,,pʲætʲ,,ˈpjɛt,beʃ,pɛs(ə),ˈviːʒ,,*lŋa,,,fɪnf,ˈʋiːs,bʲiʃ,fɪmː,ˈt͡ʃin.kwe,pɑ̃ːt͡ʃ,,,ˈviʒ,vɛi̯f,ˈsĩ.ku,,,,nam˧˧,t͡ʃint͡ʃʲ,χutʰ,,ˈviːsː,pãs,,ˈfenef,fɪmː,ˈθinko,faɪv,ˈviːz,χutʰi,,haː˥˩
flower,ɡyl,ˈblɔdɨ̞n,t͡svʲat,,púʂ.pɐ,,blʊ.ma,ˈɗu.(w)a,p̥ʰkā,,,ˈraːssiː,ˈkvɛt,qʼvävili,pana,pʰul,,páɴ,flœʁ,muʁwæ,,,dɔːk˨˩ mai˥˦,floːs,ˈkʋʲitkɐ,ímbaːli,,,,ɡul,ˈkukːɑ,,ɡwəl,ˈkukːɑ,tʃɪˈtʃɛc,,,ˈtsʋéːt,blœ̃w,bˠl̪ˠɑː,pʰul,buŋə,t͡sɑˈʁik,ˈflɔ,,ˈanθɔs,,,,,,ˈblyːtə,k͈o̞t̚,ɡʊl,,,zah.ra,,kfʲat,ˈviraːɡ,,,,,,t͡svʲɪˈtok,,ˈkvjɛt,t͡ʃiˈt͡ʃæk,ˈlulɛ,ˈputʲkɨz,bluːm,*me.tok,,,blʊm,ˈlilː,sæsˈkæ,ˈblɔuma,,pʰuːl,,ˈfjuːrɐ,ˈænik,blum,ˈfloʁ,,,,hwaː˧˧,flo̯are,pʰukʰiri,,ˈhæitsːeʔ,pʰul,blom,blum,plouːm,ˈfloɾ,ˈflaʊ.ə,ˈkukːɑ,pʼɛuli,,dɔːk̚˨˩
