word,af,as,be,bg,bn,br,cy,da,de,el,en,es,fa,fo,fr,fy,ga,gd,gl,gv,hi,hy,is,it,ku,lb,lt,lv,mk,nl,nn,oc,pl,ps,pt,ro,ru,sa,sk,sl,sq,sv,tg,uk,ur,yi
I,ɛk,mɔɪ,,as,ˈɑmiː,,miː,jaj,ɪç,eˈɣo,aɪ,ɟ͡ʝo,mæn,eː,ʒə,ɪk,mʲeː,mi,ˈew,miː,mɛ̃ː,jɛs,jɛɣ,ˈi.o,,eχ,ɐʂ,ɛs,jas,ɪk,eːɡ,ˈjew,ja,zə,ˈew,jew,ja,ɐ.ɦɐ́m,ˈja,,ˈun,ˈjɑː(ɡ),mæn,ˈjɑ,mɛ̃,ɪχ
thou,,tɔɪ,,ti,ˈt̪ʊi,,tiː,du,duː,,ðaʊ,ˈtu,to,tʰʉuː(w),ty,,t̪ˠuː,hu,,,tʊm,du,θu,t̪u,,,tʊ,,ti,ɣɛi̯,,,tɨ,,tu,tu,tɨ,,ˈti,tíː,,dʉː,,ˈtɪ,tʊm,
he,,xi,jon,t̪ɔj,ˈʃe,,eːv,han,ʔeːɐ̯,aˈftos,ˈhiː,el,ʔoː,,il,hɛi̯,ʃeː,ɛ,ˈel,,ʋəʱ,nɑ,ˈhanː,ˈlui,,,jɪs,viɲʃ,tɔj,ɦɛi̯,,,ɔn,haɣə,ˈe.li,,on,,ɔn,ɔ́n,,hanː,ɵ,ˈʋʲin,,
we,,ami,,ˈni.ɛ,,,niː,,viːɐ̯,e̞ˈmis,wiː,noˈsotɾos,mɒː,,nu,vɛi̯,mˠɪdʲ,ʃiɲ,,,ɦəm,mɛŋkʰ,vɪð,ˈnoi,,,mʲæːs,mɛ̄ːs,niɛ,ʋɛi̯,meː,nus,mɨ,muʐ,ˈnɔʃ,noj,mɨ,,ˈmi,míː,nɛ,viː,mɔː,ˈmɪ,ɦəm,
you,jəi,,,ti,ˈt̪ʊi,,tiː,du,duː,e̞ˈsi,juː,ˈtu,to,tʰʉuː(w),ty,doː,t̪ˠuː,hu,,u,t̪uː,du,θu,t̪u,tʊ,du,tʊ,tu,ti,jɛi̯,dʉː,ty,tɨ,ˈtɑse,tu,tu,tɨ,,ˈti,tíː,ti,dʉː,t̪u,ˈtɪ,aːp,
they,,xiʱɔt,,t̪ɛ,t̪ara,,huːɨ̯,di,ziː,,ðeɪ,ˈeʎos,ʔeːˈʃɒːn,tʰaiːɹ,il,ja,ʃiəd̪ˠ,iət̪,,,ʋeː,nəˈɾɑŋkʰ,θeiːr,,,,jæ,,tiɛ,zɛi̯,,,ˈɔ.ɲi,,ˈe.lɨʃ,jej,ɐˈnʲi,,ˈɔɲi,ɔ̀ːni,aˈta,dɔm,,wɔˈnɪ,,
this,dɨt,,,ˈt̪ɔzi,,,hʊn,,ˈdiːzər,aˈftos,ðɪs,ˈeste,ʔin,,sə,,ʃɔ,ʃɔ,,,jəʱ,ɑjs,ˈθɛsːɪ,ˈkwes.to,,des,,ʃis,ˈɔvɔj,ˈdeːzə,,,tɛn,,ˈɛʃ.tɨ,aˈt͡ʃest,ˈɛtət,,,táː,ky,,,,,
that,,,toj,ˈɔnzi,,,ˈhʊnu,dən,ˈjeːnɐ,,ˈðæt,ˈese,ɒːn,,sə,,ənˠ,ʃɪn,,,,ɑjd,,ˈkwello,,,,tas,,dɑt,,,ˈtam.tɛn,,ˈe.sɨ,aˈt͡ʃela,tot,,tɛn,,,dɛnː,,,,
here,,iat,,ˈtuk,,,,,hiːɐ,,hɪə(ɹ),aˈki,iːnˈdʒɒː,,i.si,,,,,,,ɑjsˈtɛʁ,çɛːr,kwa,,hai̯,tʃʲɛ,,ˈtuka,ɦir,,,tu,ˈd̪əlt̪a,ɐˈki,aˈit͡ʃʲ,zʲdʲesʲ,ɐ́t̪.ɽɐ,,túːkaj,,hæːr,,,,
there,dɑːr,tat,,,,,ˈəna,dar,dɔrt,e̞ˈci,ðɛə(ɹ),aˈʎi,ɒːnˈdʒɒː,,la,,ənʲˈʃɪnʲ,,,,,ɑjnˈtɛʁ,ˈθartna,,,do,,tùɾ,ˈtamu,daːr,,,tam,ˈhalta,ɐ.ˈi,aˈko.lo,tam,,ˈtam,tám,,dɛːr,,ˈtɑm,,
who,,,xto,kɔj,,piv,puːɨ̯,vɛm,veːɐ̯,pços,hw,ˈkjen,kʰej,kvøːr,ki,,ceː,koː,,,kɔːn,ɔv,xʷɛːr,k̟i,,,,,kɔj,ʋi,,,ktɔ,,kẽ(j̃),,kto,kɐ,kto̞,ɡdòː,kuʃ,,,ˈxtɔ,,
what,vat,ki,ʂto,kɐkˈvɔ,,ˈpe.tʁa,beːθ,vad,vas,,wɔt,ˈke,tʃʰe,kvɛaːʰt,kwa,,kad̪ˠ,tʲeː,,,kjɑː,int͡ʃʰ,xʷaːð,,,,,,,ʋɑt,kʋɑː,,t͡sɔ,,u ˌki,t͡ʃe,ʂto,,ˈt͡ʃɔ,kàːj,tʃfaɹ(ə),vɑː(d),,ʃtʃɔ,kjaː,vɔs
where,,zot,,,,,,,voː,,ʍɛə(ɹ),ˈdonde,kʰoˈdʒɒː,,u,,,,ˈonde̝,,,vɔɾˈtɛʁ,,ˈdove,,,kʊr,kùɾ,ˈkadɛ,ʋaːr,,ˈunt,ɡd͡ʑɛ,,ˈõ.d͡ʒi,ˈunde,ɡdʲe,,ˈɡɟɛ,kjèː,,dɛːr,,ˈdɛ,,vʊ
when,,kɛ.tia,,,kɒ.kʰɒn,,prɨːd,vɔrnɔːr,van,ˈpote,ʍɛn,ˈkwando,kʰej,,kɑ̃,,kəˈhɪnʲ,,,,kəb,jɛɾpʰ,,ˈkwando,,,kɐˈdɐ,,ˈkɔɡa,ʋɑˈneːr,,,ˈkʲɛ.dɨ,,ˈkwɐ̃.du,kɨnd,kɐɡˈda,kɐ.d̪ɑ́ː,,ɡdàːj,,,,kɔˈlɪ,,
how,,kɛ.nɛ.koɪ,,,kibʱabe,,sɨ̞t,,viː,ˈpos,haʊ,ˈkomo,t͡ʃeɡuːˈne,,kɔ.mɑ̃,,ˈkʊnˠəsˠ,,,,,int͡ʃʰˈpɛs,,ˈkome,,vɜɪ,kaɪˑp,,ˈkakɔ,ɦu,ˈkʊrlæɪs,,jak,,ˈko.mu,kum,kak,,ˈjak,kakòː,si,hʉːr,,,,
not,ni,nɔ.ɦɔɛ,nʲe,nɛ,,,dɪm,ekə,nɪçt,ðe̞,nɒt,no,næ,ˈɪʰtʃːɪ,nə,nɛt,n̠ʲiː,,ˈnʊŋ,,nə.ɦĩː,t͡ʃʰ,ˈɛhcɪ,non,,,,,,nit,²ɪçːə,,ɲɛ,,nɐ̃w̃,nu,nʲɪ,n̪ɐ́,,nɛ́,nʊk,ˈɪnˌtɛ,,ˈnɛ,nəɦĩː,nit
all,,xɔ.kɔ.lʊ,,,,,ɪˈɡiːd,alə,al,,ɔːl,ˈtodos,hæˈme,ˈat.lʊɹ,tus,,ˈɪlʲə,,,,səb,bɔˈlɔɾ,,ˈtutto,,,ˈvʲɪ.sɐs,,ˈsitɛ,ɑl,,tut,ˈfʂɨ.stɛk,,ˈto.ðu,tot,vʲesʲ,s̪ɐ́ɽ.ʋɐ,ˈfʃɛtɔk,ʋə́s,ɟʝiθ(ə),ˈalˌa,,,,ˈalə
many,bajə,,,,,,ˈɬau̯.ɛr,manɡə,ˈfiːlə,,ˈmɛni,ˈmut͡ʃos,zɪˈjɒːd,ˈmɛŋkʊɹ,bo.ku,,əˈl̪ˠɑːnˠ,ˈiməɣ,,,bɔˈhɔt̪,ʃɑt,ˈmarkʏr,,ˈɡɛlɛk,,dɐuɡ,dāūdz,ˈmnɔɡu,veːl,,,ˈvʲɛ.lɛ,ɖer,ˈmũj̃.tuʃ,mult͡sʲ,ˈmnoɡə,bɐ.ɦú,,ʋɛlìːkɔ,,,,bɐˈɦɑtɔ,,aˈsax
some,,,,,,,,noən,,,sʌm,,,,dy,,ɾˠəɪn̠ʲtʲ,,,,t̪ʰoɽaː,,,,,,,,,ʋɑt,,,ˈtrɔ.xɛ,,al.ˈɡũʃ,,nʲɪˈmnoɡə,,ˈɲi̯ɛkɔʎkɔ,,,ˈnoːˌ(ɡ)ra,,ˈkilʲka,,
few,,,,,,,əˈχədɨ̞ɡ,fɔː,ˈveːnɪç,ˈliɣos,fjuː,,kʲæm,,pø,,bʲɔɡ,,,,kʊt͡ʃʰ,kʰitʃʰ,,ˈpɔ.ko,,,,,ˈmaɫku,ˈʋɛi̯nəx,,,ˈma.wɔ,ləɡ,ˈpow.kuʃ,puˈt͡sin,nʲɪˈmnoɡʲɪj,,ˈmaːlo,màːlɔ,,foː,,ˈmɑlo,,
other,,an,ˈjinʂɨ,druk,,ˈalː,ˈaraɬ,andrə,ˈʔandəʀə,,ˈʌðə(ɹ),ˈotɾo,diːˈɡʲæɾ,,otʁ,,ˈɛlʲə,ˈelə,,,ənj,ɑjl,,ˈal.tro,,,,,,ˈɑn.dər,,,ˈin.nɨ,bəl,ˈo(w).tɾu,alt,drʊˈɡoj,,ˈdruɦiː,drùːɡi,,,,ˈinʃɪj,,
one,,ɛk,,,æk,ˈỹː.nãn,ɨːn,,aɪ̯ns,ˈe̞na,wʌn,ˈuno,jekʲ,,œ̃,,iːnˠ,ɯːn,,nɛːn,,mɛk,eitn,ˈuno,ˈjɛk,eːn,,viɛ̂ns,,eːn,,,ˈjɛ.dɛn,,ˈũ,ˈu.nu,ɐˈdʲin,ɐ́j.kɐ,ˈjeden,,ɲə,ɛt,,oˈdɪn,,
two,tvɪə̯,dui,dva,,,,daɨ̯,toː,t͡svaɪ̯,ˈði.o,tuː,dos,duː,,dø,,d̪ˠoː,,,d̪eː,,jɛɾˈku,tʰveiːr,ˈdu.e,,t͡sweː,,,,tʋeː,,,dva,dwa,ˈdojʃ,doj,dva,,ˈdva.ja,dʋáː,dy,tvoː,,ˈdʋɑ,,tsvɛj
three,,tini,,,,,triː,,dʁaɪ̯,ˈtri.a,θɹiː,tɾes,,trʊdʒɪr,tʁwɑ,,tʲɾʲiː,,,,t̪in,jɛˈɾɛkʰ,θriːr,tre,,dʀæi̯,,trîːs,,dri,,tres,tʂɨ,d̪re,ˈtɾeʃ,trej,trʲi,t̪ɽí,ˈtri,tríːjɛ,tɾɛ,treː,,trɪ,,dʁaj
four,,sa.ɹi,t͡ʂaˈtɨrɨ,,,,ˈpɛdwar,fiːrə,fiːɐ̯,ˈte.se.ra,fɔː,ˈkwatɾo,tʃæˈhɒːɾ,ˈfʊiːɹa,katʁ,,ˈcahəɾʲ,,,kʲeːə(r),,t͡ʃʰɔɾs,ˈfjouːrir,ˈkwat.tro,,ˈfɜɪ̯ɐ,kʲɛt̪ʊˈrʲɪ,tsætri,,vir,,ˈkatre,ˈt͡ʂtɛ.rɨ,t͡sa.lor,ˈkwa.tɾu,ˈpa.tru,t͡ɕɪˈtɨrʲe,t͡ɕɐ́.t̪uɽ,ˈʃtiri,ʃtìːrjɛ,ˈkatəɾ,ˈfyːˌra,,t͡ʃoˈtɪrɪ̞,,fiʀ
five,,pãs,,,,ˈpɛmp,pɨ̞mp,,fʏnf,ˈpe̞(n)de̞,faɪv,ˈθinko,pʰænd͡ʒ,fɪmː,sɛ̃k,,kuːɟ,koːɡ̊ʲ,,kwɛɡ,pɑ̃ːt͡ʃ,hiŋɡ,fɪmː,ˈt͡ʃin.kwe,,ˈfenef,,pìɛtsi,,vɛi̯f,,siŋk,pʲɛɲt͡ɕ,pinˈdzə,ˈsĩ.ku,t͡ʃint͡ʃʲ,pʲætʲ,pɐ́ɲ.t͡ɕɐn̪,ˈpɛc,péːt,pɛs(ə),fɛm,,ˈpjɑtʲ,pãtʃ,fɪnf
big,,daŋɔɹ,,,,,,,ɡʁoːs,,bɪɡ,maˈɟ͡ʝoɾ,,,ɡʁɑ̃,,,,,,,mɛt͡s,,ˈɡran.de,,,,,ˈɡɔlɛm,,,,dɔˈrɔ.swɨ,ɣaʈ,mɐjˈɔɾ,,bɐlʲˈʂoj,,,,,ˈvɵkˌsɛn,,ʋeˈlɪkei̯,,
long,fɛr,,ˈdou̯ɣʲi,ˈdɤlək,,,hiːr,lanɡ,laŋ,,ˈlɒŋ,ˈlarɡo,,ˈlɛŋkʊɹ,lɔ̃,,ˈfˠɑd̪ˠə,fad̪̊ə,,,,jɛɾˈkɑɾ,ˈlaŋkʏr,ˈlunɡo,ˈdɯɾeːʒ,laːŋ,,,,lɑŋ,,,ˈdwu.ɡʲi,uʐd̪,ˈlõ.ɡu,luŋɡ,ˈdlʲinːɨj,,ˈdl̩ɦiː,dɔ́ːʋk,,lɔŋ,,ˈdɔu̯ɦei̯,,laŋ(ɡ)
wide,,bɔ.ɦɔl,ʂɨˈrokʲi,ʃiˈrɔk,,,ˈɬədan,,bʀaɪ̯t,,waɪd,ˈant͡ʃo,,ˈpɹaijʊɹ,laʁʒ,,ˈl̠ʲahənˠ,,,,t͡ʃɔː.ɽɑː,lɑjn,ˈpreiːðʏr,ˈlarɡo,,bʀeːt,,plats,,,,,ʂɛˈrɔ.kʲi,,ˈlaɾ.ɡu,larɡ,ʂɨˈrokʲɪj,pr̩.t̪ʰú,,ʃirɔ́k,ˈɟɛ.ɾə,viːd,,ʃeˈrɔkei̯,,
thick,,,ˈtou̯stɨ,dɛˈbɛl,,,teːu̯,tyk,dɪk,,θɪk,ˈɡɾweso,,t͡ʃʰʏʰkːʊɹ,e.pɛ,,tʲuː,tʰʲu,,,,hɑst,ˈθjɛhtʏr,ˈspes.so,,,,,,dɪk,çʊkː,,ˈɡru.bɨ,ɖaˈbəl,iʃ.ˈpe.su,ɡros,ˈtolstɨj,,ˈtɫ̩stiː,dɛ̀ːbɛʋ,,ɕɔk,,,,
heavy,,ɡɔ.dʱuɹ,ˈt͡sʲaʂkʲi,ˈtɛʒək,,,trʊm,tɔnɡ,ʃveːɐ̯,,ˈhɛ.vi,peˈsado,sæŋˈɡʲiːn,,luʁ,sviə̯r,t̪ˠɾˠuːmˠ,,,,bʱɑː.ɾɑː,ˈtsɑnəɾ,ˈθuŋkʏr,peˈsante,,ʃwɜɪ̯ɐ,sʊŋˈkʊs,smaks,ˈtɛʒɔk,zʋaːr,tʊŋː,,ˈt͡ɕɛ̃ʂ.kʲi,d̪ruŋd̪,pɨ.ˈza.ðu,ɡrew,tʲɪˈʐolɨj,,ˈcaʃ.kiː,tɛ̀ːʒək,,tɵŋ,,ʋɐˈʒkɪi̯,,
small,,xɔ.ɹu,maˈlʲenʲkʲi,ˈmalək,,,baːχ,lilə,klaɪ̯n,miˈkro̞s,smɔːl,peˈkeɲo,kʰuːtʃʰækʲ,,pə.ti,,bʲɔɡ,pek,peˈkeno̝,,t͡ʃʰoː.ʈɑː,ˈpʰɔkʰəɾ,smauːr,ˈpik.ko.lo,,n,ˈmaːʒɐs,,maɫ,klɛi̯n,,,ˈma.wɨ,waˈɺ̢ukai,pɪ.ˈke.nʊ,mik,ˈmalʲɪnʲkʲɪj,,ˈmaliː,máːjxən,ˈvɔɡəl,ˈliːˌtɛn,,mɐˈlɛnʲkei̯,t͡ʃʰoː.ʈɑː,ˈkleɪn
short,,su.ti,kaˈrotkʲi,ˈkɤs,,,bɨ̞r,kɔrt,kʊʁt͡s,,ʃɔːt,ˈkorto,kʰuːˈt̪ʰɒːh,,kuʁ,,ɟaːɾˠ,ˈkɤɾʲɪtʲ,ˈkuɾt̪ʊ,,kəm,kɑɾt͡ʃ,ˈstʏhtʏr,ˈkorto,,,,îːs,ˈkratɔk,kɔrt,,,ˈkrut.kʲi,,ˈkuɾ.tu,skurt,kɐˈrotkʲɪj,,ˈkraːtki,kràːtək,,kɔrt,,kɔˈrɔtkei̯,t͡ʃʰoː.ʈɑː,
narrow,,,ˈvuskʲi,ˈtɛsɛn,,,kɨːl,snɛvər,ɛŋ,,ˈnæɹoʊ,es̺ˈtɾe.tʃo,,,e.tʁwa,,kuːŋ,kʰɯːɫ̪,,,t̪əŋɡ,nɛʁ,ˈθrøyŋkʏr,ˈstretːo,,,,ʃàuɾs,,nɑu,,,ˈvɔ̃s.kʲi,,iʃ.ˈtɾɐj.tu,strɨmt,ˈuskʲɪj,,ˈuːski,òːzək,,,,wʊˈzʲkɪi̯,,
thin,,,ˈtonkʲi,ˈtɤnək,,,ˈtɛnaɨ̯,,dʏn,,ˈθɪn,ˈfino,,,mɛ̃s,,keːl̪ˠ,,,,pət̪.lɑː,bɑˈɾɑk,ˈθʏnːʏr,sotˈtile,,den,,tiêws,ˈtɛnɔk,,,,ˈt͡ɕɛn.kʲi,,ˈfi.nu,slab,ˈtonkʲɪj,,ˈcɛŋkɔ,tàːnək,,,,,,
woman,,maɪ.ki ma.nuʱ,ʐanˈt͡ʂɨna,ʒɛˈna,,,,ˈkʰvenə,fʁaʊ̯,ʝiˈne̞ka,ʊ,muˈxeɾ,,,fam,,bʲanˠ,b̥ɛn,muˈʎɛɾ,bɛᵈn,ˈɔːɾət̪,kin,ˈkʰɔːna,ˈdɔn.na,,fʀa,ˈmoːtʲɛrʲɪs,,ˈʒɛna,vrɑu̯,²kʋɪnːə,ˈfenno,kɔˈbʲɛ.ta,ʂəˈd͡za,muˈʎɛɾ,feˈmeje,ˈʐɛnʲɕːɪnə,s̪t̪ɽíː,ˈʒe.na,ʒèːnska,ˈɡɾua,ˈkvɪnːˌa,,ˈʒʲinkɐ,,
man,,ma.nuʱ,t͡ʂaɫaˈvʲek,tʃoˈvɛk,manuʃ,,dɨːn,,mɛnʃ,ˈanθɾɔpɔs,mæn,ˈombɾe,,,ɔm,ˈmɪnskə,ˈd̪ˠɪnʲə,t̪ɯɲə,ˈɔmɪ,,məˈnʊ.ʂjə,mɑɾtʰ,ˈmanːɛsca,ˈwɔ.mo,ˈmɯɾov,mənʃ,ʒmoˈɡʊs,tsìlvæ̀ːks,ˈt͡ʃɔvɛk,mɛns,²mɛnːɛʃə,,ˈt͡ʂwɔ.vʲɛk,,ˈɔmẽɪ̯,om,t͡ɕɪlɐˈvʲek,mɐ.n̪uʂ.jɐ́,ˈt͡ʃɫɔvɛk,t͡ʃlɔ̀ːʋɛk,ɲɛˈɽi,mɛnːɪɧa,,,,mɛnt͡ʃ
human,,ma.nuʱ,,,,,dɨːn,,mɛnʃlɪç,,ˈ(h)juːmən,uˈmano,,,y.mɛ̃,,,,,,,mɑɾtʰkɑˈjin,,,,,,,,,,,ˈlut͡s.kʲi,,u.ˈmɐ.nu,o.meˈnesk,t͡ɕɪlɐˈvʲet͡ɕɪskʲɪj,mɑː.n̪ɐ.ʋɐ́,,t͡ʃlɔʋèːʃki,,²mɛnsklɪ(ɡ),,,,
child,kənt,lo.ɹa.sʊa.li,,dɛˈtɛ,,,ˈplɛntɨ̞n,barn,kɪnt,peˈði,t͡ʃaɪld,ˈixo,bætːʃʰe,ˈpatn,ɑ̃.fɑ̃,bɛːn,ˈpˠɑːʃtʲə,,ˈne.na,,bət͡ʃ.t͡ʃɑː,jɛɾɛˈχɑ,ˈpartn,bamˈbi.no,ˈzɑːɾok,kant,ˈvɐɪ̯ˑkɐs̪,bæ̀ːɾns,ˈdɛtɛ,kɪnt,bɑːrn,,ˈd͡ʑɛt͡s.kɔ,,ˈfi.ʎu,fiw,rʲɪˈbʲɵnək,ɕí.ɕu,ˈɟi̯e.ca,ɔtrɔ́k,,bɑːrn,kɵdæk,deˈtɪnɐ,,kɪnd
wife,,ɡʱoɪ.ni,ˈʐonka,ʒɛˈna,,ˈɡwʁɛːk,ɡwrai̯ɡ,,,,waɪf,esˈposa,,,fam,,bʲanˠ,,esˈposa̝,,,kin,ˈeiːjɪn.kʰɔːna,ˈspɔ.za,,,,sīɛ̄va,ˈʒɛna,vrɑu̯,,ˈfenno,ˈʐɔ.na,ʂəˈd͡za,es.ˈpo.za,,ʐɨˈna,pɐ́t̪.n̪iː,,ʒɛ̀ːna,ˈɡɾua,hɵ̄sːtrʉ̂ː,,druˈʐɪnɑ,,
husband,,ɡi.ɹi,muʂ,ˈmɤʃ,sami,ˈɡwaː,ɡuːr,mæn,,,ˈhʌzbənd,maˈɾido,ʃoʊˈhæɾ,ˈmɛaːvʊɹ,ma.ʁi,,fʲaɾˠ,,,,,ɑmuˈsin,ˈeiːjɪn.maːðʏr,maˈri.to,,mɑn,ˈʋʲiːrɐs,vīːɾs,maʃ,mɑn,,,mɔ̃ʂ,,ma.ˈɾi.du,sots,muʂ,,,móːʃ,bur,ˈmɑːˌkɛ,,t͡ʃɔlɔˈu̯ʲik,,
mother,,ma,,ˈmajkə,,ˈmãmː,mam,,ˈmʊtɐ,miˈtera,ˈmʌðə(ɹ),ˈmadɾe,mɒːˈd̪æɾ,ˈmɔuwɪr,mɛʁ,,ˈmˠɑːhəɾʲ,ˈmaːhəɾʲ,ˈnaj,maːɹ,,mɑjɾ,ˈmamːa,ˈma.dre,,mɑm,,māːtɛ,,ˈmu.dər,,ˈmajɾe,ˈmat.ka,mor,mɐ̃j̃,ˈma.mə,matʲ,ɐm.bɑ́ː,ˈmatka,màːti,nənə,muːr,mɔːdær,ˈmɑte,,ˈmʊtəʁ
father,fɑːdər,dɛʊ.ta,ˈbat͡sʲka,bɐˈʃta,abba,ˈtɑːt,taːd,,ˈfaːtər,paˈteras,ˈfɑː.ðə(ɹ),ˈpadɾe,pʰeˈd̪æɾ,ˈfɛaːjɪɹ,pɛʁ,hai̯t,ˈahəɾʲ,ˈahəɾʲ,,ˈeːar,pɪ.t̪ɑː,hɑjɾ,ˈfaːðɪr,ˈpa.dre,,pɑp,ˈtʲeːvɐs,tǣːws,,ˈvaː.dər,,ˈpajɾe,ˈɔj.t͡ɕɛt͡s,,paj,ˈta.tə,ɐˈtʲet͡s,pi.t̪ŕ̩,ˈɔcɛt͡s,ɔ̀ːt͡ʃɛ,baba,,,ˈbɑtʲkɔ,pət̪ɑː,ˈfɔtəʁ
animal,,,,ʒiˈvɔtno,,ˈlo.ɛ̃n,aˈnɪvai̯l,dyːr,tiːɐ̯,ˈzo.o,ˈænɪməl,aniˈmal,dʒɒːnˈvæɾ,t͡ʃɔuːr,a.ni.mal,,anʲəvʲiː,,,,pə.ʃuː,kɛntʰɑˈni,tiːr,aniˈmale,,dei̯(e)ʀ,ɡʲiːˈʋuːnɐs,dzîunìɛks,ʒiˈvɔtnɔ,dir,,,ˈzvʲɛ.ʐɛ,,ˌɐ.ni.ˈmaw,a.niˈmal,ʐɨˈvotnəjə,pɐ́.ɕu,ˈʒivɔt͡ʃiːx,ʒiʋáːʋ,,jʉːr,,tʋɐˈrɪnɐ,,
fish,fəs,mas,ˈrɨba,ˈribə,mɑtʃʰ,,pəsˈɡɔdɨ̯n,fesk,fɪʃ,ˈp͡sari,fɪʃ,ˈpeθ,mɒːhiː,ˈfɪskʊɹ,pwa.sɔ̃,fɪsk,iəsˠk,,ˈpejʃe̝,jiːst,mət͡ʃʰ.liː,d͡zuk,ˈfɪskʏr,ˈpeʃːe,ˈmɑːsiː,feʃ,,ziws,,vɪs,,,ˈrɨ.ba,kab,ˈpɐjʃɨ,ˈpeʃte,ˈrɨbə,mɐ́t̪.s̪jɐ,ˈriba,rìːba,pɛʃk,fɪsk,mɔːhiː,ˈrɪbɐ,,fɪʃ
bird,,sɔɹaɪ,,ˈptitsə,,,aˈdɛrɨ̞n,fuːl,ˈfoːɡəl,puˈli,bɜːd,ˈpaxaɾo,pʰæɾænˈde,,wa.zo,,eːnˠ,ian,,ˈoʒaɡ,t͡ʃɪ.ɽiː.jɑː,tʰərˈtʃʰun,fʏkl,uˈt͡ːʃɛlːo,,ˈfuʁəl,ˈpɒʊk.ʃtʲɪs,,ˈpti.t͡sa,ˈvoːɣəl,fʉɡl,awˈsɛl,ptak,marˈɣa,ˈpa.sa.ɾu,,ˈptʲit͡sə,ʋí,ˈftaːk,ptít͡ʃ,zɔɡ,foːɡəl,paɾːanˈda,ˈptɑx,,fɔjɡl
dog,ɦɔnt,kukuɹ,,ˈkutʃɛ,kukuɾ,,kiː,hun,hʊnt,ˈscilos,dɒɡ,ˈpero,sæɡ,ˈhʊntʊɹ,ʃjɛ̃,huːn,ˈmˠad̪ˠɾˠə,kuː,,ˈmɔːðə,kʊt̪.t̪ɑː,ʃun,ˈhʏntʏr,ˈka.ne,,hont,ʂuə,,,ɦɔnt,,ˈɡus,pʲɛs,,ˈkɐ̃w̃,ˈkɨj.ne,sɐˈbakə,ɕʋɐ́n̪,ˈpɛs,pə́s,cɕɛn,hɵnd,sæɡ,,kutɑː,hʊnt
louse,,,voʂ,ˈvɤʃkə,,ˈlɔw,ˈɬeɨ̯.ɛn,,laʊ̯s,,laʊs,ˈpjo.xo,ʃeˈpeʃ,lʉuːs,pu,,,,piˈoʎo̝,,dʒũː,vɔˈt͡ʃʰil,luːs,pi.ˈdɔk̚.kjo,,,,,ˈvɔʃka,lœy̯s,,peˈzul,vɛʂ,,pi.ˈo.ʎu,,voʂ,,ˈvɔʃ,úːʃ,mɔr,,,ˈwɔʃɐ,dʒũː,
snake,slɑŋ,xap,zʲmʲaˈja,zmiˈja,ʃɑp,ˈnaɛr,nei̯dr,,ˈʃlaŋə,ˈfiði,ˈsneɪk,serˈpjente,mɒːɾ,,sɛʁ.pɑ̃,,ˈn̪ˠæhəɾʲ,,ˈsɛɾpe̝,,sɑ̃ːp,ɔt͡sʰ,ˈstnauːkʏr,serˈpɛn.te,,ʃlaːŋ,ɡʲiːˈʋaːtʲeː,tʃūska,,slɑŋ,,,vɔ̃ʂ,,ˈkɔ.bɾa,ˈʃarpe,zmʲɪˈja,s̪ɐɽ.pɐ́,ˈɦat,kàːt͡ʃa,ˈɟaɾpəɹ,ˈʊrm,mɔːr,,sãp,ʃlaŋ(ɡ)
worm,,,,ˈtʃɛrvɛj,,pʁɛ̃,,,,skuˈli.ci,wɜːm,ɡuˈsano,,,vɛʁ,,pʲeːʃtʲ,,ˈbɛɾme̝,beˈʃtʲeːɡ,kiː.ɽɑː,vɔɾtʰ,ˈmaθkʏr,ˈvɛrme,,muə̯t,,,,ʋɔrm,,,ˈrɔ.bak,,ˈvɛɾ.mɨ,,t͡ɕerfʲ,,ˈt͡ʃɛrw,t͡ʃə́rʋ,kɾimb,,kirm,,kiɽa,
tree,bʊəm,ɡɔs,ˈdreva,dərˈvɔ,ɡɑs,ɡwe,ˈkɔɨ̯dɛn,trɛː,baʊ̯m,ˈðe̞n.dro̞,tɹiː,ˈarbol,deˈɾæxtʰ,tɹɛaː,aʁbʁ,bɪə̯m,kɾˠaun̪ˠ,,,ˈbilʲə,,t͡sɑr,tʰrjɛː,ˈal.be.ro,,baːm,ˈmʲæːdʲɪs,kùoks,,boːm,,,ˈdʐɛ.vɔ,ˈwəna,ˈaɾ.vu.ɾɨ,ˈarbore,ˈdʲerʲɪvə,,strɔm,drɛʋóː,,,,,,bɔjm
forest,bɔs,ɦa.bi,lʲes,ɡoˈra,,ˈkwɑːt,ˈkɔɨ̯dwɪɡ,,valt,ˈðasɔs,ˈfɒɹɪst,ˈboske,beːˈʃæ,,fɔ.ʁɛ,,kiːlʲ,ˈkʰɤʎə,ˈbɔske,kiːlʲ,,ɑnˈtɑr,ˈskouːʏr,,,beʃ,ˈmɪʂ.kɐs,,ˈʃuma,ʋɑu̯t,,,las,d͡zəŋɡəl,floˈɾɛs.ta,pə.ˈdu.ɾe,lʲes,ʋɐ́.n̪ɐ,ˈlɛs,ɡɔ́st,pyɫ,skuːɡ,beʃæ,,,
stick,,,,ˈprɤtʃkə,,,,kɛp,ʃtaːp,,stɪk,,t͡ʃoːb,,bɑ.tɔ̃,,ˈbˠat̪ˠə,,,,t͡ʃʰə.ɽiː,pʰɑjt,ˈstaːvʏr,basˈtone,,,lɐzˈdɐ,,stap,,,,kʲij,,ˈpaʊ,,ˈpalkə,,,,,ɕɛp,tʃɵb,,,
fruit,,,,plɔt,pʰɔl,fʁwɛs,fruːɨ̯θ,frɔɡt,fʁʊxt,,fɹuːt,ˈfɾuta,miːve,,fʁɥi,,ˈt̪ˠɔɾˠə,,ˈfɾojta̝,meːs,pʰəl,pəˈtuʁ,ˈauːvœxstʏr,ˈfru.tːo,,,ˈvai̯sʲʊs,âwɡlis,,vrʏxt,,,ˈɔ.vɔt͡s,,ˈfɾu.ta,,plot,pʰɐ́.l̪ɐ,ˈɔvɔt͡si̯ɛ,sáːdɛʃ,,ˈfrɵkt,mevæ,,pʰəl,fʁʊχt
seed,,,naˈsʲenʲːe,ˈsɛmɛ,,,haːd,sɛːd,ˈzaːmən,ˈspo̞ro̞s,siːd,,t̪ʰoχm,fɹɛaː,sə.mɑ̃s,,ʃiːl,,seˈmɛnte̝,,,sɛɾm,fraiː,ˈseme,ˈtov,zoːm,ˈsʲeːklɐ,,,zaːt,frøː,,naˈɕɛ.ɲɛ,,sɨˈmẽtɨ,səˈmɨntsə,ˈsʲemʲə,bíː.d͡ʑɐ,ˈsɛmɛnɔ,sèːmɛ,ˈfaːɾ,,tuxm,ˈsʲimjɐ,,ˈzɔɪ̯mn̩
leaf,blɑːr,,lʲist,,,ˈde.ljɛ̃n,ˈdei̯lɛn,blad,blat,ˈfilo̞,liːf,ˈoxa,bæɾɡ,blɛaː,fœj,,ˈdʲɪloːɡ,,ˈfo.ʎɐ,ˈd̪olʲaɡ,,tɛˈɾɛv,løyːv,ˈfɔʎʎa,,,,,,blɑt,,ˈfɥɛʎo,lʲiɕt͡ɕ,pɑˈɳa,ˈfo.ʎɐ,ˈfrun.zə,lʲist,pɐɽ.ɳɐ́,ˈlist,líːst,,,,,pətːiː,blat
root,,xia,ˈkoranʲ,ˈkɔrɛn,,,ɡwrai̯ð,roːd,ˈvʊʁt͡sl̩,,ɹuːt,raˈiθ,ɾeːʃæ,ɹɔuːt,ʁa.sin,,fʲɾʲeːvˠ,,raˈiθ,,d͡ʒəɽ,ɑɾˈmɑt,rouːt,raˈditʃe,ˈɾɛh,ˈvuə̯t͡səl,ʃɐkʲˈn̪ʲɪs̪,,,ˈʋɔr.təl,ruːt,rraˈis,ˈkɔ.ʐɛɲ,,ʁa.ˈis,,ˈkorʲɪnʲ,,ˈkɔrɛɲ,kɔrɛnìːna,rəːɲ,,reʃæ,ˈkɔrʲinʲ,d͡ʒəɽ,
bark,bɑs,ba.kɔ.li,kaˈra,koˈra,,,r̥ɪsɡl,bark,ˈbɔʁkə,,bɑːk,korˈteθa,,ˈpœɹ̥kʊɹ,e.kɔʁs,,ɾˠuːsˠk,,,ruːs,tʃʰaːl,kɛˈʁɛv,ˈpœr̥kʏr,korˈtettʃa,,ʃuəl,ʒʲɪəˈvʲěː,,,sxɔrs,,,ˈkɔ.ra,,,,kɐˈra,ʋɐl̪.kɐ́,ˈku̯o.ra,lùːbjɛ,,,pɵːst,,cʰal,
flower,,pʰul,,t͡svʲat,pʰul,blœ̃w,ˈblɔdɨ̞n,,ˈblyːtə,ˈanθɔs,ˈflaʊ.ə,ˈfloɾ,ɡʊl,ˈblɔuma,flœʁ,blom,bˠl̪ˠɑː,,,,pʰuːl,t͡sɑˈʁik,plouːm,,,blum,,,,blum,bluːm,,kfʲat,ɡwəl,ˈfloʁ,flo̯are,t͡svʲɪˈtok,púʂ.pɐ,ˈkvɛt,t͡sʋéːt,ˈlulɛ,blʊ.ma,ɡul,ˈkʋʲitkɐ,pʰul,blʊm
grass,,ɡʱãʱ,,trɛˈva,,ˈɡɛwt,ˈɡlaswɛɬd,,ɡʁaːs,,ɡɹɑːs,ˈpas.to,sæbze,kɹɛaːs,ɛʁb,ɡɛːs,fʲeːɾˠ,ˈfiəɾ,ˈɛɾβa̝,feːə,,χɔt,kraːs,ˈɛrba,,ɡʀaːs,ʒoˈlʲeː,,,ɣrɑs,ɡrɑːs,ˈɛrβo,ˈtra.va,,ˈɡɾɐ̃mɐ,ˈjar.bə,trɐˈva,t̪ŕ̩.ɳɐ,ˈtraːva,tràːʋa,baɾ,,sæbzæ,,,ɡʁɔz
rope,,zɔ.ɹi,vʲaˈrou̯ka,vəˈʒɛ,,kɔrdɛn,r̥aːf,tɔv,zaɪ̯l,,ɹəʊp,ˈkwerda,,,kɔʁd,,tʲiad̪ˠ,,,,ɖoː.ɾiː,pɑˈɾɑn,ˈreiːpɪ,ˈkɔrda,,zeːl,,àwkla,ˈjaʒɛ,,,,ˈlʲi.na,,ˈkɔɾ.dɐ,,vʲɪˈrʲɵfkə,,ˈɫanɔ,,liˈtaɾ,,ærʁæmtʃin,,,
skin,,sal,ˈskura,ˈkɔʒə,,ˈkʁoːχɛn,kroːɨ̯n,,haʊt,ˈðɛɾma,skɪn,,poːst,,po,,ˈkɾˠacən̪ˠ,,,ˈkraːɣən,t̪ʋə.t͡ʃɑː,mɑʃk,huːð,ˈpɛlle,ˈt͡ʃɛɾm,hæu̯t,ˈôːd̪ɐ,âːda,,ɦœy̯t,,pɛl,ˈsku.ra,,ˈpɛ.lɨ,ˈpjele,ˈkoʐə,,ˈkɔʒa,kòːʒa,ləkuɹə,hʉːd,pɵːst,,t̪ʋətʃaː,heɪt
meat,fləis,maŋxɔ,ˈmʲasa,mɛˈsɔ,maŋʃo,,kiːɡ,,flaɪ̯ʃ,ˈkre̞as,miːt,ˈkarne,ɡoːʃt,t͡ʃʰøːʰt,vjɑ̃d,flai̯s,fʲoːlʲ,,,feːlʲ,ɡoːʃt̪,mis,kʰjœːt,ˈkar.ne,,fleːʃ,,ɡaʎa,,vleːs,çøːt,,ˈmʲɛ̃.sɔ,ɣwaˈ.ʂa,ˈkaɻ.ne,ˈkarne,ˈmʲasə,mɑ̃ː.s̪ɐ́,ˈmæso,mɛsóː,miʃ,ɕœtː,ɡɵːʃt,ˈmjɑsɔ,,flɛɪʃ
blood,blut,,,krɤf,,ˈɡwaːt,ˈɡwaːi̯d,bloːd,bluːt,ˈema,blʌd,ˈsanɡɾe,xuːn,plɔuːw,sɑ̃,bluə̯t,fˠɪlʲ,,,folʲ,kʰuːn,ɑɾˈjun,plouːð,ˈsan.ɡwe,,blut,krɒ͜úˑjæs,asinis,kr̩f,blut,bluː,,krɛf,,ˈsɐ̃.ɡɨ,ˈsɨn.d͡ʒe,krofʲ,ɐ́.s̪r̩d͡ʑ,ˈkr̩w,kríː,ɟ͡ʝak,,xun,ˈkrɔu̯,,blʊt
bone,,,kosʲt͡sʲ,kɔst,,ˈas.kɔrn,ˈasɡʊrn,knɔɡlə,ˈknɔχn,o̞ˈsto̞,boʊn,ˈweso,ostoxɒn,bain,ɔs,,knɑːvʲ,,ˈɔso̝,kreːw,ɦəɖ.ɖiː,vɔsˈkɔɾ,ˈpeiːn,ˈɔsso,,ʃɑŋk,ˈkä̂ˑʊ̯ɫɐs̪,,,beːn,bæɪn,ˈɔs,kɔɕt͡ɕ,,ˈo.su,os,kosʲtʲ,ɐ́s̪.t̪ʰi,ˈkɔsc,kóːst,,ˈbeːn,ustuxɔːn,,,
fat,,xɔ.kɔt,,,tʃorbi,,ˈbrastɛr,fet,fɛt,ˈli.pos,fæt,ˈɡɾasa,tʃærbiː,ˈfiːtɪ,ɡʁɛs,,sˠail̠ʲ,,,,,t͡ʃɑɾp,ˈfɪːta,ˈɡras.so,,,rʲɪəbɐˈlɐɪ̯ˑ,,,vɛt,,,twuʂt͡ʂ,,ɡoɹ.ˈdu.ɾa,,ʐɨr,,tuk,,,fɛt,,,tʃərbiː,
egg,ˈəiər,kɔ.ni,ˈjajka,jəiˈt͡sɛ,ɖim,,uːɨ̯,ɛːɡ,aɪ̯,ta.oˈa,ɛɡ,ˈwebo,t̪ʰoχm,ɛkː,œf,aːj,uː,u,ˈɔ.βʊ,au,ən.ɖɑː,d͡zu,ˈɛkː,ˈwɔ.vo,,e,,uōla,ˈjajt͡sɛ,ɛi̯,ɛɡː,,ˈja.jɔ,həɡəi,ˈo.vu,ow,(j)ɪjˈt͡so,,ˈvajt͡sɛ,jàːjt͡sɛ,,ɛɡː,tuxm,,,
horn,,xiŋ,,,,,kɔrn,,hɔrn,,hɔːn,ˈkwerno,ʃɒx,hɔtn,kɔʁn,,əiɾˠk,,ˈkɔɾno̝,,siːŋɡ,jɛʁd͡ʒˈjuɾ,hɔrtn,ˈkɔr.no,,,ˈrä̌ːɡɐs̪,ɾaks,,ɦoːrn,hʊrn,,ruk,,ˈʃi.fɾɨ,korn,rok,ɕr̩ŋ.ɡɐ́,ˈrɔx,róːk,,,ʃɔːx,,sĩɡ,
tail,,nɛz,xvost,,,,ˈkənfɔn,haːlə,ʃvant͡s,,teɪl,ˈkola,dæm,,kø,,ˈɾˠɨbˠəl̪ˠ,,ˈraβo̝,,pũːt͡ʃʰ,pɔt͡ʃʰ,ˈhaːlɪ,ˈkoda,,,,astɛ,ˈɔpaʃka,staːrt,,,ˈɔ.ɡɔn,,ˈʁa.bu,ˈkʷadə,xvost,,ˈxvɔst,rɛ́p,,svans,dum,,,
feather,,pakʰi,,,,,plɨː,fjeːr,ˈfeːdəʁ,,ˈfɛð.ə(ɹ),ˈpluma,por,ˈfjøːvʊɹ,plym,,ˈclʲɛtʲə,,ˈplumɐ,,,pʰɛˈtuɾ,fjœːðʏr,ˈpjuma,,ˈfie̯deʀ,,spālva,,veːr,fjøːr,,ˈpʲu.rɔ,,,fulɡ,pʲɪˈro,pɐɽ.ɳɐ́,,pɛróː,,,pær,peˈrɔ,,
hair,,suli,ˈvoɫas,koˈsa,tʃul,,ɡwaːɬd,,haːɐ̯,,hɛə,kaˈbeʎo,mo,hɔaːɹ,ʃə.vø,,ɡɾˠuəɟ,,kaˈβ̞elʊ,,bɑːl,,hauːr,,,hoː(e)ʀ,,mats,ˈkɔsa,ɦaːr,hoːr,,ˈvwɔ.sɨ,,kɐ.ˈβe.lu,,ˈvoləsɨ,kɐ́j.ɕɐ,,láːs,ˈcimɛ,hoːr,,wɔˈlɔsʲːɐ,bɒːl,hɔʁ
head,,muɹ,ɣaɫaˈva,ɡləˈva,mat̪ʰa,pɛ̃n,pɛn,hoːvəd,kɔpf,ce̞ˈfali,hɛd,kaˈbeθa,sæɾ,hœtː,tɛt,ˈholə,caun̪ˠ,,ˈtɛsta̝,caun,sɪɾ,ɡəˈluχ,hœːvʏθ,ˈtɛs.ta,,,,ɡâlva,,ɦoːft,,kap,ˈɡwɔ.va,,kɐ.ˈβe.sɐ,kap,ɡəlɐˈva,ɕí.ɽɐs̪,ɦɫava,ɡlàːʋa,kɔkə,ˈhʉːˌvɵd,sær,ɦɔlɔˈu̯ɑ,,
ear,ʊə̯r,kan,ˈvuxa,uˈxɔ,,skwaʁn,klɨːst,øːrə,oːr,aˈfti,ɪə̯,oˈido,ɡoːʃ,ˈɔira,ɔ.ʁɛj,,klˠuəsˠ,,,kleːʃ,kɑːn,ɑˈkɑnd͡ʒ,ˈeira,ɔˈrekkjo,,ˈəʊ̯ɐ,ɐʊˈsʲɪs,àws,ˈuvɔ,oːr,,awˈɾeʎo,ˈu.xɔ,ɣwaɡ,o(w).ˈvi.ðu,uˈre.ke,ˈuxə,,ˈu.xɔ,uxóː,,øːra,ɡɵʃ,ˈwuxɔ,,ˈɔɪ.əʁ
eye,oəχ,sɔku,ˈvoka,oˈkɔ,tʃokʰ,ˈla.ɡat,ˈɬəɡad,øjə,ˈaʊ̯ɡə,ˈmati,aɪ,ˈoxo,tʃʰæʃm,ˈɛiːja,œj,ɪə̯x,sˠuːlʲ,s̪uːl,ˈoʎʊ,suːlʲ,ɑ̃ːkʰ,ɑt͡ʃʰkʰ,ˈøyːɣa,ˈɔk.kjo,,a,ɐˈkʲɪs,ats,ˈɔkɔ,oːx,²æʉɡə,,ˈɔ.kɔ,st̪ərˈɡa,ˈo.ʎu,okʲ,ɡlas,,ˈɔkɔ,ɔkóː,sɒj,ˈøːˌɡa,tʃaʃm,ˈɔkɔ,ɑ̃ŋkʰ,
nose,nɪøs,nak,,nɔs,,ˈfriː,truːɨ̯n,ˈnɛːsə,ˈnaːzə,ˈmiti,nəʊz,naˈɾiθ,,nøːs,ne,,sˠɾˠoːnˠ,s̪t̪ɾɔːn,naˈɾiθ,st̪rudʲnʲ,naːk,kʰitʰ,nɛːv,ˈna.zo,,nuəs,,,,nøːs,,,nɔs,,nɐˈɾiʃ,,nos,,,nóːs,,ˈnɛːsˌa,biˈniː,,,
mouth,mɔnt,mukʰ,rot,usˈta,mukʰ,ˈɡɵ̃ː.nu,keːɡ,mon,mʊnt,,maʊθ,ˈboka,d̪æˈhɒːn,,buʃ,ˈmulə,bʲia̯l̪ˠ,piaɫ̪,,ˈbiəl,mũːʱ,bɛˈɾɑn,ˈmʏnːʏr,ˈbokka,ˈdɛv,mont,bʊrˈnɐ,mutɛ,,mɔnt,,buko,ˈu.sta,xwlə,ˈbo.kɐ,,rot,ɑ́ːs̪,ˈuːsta,ùːsta,ˈɡɔjə,mɵn,dæˈhɔːn,ˈrɔt,,
tooth,,dãt,,zɤp,d̪ɑt̪,,dant,tan,t͡saːn,ˈðɔndi,tuːθ,ˈdjente,dændɒːn,tʰɔnː,dɑ̃,,ˈfʲiəkəlʲ,,,,d̪ɑ̃ːt̪,ɑˈtɑm,tʰœnː,ˈdɛnte,,,,zùops,,tɑnt,tɑnː,,zɔmp,ɣɑʂ,ˈdẽ.tɨ,ˈdinte,zup,d̪ɐ́n̪.t̪ɐ,ˈzup,zóːp,,ˈtand,dændɔːn,,d̪ãt̪,tsɔn
tongue,,zi.bʱa,jaˈzɨk,ɛˈzik,,ˈtɛwt,ˈtavɔd,tɔnɡə,ˈtsʊŋə,ˈɣlosa,tʌŋ,ˈlenɡwa,zæˈbɒ(ː)n,ˈtʰʊŋka,lɑ̃ɡ,,ˈtʲaŋə,tʰʲɛŋɡə,,ˈtʃɛnʲə,dʒiːbʱ,lɛˈzu,ˈtʰuŋka,ˈliŋ.ɡwa,ˈzɯmɑːn,t͡soŋ,,mɛ̀ːlɛ,ˈjazik,tɔŋ,,ˈleŋɡo,ˈjɛ̃.zɨk,ˈʒəbə,ˈlĩ.ɡwɐ,ˈlimbə,(j)ɪˈzɨk,d͡ʑiɦ.ʋɑ́ː,ˈja.zik,jɛ̀ːzik,ˈɟuhə,ˈtɵŋˌa,zæˈbɔːn,jɐˈzɪk,dʒiːbʱ,tsʊŋ(ɡ)
fingernail,,,paˈznoɣat͡sʲ,ˈnɔkət,nɔːkʰ,,,najl,ˈfɪŋɐnaːɡl̩,ˈniçi,ˈfɪŋɡɚˌneɪl,ˈu.ɲa,nɒːxon,,ɔ̃ɡl,,,,,,,jɛˈʁunɡ,nœkl,ˈun.ɡja,,ˈfaŋeʀˌnoːl,,,nɔkt,,,,pazˈnɔ.kʲɛt͡ɕ,,ˈu.ɲɐ,,ˈnoɡətʲ,n̪ɐ.kʰɐ́,ˈɲɛxt,nóːxt,,,nɔːxun,,,
foot,,,naˈɣa,stəˈpalo,,,troːɨ̯d,foːd,fuːs,ˈpoði,fʊt,pje,pɒː,ˈfɔuːtʊɹ,pje,,kɔsˠ,kʰas,ˈpɛ,,pɛːɾ,vɔtkʰ,,ˈpjɛ.de,ˈpiː,fou̯s,,,,vut,fuːt,pɛ,ˈstɔ.pa,,ˈpɛ,piˈt͡ʃjor,nɐˈɡa,pɐ́d̪,ˈnɔɦa,stɔpàːlɔ,kəm.bə,fuːt,pɔːj,,,fʊs
leg,,bʱɔ.ɹi,naˈɣa,krak,pa,ˈɡɑːr,koːɨ̯s,beːn,baɪ̯n,ˈpoði,lɛɡ,ˈpjerna,pɒː,,ʒɑ̃b,skoŋk,kɔsˠ,kʰas,,,,vɔtkʰ,ˈfouːtʏr,ˈɡamba,,,,kāːja,,beːn,bæɪn,ˈkambo,ˈnɔ.ɡa,,ˈpɛɾ.nɐ,,nɐˈɡa,,ˈnɔɦa,nɔ̀ːɡa,kəm.bə,ˈbeːn,,,,fʊs
knee,,atʰu,kaˈlʲena,koˈlʲano,ˈɦaʈu,ˈɡliːn,,,kniː,ˈɣɔnatɔ,niː,roˈdiʎa,zɒːˈnuː,knɛaː,ʒə.nu,,ɡl̪ˠuːnʲ,,ʃeˈonʎo̝,ɡlʲuːnʲ,ɡʱʊʈ.nɑː,t͡suŋk,n̥jɛː,dʒiˈnɔkkjo,,knɜɪ̯,ˈkʲæ̌ːlʲɪs,tsɛlis,,kni,,(d)ʒeˈnul,kɔˈla.nɔ,,ʒu.ˈe.ʎu,dʒeˈnunkʲ,kɐˈlʲenə,d͡ʑɑ́ː.n̪u,ˈkɔlɛnɔ,kɔlèːnɔ,,,zɔːnu,,,knɪ
hand,,,,rəˈka,ɦat̪,ˈdɔʁn,ɬaːu̯,hɔnˀ,hant,ˈçeɾi,hænd,ˈmano,dæst,hɔnt,mɛ̃,,l̪ˠɑːvˠ,ɫ̪ãːv,,,ɦaːt̪ʰ,d͡zɛrkʰ,hœnt,ˈmaːno,,hant,ɾɐŋˈkɐ,ɾùoka,,ɦɑnt,hɑnd,ma,ˈrɛŋ.ka,lɑs,ˈmɐ̃w̃,ˈmɨ.nə,rʊˈka,ɦɐ́s̪.t̪ɐ,ˈruka,rɔ̀ːka,dɔɹ,hand,,rʊˈkɑ,ɦat̪ʰ,hant
wing,,dɛu.ka,krɨˈɫo,kriˈlɔ,,ˈas.kɛl,ˈadai̯n,,ˈflyːɡl̩,,wɪŋ,ˈala,bɒːl,ˈvɔŋkʊɹ,ɛl,,ˈʃcɪhɑːn,,aː,ˈskiːən,,tʰɛv,ˈvaiŋkʏr,ˈala,,,,spàːɾns,,,,,ˈskʂɨ.dwɔ,,ˈa.zɐ,,krɨˈlo,pɐ́k.ʂɐ,ˈkriːdɫɔ,krìːlɔ,kɾa,ˈvɪŋˌɛ,bɔːl,,,
belly,,pɛt,,koˈrɛm,,ˈkofː,,,baʊ̯x,,bɛli,bäˈriɣä,ʃeˈkʲæm,,vɑ̃tʁ,,ˈbˠɔlˠəɡ,,banˈduʎo̝,,peːʈ,pʰɔɾ,ˈmaːjɪ,ˈpan.t͡ʃa,,,,,mɛf,bœy̯k,,,bʐux,nas,bɐ.ˈʁi.ɡɐ,,ʐɨˈvot,u.d̪ɐ́.ɽɐ,ˈbruxɔ,trèːbux,,²mɑːɡɛ,ʃikæm,,,bɔɪχ
guts,,,,,,,,,ˈaɪ̯nɡəvaɪ̯də,,ɡʌts,,,,ɑ̃t.ʁaj,,ˈɪn̠ʲiː,,,,,pʰoɾoˈtikʰ,,,,,,,ˈt͡srɛva,,,,,,,,kʲɪʂˈkʲi,,,,,,,,,
neck,,di.ŋi,,ˈʃijə,,ˈɡu.zuk,ɡʊðv,hals,hals,,nɛk,ˈkweʎo,ɡærdæn,,ku,,ˈmˠɪnɑːl,,pesˈkoθo̝,ˈmonal,,viz,hauls,ˈkɔl.lo,,,ˈkä̌ːklɐs̪,,vrat,,hɑls,,ˈʂɨ.ja,,pɨʃ.ˈko.su,ɡɨt,ˈʂɛjə,ɡɽiː.ʋɑ́ː,kr̩k,ʋráːt,ˈcafə,,ɡærdæn,ˈʃɪjɐ,,haldz
back,rœχ,pi.tʰi,ˈsʲpʲina,ɡrɤp,,ˈkɛjn,,,ˈʁʏkn̩,,bæk,esˈpal.da,pʰoʃt̪ʰ,,do,rɛːx,d̪ˠɾˠiːmʲ,kʰuːɫ̪,ˈlombo̝,d̪riːm,piːʈʰ,mɛt͡ʃʰkʰ,paːk,ˈskjɛna,,ʀek,ˈn̪ʊɡɐrɐ,,ɡr̩p,rʏx,,,ˈplɛ.t͡sɨ,,ˈkɔs.tas,,spʲɪˈna,,ˈxr̩baːt,xə̀rbət,ʃpiːn,rʏɡ,puʃt,,,
breast,bɔ(ː)rs,,,ɡərˈda,,,brɔn,brøst,bʁʊst,ˈstiθos,bɹɛst,ˈpet͡ʃo,pʰesˈt̪ʰɒːn,brœst,sɛ̃,,,kʰʲiəx,,,,kuɾt͡skʰ,prjoust,ˈse.no,,,,,ˈɡrada,bɔrst,,,pʲɛrɕ,,ˈsɐj.u,pjept,ɡrutʲ,,ˈpr̩sɲiːk,,,,,,pɪst̪an,
heart,,dil,ˈsert͡sa,sərˈt͡sɛ,,ˈkalɔ̃n,ˈkalɔn,jɛrtə,hɛʁts,karˈðʝa,hɑːt,koɾaˈθon,del,ˈjaɹ̥ʈa,kœʁ,hɛt,kɾˠiː,,,kriː,d̪ɪl,siɾt,ˈçar̥ta,ˈkwɔːre,,,ʃʲɪrʲˈdʲɪs,sîɾts,ˈsr̩t͡sɛ,ɦɑrt,²jɑrtə,kɔr,ˈsɛr.t͡sɛ,zɻə,ko.ɾa.ˈsɐ̃w̃,ˈinimə,ˈsʲert͡sə,ɦŕ̩.d̪ɐ.jɐ,sr̩tsɛ,sərt͡séː,ˈzɛməɾ,ˈjɛrˌta,dil,ˈsɛrt͡se,,
liver,,,ˈpʲet͡ʂanʲ,ˈtʃɛrɛn drɔp,,ˈɑːvy,ˈavɨ̞,leːvər,ˈleːbɐ,,lɪvə(ɹ),ˈiɡado,dʒeɡæɾ,ˈliːvʊɹ,fwa,,eː,,,eːn,,ljɑɾtʰ,ˈlɪːvʏr,ˈfeɡato,,ˈliəvɐ,,aknas,ˈd͡ʒiɡɛr,ˈleːvər,ˈleːʋɛr,,vɔnˈtrɔ.ba,,ˈfi.ɡɐ.du,,ˈpʲet͡ɕɪnʲ,jɐ́.kr̩t̪,ˈpɛtʃɛɲ,jèːtra,,,dʒiɡær,,,
drink,,pa.ni,,ˈpijə,,ˈe.vɑ̃,ˈəvɛd,drekə,ˈtʁɪŋkən,ˈpi.no,dɹɪŋk,beˈβeɾ,nuːʃiːˈdæn,ˈtɾɛʰkːa,bwaʁ,ˈdrɪŋkə,oːl̪ˠ,ɔːɫ̪ ,,,piːn̪ɑː,χəˈmɛl,ˈtrɛhka,ˈbe.re,ˈvɛxwɑːɾɯn,ˈdʀeŋken,ˈɡʲɛrʲ.tʲɪ,dzɛɾ̂t,ˈpi.ɛ,ˈdrɪŋkə(n),,ˈbewre,pʲit͡ɕ,,bɨ.ˈβeɾ,be̯a,pʲitʲ,pí.bɐ.t̪i,ˈpic,pìːti,pi,drɪkːa,nɵʃidæn,,,
eat,,,,,,,,spiːsə,ˈʔɛsn̩,ˈtro̞o̞,iːt,koˈmeɾ,,,mɑ̃.ʒe,,ɪ,,,,,uˈtɛl,,manˈdʒa.re,ˈxwɑːɾɯn,ˈie̯sen,,,ˈjadɛ,,,,,,ko.ˈme(ʁ),luˈa,jesʲtʲ,,,,,ˈɛːˌta,,,,
bite,,,kuˈsat͡sʲ,ot̪ˈxapvəm,,,knɔj,biːdə,ˈbaɪ̯sən,ðaŋˈɡono,baɪt,,,,mɔʁdʁ,,,,,,,kəˈtsɛl,ˈpiːta,ˈmɔr.de.re,,ˈbæi̯sen,,kuôst,ɔdˈɡrizuva,ˈbɛi̯tə(n),,,,,muɾˈðeɾ,muʃˈka,ɐtˈkusɨvətʲ,,,uɡrìːzniti,kafˈʃɔj,,ɡæzidæn,,,
suck,,,smaktat͡sʲ,,tʃoʃɑ,,,,ˈzaʊ̯ɡən,,sʌk,t͡ʃuˈpaɾ,mækʲiːˈdæn,,sy.se,,sˠuːɟ,ˈtʲo.al,t͡ʃuˈt͡ʃaɾ,,,t͡səˈt͡sɛl,ˈsjuːa,,ˈmeːʒiːn,,ˈtʲʃʲʊlʲpʲtʲɪ,sùːkt,ˈt͡sit͡sa,ˈzœy̯.ɣə(n),,,ssat͡ɕ,,,ˈsu.d͡ʒe,sɐˈsatʲ,,,səsàːti,θiθ,,mækidæn,,,
spit,,tʰu pɛ.lʊa,,,,,,spøtɘ,ˈʃpʊkŋ̩,ˈfti.nɔ,spɪt,eskuˈpiɾ,,,kʁa.ʃe,,,,kusˈpiɾ,,t̪ʰuːk.nɑː,tʰəˈkʰɛl,ˈr̥aiːca,spuˈtare,,,,spʎāwt,ˈpɫuka,,,,plut͡ɕ,,kuʃ.ˈpiɾ,,plʲɪˈvatʲ,,ˈpʎuc,,,,,,,
vomit,,bɔ.mi kɔ.ɹa,vanʲitaˈvat͡sʲ,,,,,,ˌyːbɐˈɡeːbən,,ˈvɒmɪt,,,,vɔ.miʁ,,ˈaʃɪɟ,,,,,,ˈaiːla,vo.miˈta.re,,ˈkɑtsən,,,ˈpɔvraca,,,,vɨ.mʲɔˈtɔ.vat͡ɕ,,vu.mi.ˈtaɾ,,blʲɪˈvatʲ,,,,,,,,,
blow,,,,,,,ˈχwəθɨ̞,blɛːsə,ˈblaːzn̩,,bləʊ,,,,su.fle,,ʃeːdʲ,,,,,pʰəˈt͡ʃʰɛl,,sofˈfjare,,,ˈpǔːsʲtʲɪ,,ˈduva,ˈblaːzə(n),,,ˈdmu.xat͡ɕ,,suˈpɾaɾ,,dutʲ,,,pìːxati,,,,,,
breathe,,,,,,,aˈnadlɨ,ɔnə,ˈaːtmən,a.naˈpne.o,bɹiːð,respiˈɾaɾ,,,ʁɛs.pi.ʁe,,,,,,,ʃənˈt͡ʃʰɛl,ˈanta,respiˈrare,,ˈoːtmən,,,,ˈaːdəmə(n),,,ɔdˈdɨ.xat͡ɕ,,ʁɨʃ.pi.ˈɾaɾ,,dɨˈʂatʲ,,ˈdiːxac,dìːxati,,,,,,
laugh,ɫɐχ,ɦɔɦa,,,,,,leː,ˈlaχn̩,,laːf,reˈiɾ,xænd̪iːˈd̪æn,,ʁiʁ,ˈlai̯tsjə,ɡɑːɾʲ,,,,ɦə̃s.nɑː,t͡sit͡sɑˈʁɛl,ˈl̥aiːja,ˈri.de.re,ˈkɛniːn,ˈlaːχən,,,sɛ ˈsmɛ.ɛ,ˈlɑxə(n),,,ɕmʲat͡ɕ,,ˈʁiɾ,,smʲɪˈjat͡sːə,,ˈsmi̯ac sa,smɛjàːti,cɛʃ,,xændidæn,,,
see,,dɛkʰa,ˈbat͡ʂɨt͡sʲ,ˈviʒdəm,ˈd̪ækʰa,,ɡwɛld,seː,ˈzeː.ən,ˈvlepo,siː,ˈbeɾ,d̪iːˈd̪æn,ˈsʊt͡ʃːa,vwaʁ,sjɛn,fʲɛc,,,,d̪eːkʰ.nɑː,tɛsˈnɛl,ˈsjauː,veˈde.re,ˈdiːtɯn,ɡeˈzin,mɐˈtʲîːtʲɪ,ɾɛdzɛ̂ːt,ˈɡlɛda,zin,ʃoː,,ˈvʲi.d͡ʑɛt͡ɕ,,veɾ,veˈde̯a,ˈvʲidʲɪtʲ,pɐ́ɕ.jɐ.t̪i,ˈviɟi̯ɛc,ʋìːdɛti,,seː,diˈdan,ˈbɑt͡ʃete,d̪ekʰnaː,
hear,,xu.na,t͡ʂut͡sʲ,ˈtʃuvəm,ʃonɑ,,ˈkləu̯ɛd,høːrə,ˈhøːrən,aˈkuo,hɪə(ɹ),oˈiɾ,ʃeniˈdæn,,ɑ̃.tɑ̃dʁ,ˈjɛrə,klˠɔʃ,,ɔˈiɾ,,sʊn.nɑː,ləˈsɛl,ˈheiːra,,ˈbiːstɯn,ˈhei̯ʀen,,dzìɾdɛ̂ːt,,ˈɦoːrə(n),,,ˈswɨ.ʂɛt͡ɕ,awraˈwəl,owˈviɾ,,ˈslɨʂətʲ,,,slìːʃati,,,ʃunidan,ˈt͡ʃute,,
know,vɪət,,ˈvʲedat͡sʲ,,,,ˈmɛdrɨ,,ˈvɪsn̩,ˈksɛ.ɾɔ,nəʊ,saˈbeɾ,d̪ɒːnesˈt̪ʰæn,,savwaʁ,,,,,,d͡ʒɑːn.nɑː,ɡitɛˈnɑl,ˈvɪːta,saˈpeː.re,ˈzɑːniːn,,ʒɪˈnoː.tʲɪ,zinâːt,,ˈʋeːtə(n),,,ˈvʲɛ.d͡ʑɛt͡ɕ,poˈheˈdəl,sɐ.ˈbeɾ,ʃti,znatʲ,,ˈvɛɟi̯ɛc,ʋèːdɛti,di,veːta,dɔːnistæn,ˈznɑte,dʒanːa,vɪsn̩
think,dəŋk,bʱɔ.ba,,,,,ˈmɛðʊl,,ˈdɛŋkən,ˈsceftome,θɪŋk,penˈsaɾ,ˌfekɾ kʲæɾˈd̪æn,,pɑ̃.se,,capˠ,,,,sotʃn̪aː,mətɑˈt͡sɛl,ˈhʏxsa,,ˈfɯkɯɾiːn,,,,,ˈdɛŋkə(n),,,ˈmɨɕ.lɛt͡ɕ,,pẽˈsaɾ,ɡɨnˈdi,ˈdumətʲ,,ˈmisli̯ɛc,mìːsliti,mɛnˈdɔj,,,ˈdumɐte,sotʃn̪aː,
smell,,,pax,,,,,loɡt,ɡəˈʁʊχ,miɾoˈðʝa,smɛl,,,,ɔ.dœʁ,,,,,,ɡənd̪ʱ,hɔt,lɪxt,oˈdo.re,,,,,,ɣøːr,,,ˈza.pax,buj,ˈʃɐj.ɾu,,ˈzapəx,,,,ɛːɹ,,,,,
fear,frɪəs,bʱɔe,,,bʱɔe̯,ɔ̃n,,,ʔaŋst,,fɪə,ˈmjedo,,,pœʁ,,ˈaɡlˠə,,,,,vɑχ,ˈr̥aiðstla,paˈu.ra,,aŋʃt,,bâjlɛs,,ɑŋst,,,strax,,fuˈβi.ɐ,ˈfrikə,strax,bʱɐ.jɐ́,strax,stráːx,ˈfɾik(ə),,,,,
sleep,,xʊa,,spʲɤ,,,ˈkəsɡɨ̞,,ˈʃlaːfn̩,ciˈmame,sliːp,dorˈmiɾ,xɒːbiˈdæn,,dɔʁ.miʁ,,ˈkɔd̪ˠɪlʲ,,,,soː.nɑː,kʰəˈnɛl,ˈsɔːva,dorˈmi.re,,ˈʃloːfən,,ɡulɛ̂ːt,,ˈslaː.pə(n),,,spat͡ɕ,,duɾ.ˈmiɾ,dorˈmi,spatʲ,s̪ʋɐ́.pi.t̪i,ˈspac,spàːti,,soːva,xɔːbiˈdæn,,,
live,,,,ʒiˈvɛjə,,,bɪu̯,leːvə,ˈleːbən,ˈzo,lɪv,biˈbiɾ,,,vivʁ,ˈlɪbjə,mˠaɾʲ,,,,d͡ʒina,ɑpˈɾɛl,ˈlɪːva,ˈvi.ve.re,,ˈliə̯vən,ɡiˈʋæntɪ,dzîːvuôt,,ˈleːvə(n),,,ʐɨt͡ɕ,,viˈveɾ,trəˈi,ʐɨtʲ,d͡ʑíː.ʋɐ.t̪i,ˈʒic,ʒiʋèːti,jɛˈtɔj,leːva,,,,
die,,mɔɹ,,oˈmiɾəm,,,,dø,ˈʃtɛʁbən,peˈθeno,daɪ,,moɾˈd̪æn,,mu.ʁiʁ,,,,,,məɾ.nɑː,mɛrˈnɛl,ˈteiːja,moˈrire,,,ˈmʲɪrʲ.tʲɪ,mīɾt,,ˈdoːtxaːn,,,uˈmʲɛ.rat͡ɕ,,mu.ˈʁeɾ,muˈri,ʊmʲɪˈratʲ,mɐ́.ɽɐ.t̪i,ˈumri̯ɛc,umrèːti,vdɛs,,murdæn,,mərna,
kill,,,,oˈbivəm,,,ɬaːð,,ˈtøːtən,skoˈtono,kɪl,maˈtaɾ,kʰoʃˈt̪ʰæn,,ty.e,,ˈmˠaɾˠə,maɾav,,,mɑːɾ‿ɖɑːl.nɑː,spɑˈnɛl,ˈtrɛːpa,utˈt͡ʃi.de.re,,,,nâːvɛ̂ːt,ˈubiva,ˈdoːdə(n),,,zaˈbʲi.jat͡ɕ,,ma.ˈta(ʁ),omoˈrɨ,ʊbʲɪˈvatʲ,ɦɐ́n̪.t̪i,ˈzabic,ubìːti,,ˈdøːda,kuʃtæn,,marna,ˈtɛjtn̩
fight,,zũza,,ˈborʲɤ,,,,,kɛm(p)fən,,faɪt,peleˈaɾ,,,batʁ,,t̪ˠɾˠɪdʲ,,,,ləɽ.nɑː,kərˈvɛl,,lotˈta.re,,,,,,ˈstrɛi̯də(n),,,ˈval.t͡ʂɨt͡ɕ,,lu.ˈtaɾ,,ˈdrat͡sːə,,ˈbɔjɔvac,bɔrìːti,,,,,,
hunt,,si.kaɹ kɔ.ɹa,palʲaˈvat͡sʲ,,,,,ˈjaːɡə,ˈjaːɡən,,hʌnt,kaˈθaɾ,,,ʃa.se,,ˈʃɛlʲɪɟ,ˈʃaɫ̪ak,,,,vɔɾˈsɑl,ˈveiːða,katˈtʃare,,ˈjo.en,mʲɛˈdʲʒʲotʲɪ,,,ˈjaːɣə(n),,,pɔˈlɔ.vat͡ɕ,,kɐ.ˈsaɾ,,ɐˈxotʲɪt͡sə,,,lɔʋìːti,,ˈjɑːˌɡa,,,,
hit,,,,,,,ˈtarɔ,slɔː,ˈʃlaːɡən,,hɪt,,zæˈd̪æn,,fʁa.pe,,,ˈbuɪl,,,ˈmɑːɾ.nɑː,χəˈpʰɛl,stlauː,kolˈpire,,,,,,ˈraːkə(n),,,uˈdɛ.ʐat͡ɕ,,ɡow.pe.ˈaɾ,,ʊdɐˈrʲætʲ,,ˈudri̯ɛc,udàːriti,,,,,marna,
cut,,kɔ.ta,,,kɑʈɑ,,ˈtɔri,skɛːrə,,,kʌt,,boɾiːˈdæn,,ku.pe,,ɟaːɾˠ,kʲaːrˠ,,,kɑːʈ.nɑː,kətˈɾɛl,ˈscɛːra,taʎˈʎare,,,,ɡrīɛ̄st,,ˈsnɛi̯də(n),,,t͡ɕɔɲt͡ɕ,,kuɾˈtaɾ,,ˈrʲezətʲ,,ˈrɛzac,rèːzati,,ˈɧæːˌra,,,,
split,,pʰal,,,,,,,ˈʃpaltn̩,,splɪt,parˈtiɾ,,,fɑ̃dʁ,,,,,,,,ˈkʰlɔpna,ˈfɛndere,,,,,,,,,ˈd͡ʑɛ.lʲit͡ɕ,,pɐɾ.ˈtiɾ,,rəɕːɪˈplʲætʲ,,,,,deːla,,,,
stab,,,,,,,,stekɘ,ˈʃtɛçn̩,,stæb,apuɲaˈlaɾ,,,pwa.ɲaʁ.de,,,,,,,χoˈtsʰɛl,,puɲɲaˈlare,,,,,,ˈsteːkə(n),,,,,,,zɐˈkalɨvətʲ,,,,,,,,,
scratch,,ãsʊɹ,ˈdrapat͡sʲ,,,,,,ˈkʀat͡sn̩,ˈksino,skɹætʃ,rasˈkaɾ,xæɾɒːʃiːˈdæn,,ɡʁa.te,,,,,,,kʰɛɾˈtsɛl,,,,,,,,,,,ˈdra.pat͡ɕ,,ko.ˈsa(ɻ),,t͡sɐˈrapətʲ,,,,,,,,,
dig,,kʰan.da,,,,,,ɡraːvə,ˈɡʁaːbən,,dɪɡ,ekskaˈbaɾ,kʲænˈdæn,,kʁø.ze,,ˈt̪ˠɔxəlʲ,,eskaˈβaɾ,,kʰoːd̪.nɑː,pʰɔˈɾɛl,,skaˈvare,,ˈɡʀue̯ven,,ɾakt,,ˈɣraːvə(n),,,ˈkɔ.pat͡ɕ,,,,kɐˈpatʲ,,ˈkɔpac,kòːpati,,,,,,
swim,,,,,,,ˈnɔvjɔ,svœmə,ˈʃvɪmən,,swɪm,naˈdaɾ,,,na.ʒe,ˈsvɪmə,sˠn̪ˠɑːvˠ,,,,,lɔˈʁɑl,ˈsɪnta,nwoˈtare,,ˈʃwɑmən,ˈpɫɒʊ̯ˑkʲtʲɪ,pɛ̄ldɛ̂ːt,,ˈzʋɛ.mə(n),²sʏmjɑ,,ˈpwɨ.vat͡ɕ,lɑmbəl,nɐˈðaɾ,,ˈplavətʲ,,ˈpɫaːvac,pláːʋati,nɔˈtɔj,,,,,
fly,,makʰi,,muˈxa,matʃʰi,,,fluːə,ˈfliːɡə,ˈmiɣa,flaɪ,ˈmoska,mæˈɡæs,ˈfluː(w)ʊ,muʃ,mɪx,kɪˈlʲoːɡ,,ˈmoska̝,,,t͡ʃɑnt͡ʃ,ˈflʏːɣa,,ˈmeːʃ,,,muʃa,,vlix,²flʉːɡə,,ˈmu.xa,,ˈmos.ka,,ˈmuxə,,ˈmuxa,mùːxa,,,,,,
walk,lʊəp,kʰʊz.kaʴɦa,,ˈxɔdʲə,,,ˈkɛrðɛd,ɡɔː,ˈlaʊ̯fən,,wɔːk,kamiˈnaɾ,,,maʁ.ʃe,ˈɡɪə̯n,ʃuːlʲ,,,,ʈɛːʱl.nɑː,kʰɑjˈlɛl,ˈkauŋka,kammiˈnare,,ˈɡo.en,ˈɛjːtʲɪ,iɛ̂t,ˈɔdi,ˈloːpə(n),,,iɕt͡ɕ,,ɐ̃.ˈdaɾ,ˈmer.d͡ʒe,xɐˈdʲitʲ,,ˈiːsc,xɔdìːti,ˈɛtsi,ɡoː,ɡæʃtæn,,,
come,kɔm,aʱ,,,,,doːd,kɔmə,ˈkɔmən,ˈeɾxome,kʌm,beˈniɾ,ɒːmæˈd̪æn,,və.niʁ,,t̪ˠaɾˠ,hikʲ,,,ɑːn̪ɑː,ɡɑl,ˈkʰɔːma,veˈni.re,ˈhɑːtɯn,,ɐˈtʲɛjːtʲɪ,nāːkt,,ˈkoːmə(n),,,pʂɨˈxɔ.d͡ʑit͡ɕ,rɑˈt̪ləl,ˈviɾ, veˈni ,prʲɪxɐˈdʲitʲ,,,prìːti,,ˈkɔmːa,ɔːmædæn,,an̪a,ˈkʊmən
lie,,,,ɫəˈʒa,,,,løɡn,ˈlyːɡə,,laɪ̯,menˈtiɾa,doˈɾuːɣ,,mɑ̃.sɔ̃ʒ,,bʲɾʲeːɡ,,,,d͡ʒʱuːʈʰ,sut,ˈlɪiːjɪ,buˈd͡ʒi.a,,ˈliʑən,ˈmʲæːɫas,,,ˈløː.ɣə(n),,,ˈkwam.stfɔ,,mẽ.ˈti.ɾɐ,,loʂ,,ˈkɫamstvɔ,láːʃ,,lœŋn,,,,
sit,,bɔɦ,,sɛˈdʲɤ,ˈbɔʃa,,ˈei̯sdɛð,seðə,ˈzɪtsn̩,ˈkaθome,sɪt,senˈtaɾ,neʃæsˈt̪ʰæn,,,,sˠɪɟ,,,,bɛʈʰnaː,nəsˈtɛl,ˈsɪːtja,seˈdere,,,sʲeːˈdʲeːtʲɪ,,,ˈzɪtə(n),,,ˈɕɛ.d͡ʑɛt͡ɕ,,iʃ.ˈtaɾ,,sʲɪˈdʲetʲ,,,sɛdèːti,ulɛm,,,seˈdʲite,,
stand,,tʰiɔ ɦʊa,,,d̪aɽano,,ˈsɛvɨ̞ɬ,,ˈʃteː.ən,ˈstekome,stænd,,iːstʰɒːˈdæn,,ɛ.tʁə d(ə).bu,stɪə̯n,ʃasˠ,,,,,kɑŋɡˈnɛl,ˈstanta,,,ˈʃtoːən,,stāːvɛ̂ːt,,staːn,,,stat͡ɕ,,pɨɾ.mɐ.nɨ.ˈseɾ,,stɐˈjætʲ,t̪íʂ.ʈʰɐ.t̪i,ˈstaːc,stàːti,ri,,,,,
turn,,,,,,,,drajə,ˈdʁeːən,,tɜːn,xiˈɾaɾ,ɡæʃtæn,,tuʁ.ne,,kɑsˠ,,,,,ʃəɾdʒˈvɛl,,d͡ʒiˈra.re,,,,,,ˈdraːi̯ə(n),,,,tɑwaˈwəl,,,vrɐˈɕːat͡sːə,,,,,,,,,
fall,fal,pɔ.ɹa,,ˈpad̪əm,ˈpɔɽa,,ˈsərθjɔ,,ˈfaln̩,,fɔːl,kaˈeɾ,oftʰɒːˈdæn,fatl,tɔ̃.be,,tʲɪtʲ,t̪uʰtʲ,,,ɡɪɾ.nɑː,əŋkˈnɛl,ˈfatla,kaˈde.re,ˈkɛtɯn,,,,,ˈvɑlə(n),,,ˈspa.dat͡ɕ,,kɐˈiɾ,kəˈde̯a,ˈpadətʲ,pɐ́.t̪ɐ.t̪i,,pàːsti,ˈbiɛ,falːa,,ˈpadatɪ,ɡɪrˈna,
give,χɪə,,,ˈdavəm,,ˈrɛĩ,r̥ɔi̯,ɡiː,ˈɡeːbən,,ɡɪv,ˈdaɾ,d̪ɒːˈd̪æn,t͡ʃeːʋa,dɔ.ne,jaːn,ˈt̪ˠuːɾʲ,,,,d̪eː.nɑː,tɑl,ˈcɛːva,ˈda.re,,,ˈduɔtʲɪ,duôt,,ˈɣeːvə(n),,,ˈda.vat͡ɕ,,ˈdaɾ,da,dɐˈvatʲ,,,dàːti,,jeː,dɔːdæn,,d̪ena,
hold,ɦœu,,trɨˈmat͡sʲ,,,,dal,,ˈhaltn̩,,həʊld,aɡwanˈtaɾ,,,tə.niʁ,hɔːdə,ˈkɪn̠ʲə,kʰuːm,,,pə.kəɽ.nɑː,bərˈnɛl,ˈhalta,teˈne.re,,ˈhaːlen,tʊˈɾʲeːtʲɪ,tuɾɛ̂ːt,,ˈɦɑu̯də(n),,,ˈtʂɨ.mat͡ɕ,,ˌse.ɡu.ˈɾa(ɹ),ˈt͡si.ne,dʲɪrˈʐatʲ,,ˈdr̩ʒac,,mbaj,,,,,
squeeze,,,,,,,,,ˈdʁʏkŋ̩,,skwiːz,ekspɾiˈmiɾ,,,pʁɛ.se,,,,espɾeˈmeɾ,,,ə,ˈθrista,,,,,,,ˈdrʏkə(n),,,ˈɕt͡ɕi.skat͡ɕ,,,,ʐːɨˈmatʲ,,,,,,,,,
rub,,ɡʱɔɦa,,,,,,,ˈʀaɪ̯bnˌ,triˈvo,ɹʌb,,mɒːliːˈd̪æn,,fʁɔ.te,,ˈkɪmʲɪlʲ,,,,rəɡəɽna,,,strofiˈnare,,ˈʀɑɪvən,,,,ˈvrɛi̯və(n),,,tʂɛt͡ɕ,,ˌes.fɾe.ˈɡa(ɻ),freˈka,tʲɪˈrʲetʲ,,,,fəɾˈkɔj,,,ˈtɛrte,,
wash,,dʱʊa,,,,,ˈɡɔlχɪ,,ˈvaʃən,,wɒʃ,,ʃostæn,,la.ve,,nʲɪɟ,,,,ˈd̪ʱoː.n̪ɑː,ləˈvɑl,θvɔː,,,,,mazɡâːt,,ˈʋɑsə(n),,,mɨt͡ɕ,,lɐˈvaɾ,,mɨtʲ,,,mìːti,,,ʃustæn,,d̪ʱuːn̪aː,
wipe,,mɔ.sa,,,,,,veskɘ,ˈvɪʃn̩,,waɪp,limˈpjaɾ,,,e.sɥi.je,,ˈkɪmʲɪlʲ,,,,,səɾˈpʰɛl,,aʃʃuˈɡare,,,,slāwtsîːt,ˈbriʃɛ,ˈveː.ɣə(n),,ejsyˈɣa,vɨˈt͡ɕɛ.rat͡ɕ,,ˌes.fɾe.ˈɡa(ɻ),,vɨtʲɪˈratʲ,,,,,,,,mɪʈanaː,
pull,,ta.na,t͡sʲaˈɣat͡sʲ,,ˈʈana,,,trɛkə,ˈtsiːən,,pʊl,tiˈɾaɾ,kʲeʃiːˈd̪æn,,ti.ʁe,,,,,,kʰĩː(ɳ).t͡ʃnɑː,kʰɑˈʃɛl,ˈtraːɣa,t̪iˈrare,,,,,,ˈtrɛkə(n),,,ˈt͡ɕɔŋ.ɡnɔɲt͡ɕ,,pu.ˈʃa(ɹ),,tʲɪˈnutʲ,,ˈci̯aɦnuc,,,,,tʲɐˈɦɑte,,
push,,,ˈʂturxat͡sʲ,,,,,skɔbɘ,ˈdʁʏkŋ̩,,pʊʃ,empuˈxaɾ,,,pu.se,ˈtrjoːwə,,,,,d̪ʱə.keːl.nɑː,həˈɾɛl,ˈr̥ɪnta,ˈspindʒere,,,,,,ˈdyu̯ə(n),,,pxat͡ɕ,,ẽ.pu.ˈʁaɾ,,tɐlˈkatʲ,,ˈtɫat͡ʃic,,,²ɧʉːta,,,,
throw,,dɔ.liʊa,,,,,ˈtavlɨ,,ˈvɛrfən,,θɹəʊ,,ændɒːxtæn,kʰasta,ʒə.te,,kɑh,ˈtʃʰilikʲ,,,pʰeːŋk.nɑː,nɛˈtɛl,ˈkʰasta,,,ɡeˈhai̯en,ˈmʲɛsʲtʲɪ,mest,,ˈʋɛrpə(n),,,ˈʐu.t͡sat͡ɕ,,lɐ̃.ˈsaɾ,,brɐˈsatʲ,,,ʋrèːt͡ʃi,,,ændɔːxtæn,,,
tie,,bɔn.dʱa,,,,,,benə,ˈbɪndn̩,,taɪ,aˈtaɾ,,,lje,,,,,,,kɑˈpɛl,,leˈɡare,,,ˈrʲɪʃʲtʲɪ,,,ˈknoːpə(n),,,ˈvʲɔ̃.zat͡ɕ,,ɐˈtaɾ,,ˈsvʲazɨvətʲ,,,,,,,,,
sew,,xia,ʂɨt͡sʲ,ˈʃijə,,,,syː,ˈnɛːən,,səʊ,ko.ˈser,,,kudʁ,,,,,,,kɑˈɾɛl,ˈsøyːma,kuˈtʃire,,ˈbitsen,ˈsʲuːtʲɪ,ʃūːt,,ˈnaːjə(n),,,ʂɨt͡ɕ,,,,ʂɨtʲ,,,ʃìːti,,,,,,
count,tɛ̞ːl,,,,,,,,ˈt͡sɛːlən,,kaʊnt,konˈtaɾ,ʃomordæn,,kɔ̃.te,,ɾˠiːvˠ,,,,ɡɪn.nɑː,,ˈtʰɛlja,konˈtare,,ˈt͡siələn,,skàjtîːt,ˈbrɔi,ˈtɛlə(n),,,ˈlʲi.t͡ʂɨt͡ɕ,,kõ.ˈtaɾ,,ɕːɪˈtatʲ,,,ʃtèːti,,,ʃumurdæn,,,
say,sɛː,,ɣavaˈrɨt͡sʲ,ˈkazvəm,ˈbɔla,,,,zaːɡən,,seɪ,deˈθiɾ,ɡofˈt̪ʰæn,siːja,diʁ,,ˈabˠəɾʲ,ˈapɪɾʲ,diˈθiɾ,,kɛːʱ.nɑː,ɑˈsɛl,ˈseiːja,ˈdi.re,,,sɐˈkʲiːtʲɪ,satsîːt,,ˈzɛɣə(n),²sæɪɑ,,ˈmu.vʲit͡ɕ,,di.ˈzeɾ,ˈzitʃe,ɡəvɐˈrʲitʲ,ʋɐ́.d̪ɐ.t̪i,ˈɦɔvɔric,rɛ̀ːt͡ʃi,θɛm,ˈsɛjːa,ɡuftæn,,kɛɦna,ˈzɔ.ɡŋ̩
sing,səŋ,ɡʊa,,ˈpɛjə,,,ˈkanɨ̞,sønɡə,ˈzɪŋən,,sɪŋ,kanˈtaɾ,sʊɾuːˈd̪æn,,ʃɑ̃.te,,kanˠ,,,,ˈɡɑː.nɑː,jɛɾˈkʰɛl,ˈsiɲca,kanˈtaːre,,ˈzɑŋən,dɐjˈnuɔtʲɪ,dziɛ̂dâːt,,ˈzɪ.ŋə(n),²sʏŋːjɑ,,ˈɕpʲɛ.vat͡ɕ,,kɐ̃ˈtaɾ,kɨnˈta,pʲetʲ,,,pɛ̀ːti,kənˈdɔj,,,sʲpʲiˈu̯ɑte,ɡaˈna,ˈzɪn.ɡn̩
play,,,,iˈɡrajə,,,ˈχwaraɨ̯,lajə,ˈʃpiːlən,,pleɪ,xuˈɡaɾ,,,ʒwe,,ˈɪmʲəɾʲ,,,,kʰeːl.nɑː,χɑˈʁɑl,ˈleiːka,d͡ʒoˈkä.re,,,ˈʒɐjsʲtʲɪ,,,ˈspeːlə(n),,,ɡrat͡ɕ,ˈlobe kawəl,ʒu.ˈɣaɾ,,ɪˈɡratʲ,,ˈɦrac,iɡràːti,,,,ˈɦrɑte,kʰeln̪aː,
float,,,,,,,,,ˈtʀaɪ̯bm̩,,fləʊt,,,,flɔ.te,,,,,,,,,ɡalledˈdʒare,,,,,,ˈdrɛi̯və(n),,,,,,pluˈti,ˈplavətʲ,,,,,flyːta,,,,
flow,flui,bʊa,,tɛˈkə,,,,,ˈfliːsn̩,ˈre.o,fləʊ,ˈflwiɾ,,,ku.le,,,,,,,,ˈrɛnːa,fluˈire,,ˈflei̯sen,ˈbʲeːk.tʲɪ,,,ˈvlujə(n),,,ˈpwɨ.nɔɲt͡ɕ,,,,tʲet͡ɕ,,ˈci̯ɛt͡sc,tɛ̀ːt͡ʃi,,,,,,
freeze,,,,,,,,,ɡəˈfʁiːʁən,,ˈfɹiːz,eˈlaɾ,,,ʒə.le,,,rˠɔː,ʃeˈaɾ,,d͡ʒəm.nɑː,,ˈfrjouːsa,dʒeˈlare,,ˈfʀei̯ʀen,,,,bəˈvrizə(n),,,zaˈmar.zat͡ɕ,,ʒe.ˈla(ɻ),,zəmʲɪrˈzatʲ,,,,,,,,,
swell,,pʰu.la,,,,,,,ˈʃvɛlən,ˈpɾizome,swɛl,,,ˈpœlna,ɡɔ̃.fle,,,,,,,uˈrɛl,,,,,,,,ˈzʋɛlə(n),,,ˈpux.nɔɲt͡ɕ,,ĩ.ˈʃa(ɹ),,rəzdʊˈvat͡sːə,,,,,,,,,
sun,,be.li,ˈsont͡sa,ˈslɤntsɛ,,,haɨ̯l,soːl,ˈzɔnə,ˈi.ʎos,sʌn,ˈsol,,sɔuːl,sɔ.lɛj,,ɟɾʲiənˠ,,s̺ol,ɡriːn,,ɑˈɾɛv,souːl,ˈso.le,,zon,ˈsɑuleː,sāūle,ˈsɔnt͡sɛ,,suːl,suˈlel,ˈswɔɲ.t͡sɛ,lmar,ˈsɔɫ,ˈso̯are,ˈsont͡sə,s̪úːɽ.jɐ,ˈsɫ̩ŋkɔ,sóːnt͡sɛ,,suːl,ɔftɔb,ˈsɔnt͡sɛ,,zʊn
moon,mɑːn,zʊn,,luˈna,,,ˈɬeɨ̯.ad,,moːnt,,muːn,ˈluna,,ˈmɔanɪ,lyn,ˈmwanə,ɟəˈl̪ˠɑx,,ˈlu.ɐ,eːs,t͡ʃɑːnd̪,luˈsin,tʰuŋl,ˈlu.na,,,mʲeːˈnʊlʲɪs,,,maːn,,ˈlyno,ˈkɕɛ̃.ʐɨt͡s,spoʐˈməi,ˈlu.ɐ,ˈlunə,lʊˈna,t͡ɕɐn̪.d̪ɽɐ́,ˈmɛsi̯at͡s,lùːna,hənə,ˈmoːˌnɛ,,,,
star,,,ˈzorka,zvɛzˈda,,ste.ˈʁe.dɛ̃n,ˈsɛrɛn,stjɛrnə,ʃtɛʁn,aˈste.ɾi,stɑː(ɹ),esˈtɾeʎa,sitɒːɾæ,ˈʃœtna,e.twal,,ˈɾˠeːl̪ˠt̪ˠə,rˠeːɫ̪,es̺ˈtɾelɐ,,,ˈɑstəʁ,ˈstjartna,ˈstel.la,,ʃteːʀ,ʒʋɐjɡʲʒʲˈdʲeː,zvàjɡznɛ,ˈd͡zvɛzda,stɛr,²stjɛrnə,,ˈɡvʲaz.da,st̪oˈ.raɪ,ɨʃˈtɾelɐ,,zvʲɪzˈda,,ˈɦvi̯ɛzda,zʋèːzda,yːɫ,²ɧæːɳa,,,,ˈʃtɛʁən
water,ˈvɑːtər,pa.ni,vaˈda,,dʒɔl,ˈduːʁ,duːr,vand,ˈva.sɐ,neˈro,ˈwɔːtə,ˈaɡwa,ɒːb,vaʰtn,o,ˈvɛtər,ˈɪʃcɪ,ˈɯʃkʲə,ˈaw.ɡa,ˈuʃtʲə,pɑː.niː,d͡ʒuɾ,vaʰtn,,,ˈvaːsɐ,,ûːdɛns,,ˈʋaːtər,ˈʋɑtn̩,,ˈvɔ.da,obə,,ˈapə,vɐˈda,ɐ́p,ˈvɔda,,ˈujə,ˈvatːɛn,ɔːb,wɔˈdɑ,pɑːniː,
rain,rɪə̯(n),,doʂt͡ʂ,dɤʃt,,,ɡlau̯,ˈʁɑɪ̯ˀn,ˈʁeːɡən,vɾoˈçi,ɹeɪn,ˈʎubja,bɒːˈɾɒːn,ɹɛkn,plɥi,rai̯n,ˈbˠɑːʃtʲəx,ˈɯʃkʲə,ˈt͡ʃuβja̝,flʲaː,bɑː.ɾɪʃ,ɑnd͡zˈɾɛv,ˈrɪkniŋk,ˈpjɔd.d͡ʒa,,ʀeːn,ljɛˈtʊs,liɛ̂tus,dɔʃt,ˈreː.ɣə(n),,ˈplɥɛ(d)ʒo,dɛʂt͡ʂ,bɑˈrɑn,ˈʃu.vɐ,ˈplʷaje,doʂtʲ,,daːʃc,də́ʃ,ʃiː,rɛŋn,bɔːˈrɔːn,dɔʃt͡ʃ,bɑrɪʃ,
river,rəˈfiːr,noɪ,raˈka,rɛˈkɤ,nod̪i,ˈstɛːr,ˈavɔn,,flʊs,,ˈɹɪvə,ˈrio,ɾuːd̪,ɔaː,flœv,,əunʲ,,ˈri.o̝,aunʲ,nədiː,ɡɛt,fljouːt,ˈfju.me,ˈt͡ʃɛm,flos,ˈʊpʲeː,,,riːˈviːr,,ˈrriw,ˈʐɛ.ka,siŋd̪,ˈʁi.u,rɨw,rʲɪˈka,n̪ɐ.d̪íː,ˈri̯ɛka,rèːka,,fluːd,rɵd,rʲiˈkɑ,nədiː,
lake,,bil,ˈvozʲera,ˈɛzɛro,,,ɬɨ̞n,søː,zeː,,leɪk,ˈla.ɡo,dæɾjɒːˈtʃʰe,vaʰtn,lak,,l̪ˠɔx,,ˈlaɣo̝,laːx,d͡ʒʱiːl,lit͡ʃ,vaʰtn,ˈlaɡo,,zɜɪ,ˈæːʒʲɛɾɐs,æzæɾs,,meːr,,,jɛˈʑɔ.rɔ,,ˈla.ɣu,,ˈozʲɪrə,,ˈjazɛrɔ,jéːzɛrɔ,liˈcɛn,ɧøː,kɵl,ˈɔzerɔ,,
sea,sɪə,xaɡɔɹ,,moˈrɛ,,ˈmoːʁ,moːr,hav,meːɐ̯,ˈθalasa,siː,ˈmaɾ,dæɾˈjɒː,hɛaːv,mɛʁ,seː,,,,,,t͡sɔv,haːv,ˈmaːre,,miːə̯,ˈjuːrɐ,jūːɾa,,zeː,hɑːʋ,,ˈmɔ.ʐɛ,,maɾ,ˈma.re,ˈmorʲe,s̪ɐ.mud̪.ɽɐ́,ˈmɔrɛ,móːrjɛ,dɛt,ɧøː,bæhr,,,
salt,,lʊn,,,,,ˈhalɛn,salt,zal(t)s,aˈlati,sɔːlt,sal,næmæk,sal̥t,sɛl,,ˈsalˠən̪ˠ,,s̺al,ˈsolan,,ɑʁ,sal̥t,ˈsale,,zɑlt͡s,,sàːls,,zɑu̯t,,,sul,ˈmɑlɡa,ˈsaɫ,ˈsa.re,solʲ,l̪ɐ.ʋɐ.ɳɐ́,ˈsɔʎ,sóːʋ,ˈkɹi.pə,salt,næmæk,ˈsʲilʲ,,
stone,,pa.tʰɔɹ,,ˈkamək,,,ˈkarɛɡ,,ʃtaɪn,,stəʊn,ˈpjedɾa,sæŋɡ,,pjɛʁ,stiə̯n,klˠɔx,,ˈpɛðɾɐ,klaːx,pət̪.t̪ʰəɾ,kʰɑɾ,steitn,ˈpjɛtra,ˈkɛvɯɾ,ʃteːn,,,,steːn,,ˈpɛjɾo,ˈka.mʲɛɲ,,ˈpɛ.dɾɐ,,ˈkamʲɪnʲ,,ˈkamɛɲ,kàːmən,ɡuɾ,,sæŋ,,,
sand,sant,ba.li,pʲaˈsok,ˈpʲasək,,tʁɛs,,san,zant,,sænd,aˈɾena,,,sɑbl,,ˈɡanʲəvˠ,,ˈʃaβɾe̝,ˈɡʲanʲax,ɾeːt̪,ɑˈvɑz,ˈsantʏr,ˈsab.bja,,zɑnt,,,,zɑnt,sɑnd,ˈsaβlo,ˈpʲa.sɛk,,ɐˈɾɐjɐ,niˈsip,pʲɪˈsok,,ˈpi̯ɛsɔk,pèːsək,,,reɡ,pʲiˈsɔk,,
dust,stɔf,dʱu.li,pɨɫ,,,,ɬuːχ,støːv,ʃtaʊ̯p,,dʌst,ˈpol.bo,,,pu.sjɛʁ,,dʲanˠəx,,pɔ,dʒaun,d̪ʱuːl,pʰoˈʃi,rɪːk,ˈpol.ve.re,,ʃtəps,,,,,,,kuʂ,,ˈpɔ,,pɨlʲ,d̪ʱuː.l̪i,,práːx,,dam,,,d̪ʱuːl,
earth,ˈɑːr.də,,zʲaˈmlʲa,zɛˈmʲa,,,,joːr,ˈeːɐ̯də,,ɜːθ,ˈtje̞.ra̠,,jøːɹ,tɛʁ,,,,,,dʰərtiː,hɔʁ,jœrð,ˈtɛr.ra,,,ˈʒʲæːmʲeː,zɛmɛ,,ˈaːr.də,,,ˈʑɛ.mʲa,,ˈtɛʁɐ,pəˈmɨnt,zʲɪˈmlʲa,,ˈzɛm,zɛ̀ːmlja,ðɛ,juːɖ,,zeˈmlʲɑ,,
cloud,vɔlk,daɔɹ,ˈxmara,,,ˈku.mul,ˈkʊmʊl,,ˈvɔlkə,ˈsinɛfɔ,klaʊd,,(ʔ)æbɾ,skʊt͡ʃː,ny.aʒ,,ˈsˠkamˠəl̪ˠ,ɲiaɫ̪,,,meːɡʱ,ɑmp,sciː,ˈnu.vo.la,,ˈvolək,,,,ʋɔlk,ʃyː,,ˈxmu.ra,,ˈnu.vɐj̃,nor,ˈobləkə,mɐj.ɡʱɐ́,,ɔbláːk,,,,,meːɡʱ,
fog,,,,məˈɡɫa,,,,tɔːɡə,ˈneːbl̩,,fɒɡ,ˈnjebla,mæh,ˈtʰoːʰka,bʁu.jaʁ,,coː,,ˈnɛβo̯a̝,kʲeː,,mɑrɑˈχuʁ,ˈθɔːka,ˈnebbja,,ˈnivəl,ˈruːkɐs,,ˈmaɡla,mɪst,,ˈnɛβlo,mɡwa,,nɨ.ˈvwɐj.ɾu,ˈt͡ʃe̯a.t͡sə,tʊˈman,,ˈɦmɫa,məɡlá,ˈmjɛɡuɫ,,,,,
sky,lœχ,akax,ˈnʲeba,nɛˈbɛ,akaʃ,ˈo.abl,ˈau̯ɨ̞r,,ˈhɪml̩,,skaɪ,firmaˈmento,ɒːsˈmɒːn,ˈhiːmɪn,sjɛl,,eːɾˠ,,ˈθɛ.ʊ,,,jɛɾˈkiŋkʰ,ˈhɪːmɪnː,ˈt͡ʃɛ.lo,,ˈhimel,dɐŋˈɡʊs,,,ˈɦeː.məl,,,ˈɲɛ.bɔ,hask,ˈsɛw,t͡ʃer,ˈnʲebə,,ˈɲɛbɔ,nɛbóː,,,,,,
wind,,bɔtaʱ,,ˈvʲatər,,ˈɑːvɛl,,ʋend,vɪnt,,ˈwɪnd,ˈbjento,bɒːd,ˈvɪntʊɹ,vɑ̃,vin,ɡeː,,ˈbento̝,ɡiː,ɦəʋaː,kʰɑˈmi,ˈvɪntʏr,ˈvɛn.to,,vant,ˈʋʲeːjɛs,vɛ̄ːjʃ,ˈvɛtɛr,ʋɪnt,,,vʲatr,bɑd,ˈvẽ.tu,,ˈvʲetʲɪr,ʋɑ́ː.t̪ɐ,ˈvi̯ɛtɔr,ʋéːtər,ɛːɹ,vɪnd,bɔːd,ˈʋʲiter,ɦəʋaː,
snow,sniu,bɔɹɔf,sʲnʲex,snʲak,bɔrɔf,,ˈei̯ra,,ʃneː,ˈçoni,snəʊ,ˈnjebe,,ˈkʰɛaːvɪ,nɛʒ,sniə̯,ˈʃnʲaxt̪ˠə,,ˈnɛβɪ,ˈʃnʲaxt̪ə,bə.ɾəf,d͡zjun,snjouːr,ˈne.ve,,ʃnɜɪ,sʲnʲjæɡɐs,snìɛks,,sneːu̯,snøː,ˈnɛw,ɕɲɛk,wɑˈwra,ˈnɛ.vɨ,zəˈpadə,sʲnʲek,ɦi.mɐ́,ˈsɲɛx,,,snøː,,ˈsʲnʲiɦ,,
ice,ə̟i̯s,,lʲot,lɛt,bɔrɔf,,jaː,iːs,aɪ̯s,ˈpaɣos,aɪs,ˈɟ͡ʝelo,jæx,ˈʊiːsʊɹ,ɡlas,iːs,əiɾʲ,,ˈʃe.ʊ,,,sɑˈrujt͡sʰ,iːs,ˈɡjat.t͡ʃo,,æi̯s,,lædus,mras,ɛi̯s,iːs,,lut,,ˈʒe.lu,,lʲɵt,,ˈʎat,léːt,,,,,,
smoke,,,dɨm,,,,muːɡ,røj,ʁaʊ̯x,kaˈpno̞s,sməʊk,ˈumo,,ˈɹɔiːjkʊɹ,fy.me,,ˈdʲat̪ˠəx,t̪ɔʰtʲ,ˈfume̝,ˈd͡ʒeːax,d̪ʱuː.ɑ̃ː,t͡suχ,ˈreiːkʏr,,,damp,,,,roːk,,,dɨm,d̪od̪,ˈfu.mu,,dɨm,d̪ʱuː.mɐ́,ˈdim,dím,,,,dɪm,d̪ʱuã,
fire,fyːr,zui,aˈɣonʲ,ˈɔɡən,,ˈtɑ̃ːn,taːn,il,ˈfɔʏər,foˈtça,ˈfaɪ.ə(ɹ),ˈfweɡo,,,fø,fjuə̯r,ˈtʲɪnʲə,ˈtʰʲenə,ˈlu.mɪ,,ɑːɡ,kəˈɾɑk,ˈɛltʏr,ˈfwɔko,,ˈfai̯(e)ʀ,ʊɡˈnʲɪs,uɡuns,,vyr,ɛld,,ˈɔ.ɡʲɛɲ,or,ˈfo.ɣu,fok,ɐˈɡonʲ,ɐɡ.n̪í,ˈɔɦɛɲ,ɔ̀ːɡən,zjaɾm,ˈɛld,,wɔˈɦɔnʲ,,
ash,,saɪ,ˈpopʲeɫ,ˈpɛpɛl,,ˈlyːdy,ˈɬɨ̞du,,ˈaʃə,,ˈæʃ,θeˈniθa,xɒːkʲesˈt̪ʰæɾ,ˈœska,sɑ̃dʁ,ˈjɪskə,l̪ˠuə,,,,rakʰ,moˈχiɾ,ˈaska,,ˈxwɛliː,æʃ,,,,ɑs,,,ˈpɔ.pʲuw,,,,ˈpʲepʲɪl,,ˈpɔpɔɫ,pɛpéːʋ,,,,ˈpɔpʲil,rakʰ,
burn,,zɔ.la,ɣaˈret͡sʲ,,,,ˈɬɔsɡi,,ˈbʀɛnən,,bɝn,aɾˈdeɾ,suːxˈtæn,,bʁy.le,,d̪ˠoːɟ,ɫ̪ɔʃɡ̊ʲ,,,d͡ʒəl.nɑː,ajɾˈvɛl,ˈprɛnːa,,,,,dekt,ˈɡɔɾi,ˈbrɑndə(n),,,ˈpa.lʲit͡ɕ,,ɐɾˈdeɾ,,ɡɐˈrʲetʲ,,,ɡɔrèːti,,,,,dʒəlna,
road,pɑt,bat,,pɤt,ɾast̪a,hɛ̃nd,,,ˈʃtraːsə,ˈðromos,ɹəʊd,kaˈmino,,ˈveːvʊɹ,ʁut,,ˈbˠoːhəɾˠ,,esˈtɾaða̝,reːd̪,səɽək,t͡ʃɑnɑˈpɑɾ,ˈvɛːɣʏr,ˈstrada,,,ˈkælʲɐs,tsɛʎʃ,,baːn,,,ˈdrɔ.ɡa,wɑʈ,iʃ.ˈtɾa.ðɐ,,dɐˈroɡə,,ˈt͡sɛsta,t͡sèːsta,ˈruɡə,vɛːɡ,,dɔˈrɔɦɐ,səɽək,
mountain,,,,pləniˈna,pɔrbɔt,,ˈmənɨ̞ð,bjɛrv,bɛrk,ˈo̞ro̞s,ˈmaʊntɪn,monˈtaɲa,kuːh,fjatl,mɔ̃.taɲ,bɛrx,ʃlʲiəvˠ,,monˈtaɲa̝,slʲuː,pə.ɦɑːɽ,lɛr,fjatl,monˈtaɲɲa,ˈt͡ʃiːjɑː,biə̯χ,ˈka͡l.nɐs,kâlns,,bɛrx,fjɛlː,,ˈɡu.ra,ɣar,mõ.ˈtɐ.ɲɐ,ˈmuntɛ,ɡɐˈra,pɐ́ɽ.ʋɐ.t̪ɐ,ˈɦɔra,ɡɔ̀ːra,mal,bɛrj,,ɦɔˈrɑ,pəhɑːɽ,
red,roːi̯,ɹɔ.ŋa,t͡ʂɨˈrvonɨ,tʃɛrˈvɛn,,,koːχ,røːd,roːt,ˈkocinos,ɹɛd,ˈroxo,ɢeɾˈmez,,ʁuʒ,,ˈdʲaɾˠəɡ,ˈtʲɛrɛk,beɾˈmeʎo̝,,lɑːl,kɑɾˈmiɾ,ˈrøyːðʏr,ˈros.so,,ʀəʊt,rɐʊˈdoːnɐs,sâɾkans,,roːt,ræʉ,,t͡ʂɛrˈvɔ.nɨ,sur,vɨɾ.ˈmɐ(j).ʎu,ˈro.ʃu,ˈkrasnɨj,ɽu.d̪ʱi.ɽɐ́,ˈt͡ʃɛrvɛniː,ərdɛ́t͡ʃ,kuc,røːd,,t͡ʃeˈrwɔnei̯,lal,
green,,xɛu.zia,zʲaˈlʲonɨ,zɛˈlɛn,,,ɡwɨ̞rð,ɡrœn,ɡʁyːn,ˈpɾasinos,ɡɹiːn,ˈberde,sæbz,,vɛʁ,ɡriə̯n,ɡlˠasˠ,ˈuəɲə,ˈbeɾðe̝,,ɦə.ɾɑː,kɑˈnɑt͡ʃʰ,kraitn,ˈver.de,,ɡʀeŋ,,zaʎʃ,,ɣrun,,ˈbert,ʑɛˈlɔ.nɨ,zərˈɣun,ˈveɾ.ðɨ,ˈver.de,zʲɪˈlʲɵnɨj,,ˈze̞.ɫe̞.niː,zɛlɛ́n,ˈɟɛlbəɾ,ɡrøːn,,zeˈlɛnei̯,,ɡʁin
yellow,χɪə̯l,ɦa.lɔ.dʱia,ˈʐou̯tɨ,ʒɤlt,,,ˈmɛlɨ̞n,ɡuːl,ɡɛlp,,ˈjɛl.əʊ,amaˈɾiʎo,,ˈkuːlʊɹ,ʒon,,bˠiː,ˈb̥ujə,,,piˈla,dɛˈʁin,ˈkʏːlʏr,ˈdʒal.lo,ˈzɛɾ,ɡie̯l,,dzæ̀ltæns,,ɣeːl,,,ˈʐuw.tɨ,ʒeɻ,ɐ.mɐ.ˈɾɛ.lu,ˈɡal.ben,ˈʐoltɨj,,ˈʒɫ̩tiː,rumɛ́n,,ɡʉːl,,ˈʒɔu̯tei̯,,
white,vət,bɔ.ɡa,ˈbʲeɫɨ,bʲal,ʃad̪a,,ɡwɨ̞n,,vaɪs,ˈaspro̞s,waɪt,ˈblanko,seˈfiːd̪,ˈkvʊiːjtʊɹ,blɑ̃,vit,bˠɑːn̪ˠ,kʲaɫ̪,ˈbɾaŋkʊ,,səfed̪,əspiˈtɑk,ˈxʷiːtʏr,ˈbjaŋko,ˈspiː,væːɪ̯s,ˈbaːltɐs,bālts,,ʋɪt,kʋiːt,,ˈbʲa.wɨ,spin,ˈbɾɐ̃.ku,alb,ˈbʲelɨj,ɕʋɐj.t̪ɐ́,ˈbi̯ɛli,bèːʋ,baːɾð,,,ˈbʲilei̯,,vajs
black,,kola,ˈt͡ʂornɨ,,,ˈdyː,dɨː,soɐ̯d̥,ʃvarts,ˈmavros,blæk,ˈneɡɾo,sijɒːh,ˈsvaɻ̥ʈʊɹ,nwaʁ,,d̪ˠʊvˠ,t̪ʊv,ˈneɣɾʊ,,kaːlaː,sɛv,ˈsvar̥tʏr,ˈne.ro,,,ˈjûə.dɐs,mǣlns,,zʋɑrt,,,ˈt͡ʂar.nɨ,t̪or,ˈne.ɡɾu,ˈne.ɡru,ˈt͡ɕɵrnɨj,kŕ̩ʂ.ɳɐ,ˈt͡ʃi̯er.ni,t͡ʃə̀rn,zi,svart,,ˈt͡ʃɔrnei̯,kaːlaː,
night,naχ,ɹati,not͡ʂ,nɔʃt,,,noːs,nad̥,naxt,ˈnixta,naɪt,ˈnot͡ʃe,ʃæb,nɔʰtː,nɥi,ˈnaxt,ˈiːhə,,ˈnojt̪ɪ,ɛi,ɾɑːt̪,ɡiˈʃɛɾ,nouʰt,ˈnɔtːe,ˈʃɛv,ˈnuə̯ɕt,nɐkˈtɪs,nakts,nɔc,nɑxt,nɑtː,ˈnɥɛtʃ,nɔt͡s,,ˈnoj.tɨ,ˈno̯ap.te,not͡ɕ,ɽɑ́ːt̪.ɽi,ˈnɔt͡s,nóːt͡ʃ,ˈnaːt,natː,,ˈnʲit͡ʃ,raːt̪,
day,daχ,din,,,,ˈdɛj,dɨːð,døjn,tɑːk,,deɪ,ˈdia,ɾuːz,ˈtɛaːvʊɹ,ʒuʁ,,l̪ˠɑː,,ˈd̪iɐ,,d̪ɪn,ɔɾ,ˈtaːɣʏr,ˈd͡ʒorno,ˈɾoʒ,daːχ,,,,dɑx,,,d͡ʑɛɲ,wrad͡z,ˈdi.ɐ,zi,ˈsutkʲɪ,d̪i.n̪ɐ́,,,,,rɵːz,ˈdɛnʲ,,tɔɡ
year,jɑːr,bɔ.sɔɹ,ɣot,ɡɔˈdinə,,ˈblwaː,,,jaː(ɐ̯),ˈxɾonos,jɪə,ˈaɲo,sɒːl,ɔaːɹ,a.ne,iə̯r,bʲlʲiənʲ,,,blʲeːnʲ,saːl,tɑˈɾi,auːr,ˈan.no,ˈsɑːl,joː(e)ʀ,,,,jaːr,oːr,,rɔk,kɑl,ˈɐ.nu,an,ɡot,,ˈrɔk,lèːtɔ,,,,,,jɔʁ
warm,,ɡɔɹɔm,ˈt͡sʲopɫɨ,ˈtɔpəl,,,,,varm,ze̞ˈsto̞s,wɔːm,kaˈljente,ɡʲæːɾm,,ʃo,vaːrm,tʲɛ,,ˈkɛnt̪ɪ,,,d͡ʒɛɾm,,ˈkaldo,,vaːʀm,ˈʃʲɪltɐs,sīlts,,ʋɑr(ə)m,,,ˈt͡ɕɛ.pwɨ,,,kald,ˈtʲɵplɨj,,ˈcɛpliː,tɔ̀ːpəʋ,,varm,,,,
cold,kœut,,xaˈɫodnɨ,stuˈdɛn,,,oːɨ̯r,kɔl,kalt,,kəʊld,ˈfɾio,sæɾd,,fʁwɑ,,fˠuəɾˠ,fuəɾ,ˈfɾiʊ,,ʈʰən.ɖɑː,ˈsɑrə,ˈkʰaltʏr,ˈfreddo,,kaːl,ˈʃaltɐs,āūksts,,kɑu̯t,,,ˈʑim.nɨ,soɻ,ˈfɾi.u,ˈret͡ʃe,xɐˈlodnɨj,,,,,kal,,xɔˈlɔdnei̯,,
full,fɔl,,ˈpou̯nɨ,ˈpɤlɛn,,,ɬau̯n,fuld,fɔl,ˈpliris,fʊl,,por,ˈfʊtlʊɹ,plɛ̃,,l̪ˠɑːnˠ,lɑːn,ˈt͡ʃeo̝,lɛdn,puːɾn,ˈlikʰə,ˈfʏtɬʏr,ˈpjɛno,ˈtɯʒiː,fol,,pīlns,,vɔl,,,ˈpɛw.nɨ,ɖak,ˈʃɐj.u,plin,ˈpolnɨj,,pl̩niː,pɔ́ːʋn,,fɵl,pur,ˈpɔu̯nei̯,,
new,,nɔ.tun,,nɔf,nɔt̪un,ˈne.ve,ˈnɛu̯.ɨ̞ð,nyː,nɔʏ̯,ˈne̞o̞s,njuː,ˈnwebo,,nʊt͡ʃːʊɹ,nu.vo,nɛi̯,n̪ˠuə,uːɾ,ˈnɔ.βʊ,,nə.jɑː,nɔɾ,niːr,ˈnwɔ.vo,ˈnuː,nɑɪ̯,,jaûns,,niu̯,,,ˈnɔ.vɨ,ˈnəwai,ˈno.vu,now,ˈnovɨj,n̪ɐ.ʋɐ,ˈnɔviː,nɔ́ʋ,ɾi,ny,,,n̪əjaː,
old,œu,pu.ɹɔ.na,staˈrɨ,star,,,heːn,ɡaməl,alt,,ˈəʊld,anˈtiɡwo,ɢæd̪iːˈmiː,kɛaːmal,vjø,ɔːt,ʃanˠ,ʃɛn,,,pʊ.ɾɑː.nɑː,hin,ˈkaːmatl,ˈvɛk.kjo,ˈkɛvn,,ˈsʲæːnɐs,,,ɑu̯t,²ɡɑːmɑl,,ˈsta.rɨ,,ˈvɛ.ʎu,vekʲ,ˈstarɨj,,ˈstariː,stár,,,,,,
good,χut,bʱal,ˈdobrɨ,doˈbɤr,bʱɑlo,,daː,ɡoð,ɡuːt,kaˈlos,ɡʊd,ˈbweno,xuːb,ˈkɔuːwʊɹ,bɔ̃,,mˠa,maː,ˈbo,,ət͡ʃ.t͡ʃʰɑː,lɑv,ˈkouːðʏr,ˈbwɔː.no,,,ˈɡʲæɾɐs,,,ɣut,,,ˈdɔ.brɨ,xə,bõ,bun,xɐˈroʂɨj,s̪ɑː.d̪ʱú,ˈdɔbriː,dòːbər,majɾ,ɡuːd,,ˈdɔbrɪj,əˈtːʃʰaː,ɡʊt
bad,,bɛa,ˈdrenːɨ,,kʰaɾap,,druːɡ,dɔːli,ʃlɛçt,kaˈkos,bæd,ˈmalo,bæd,ˈɪtlʊɹ,mo.vɛ,,ˈd̪ˠʊnˠə,ˈt̪ɔnə,,,,vɑt,ˈvɔntʏr,kaˈtːiːvo,,,ˈbloːɡɐs,,,slɛxt,,,zwɨ,bəd,ʁuˈĩ,rəw,plɐˈxoj,,ˈzɫiː,sláp,,ˈdoː.lɪ(ɡ),,,,
rotten,,,ɣnʲiˈɫɨ,,,,,rɔdən,faʊ̯l,ˈsapços,ˈɹɑtn̩,,,,puʁi,,ˈl̪ˠɔfˠə,,ˈpoðɾe̝,,,pʰəˈtɑt͡s,,,,,,,,rɔt,,,ˈzɡɲi.wɨ,,ˈpo.ðɾɨ,ˈpu.tred,ɡnʲɪˈloj,,ˈɦɲiliː,ɡníːʋ,,,,,,
dirty,,lɛ.tɛ.ɹa,ˈbrudnɨ,,,,,beskit,ˈʃmʊt͡sɪç,,ˈdɜːti,ˈsuθjo,kʲæˈsiːf,,sal,,sˠəˈl̪ˠax,,,,ɡən.d̪ɑː,kɛχˈtɔt,ˈouːr̥eitn,ˈspɔrko,,,,nɛtīːɾs,,vœy̯l,²ʃɪtːn̩,,ˈbrud.nɨ,sxɑ,ˈsu.ʒu,murˈdar,ˈɡrʲaznɨj,,,umáːzan,,,,,ɡə̃nd̪ə,
straight,,pʊn,praˈmɨ,,,,,,ɡəˈraːdə,,stɹeɪt,,mostæɣiːm,,dʁwɑ,,ˈdʲiːɾʲəx,tʲiːɾʲəx,,,siː.d̪ʱɑː,uˈʁiʁ,peitn,dritto,,ʀiːχt,,,,rɛxt,,,ˈprɔ.stɨ,,ˈʁɛ.tu,drept,prʲɪˈmoj,,,,,,,,,
round,,,ˈkruɣɫɨ,,,,krʊn,,ʀʊnt,,ˈɹaʊnd,reˈdondo,,,ʁɔ̃,,kɾˠiːnʲ,kʰruɪɲ,reˈðondo̝,,,,,roˈtondo,,,,,,rɔnt,,,ɔˈkrɔŋ.ɡwɨ,ɡərd,ʁɨ.ˈdõ.du,roˈtund,ˈkruɡlɨj,,,ɔkròːɡəʋ,,,,,,
sharp,,,ˈvostrɨ,osˈtɤr,,,,,ʃarf,kofteˈros,ʃɑːp,aˈɡudo,teːz,ˈkvasːʊr,a.fi.le,,ɟeːɾˠ,,,,,suɾ,xʷasː,affiˈlato,,,ɐʃt̪ˈrʊs̪,as,,sxɛrp,,,ˈɔ.strɨ,,a.fi.ˈa.du,as.kuˈt͡sit,ˈostrɨj,,,òːstər,,,,,,
dull,,,tuˈpɨ,,,,,sløːv,ʃtʊm(p)f,,dʌl,ˈromo,,,e.mu.se,,,,,,,butʰ,,,,,,,,bɔt,,,ˈtɛm.pɨ,,ˈsɛ.ɣu,toˈt͡ʃit,tʊˈpoj,,ˈtupiː,tɔ́p,,,,,,
smooth,,,ˈɣɫatkʲi,,,,,,ɡlat,,smuːð,ˈliso,,,lis,,kiːnʲ,miːn,,,t͡ʃɪk.nɑː,hɑɾtʰ,ˈstljɛhtʏr,ˈliʃʃo,,ɡlaːt,,,,ɣlɑt,,,ˈɡwat.kʲi,,ˈli.zu,ˈne.ted,ˈɡlatkʲɪj,,,,,,,,,
wet,,ti.ta,ˈmokrɨ,,,,ɡwlɨːb,vɔːd,nas,,wɛt,moˈxado,xiːs,,mu.je,,fʲlʲʊx,flux,,,ɡiːlaː,tʰɑt͡sʰ,ˈvɔːtʏr,baɲˈɲato,,naːs,,slapʲʃ,,nɑt,,,ˈmɔ.krɨ,lund̪,muˈʎaðu,ud,ˈmokrɨj,,ˈmokriː,mòːkər,,voːt,,,ɡiːlaː,
dry,,xu.kan,suˈxʲi,,,ˈsɛːχ,sɨːχ,tœːr,ˈtʁɔkən,,dɹaɪ,ˈseko,xoʃk,,sɛk,,ˈtʲɪɾʲəmʲ,ˈtʃʰiɾəm,,,suː.kʰɑː,t͡ʃʰoɾ,θʏrː,ˈsekko,,ˈdʀeχen,,sàws,,droːx,,,ˈsu.xɨ,,ˈse.ku,usˈkat,sʊˈxoj,ɕúʂ.kɐ,ˈsuxiː,súːx,,,,,suːkʰa,
correct,,xu.dʱɔ,praˈvʲilʲnɨ,ˈvɛrɛn,,,ˈkəu̯.ɪr,,kɔˈʁɛkt,so̞ˈsto̞s,kəˈɹɛkt,koˈreɡto,doˈɾos(t),,kɔʁɛkt,,,,,,sə.ɦiː,t͡ʃiʃt,ˈrjɛht,korˈrɛtto,,,,paɾɛ̄īs,,,,,pra.vʲiˈdwɔ.vɨ,,ku.ˈʁɛ.tu,koˈrekt,ˈpravʲɪlʲnɨj,,,praʋíːlən,,,,,səɦiː,
near,,,ˈblʲiskʲi,ˈblizək,,,,nɛːr,naː,,nɪə(ɹ),ˈθerka,næzˈd̪iːkʲ,,pʁɛ,,d̪ˠlˠuː,dɫ̪uː,,,,mɔt,,viˈtʃino,,,,,,,næːr,,ˈblʲis.kʲi,niɡˈde,ˈpɛɾ.tu,a.ˈpro̯a.pe,ˈblʲiskʲɪj,,,,,,,,,
far,,,daˈlʲokʲi,dəˈlɛtʃɛn,,,pɛɬ,,fɛʁn,makriˈa,fɑː,leˈxano,,,lwɛ̃.tɛ̃,,ˈfˠɑd̪ˠə,,,,d̪uːɾ,hɛˈru,,lonˈtano,,,,tâːls,,vɛr,,,daˈlɛ.kʲi,ˈləre,ˈlõ.ʒɨ,deˈpar.te,dɐˈlʲɵkʲɪj,d̪uː.ɽɐ́,,dàːlɛt͡ʃ,,,,,,
right,,,ˈprava,,,,hau̯l,rɛt,ʁɛçt,ðiˈceoma,ˈɹaɪt,deˈɾet͡ʃo,,,dʁwɑ,,,,,,ə.d̪ʱɪ.kɑːɾ,iɾɑˈvuŋkʰ,ˈrjɛhtɪntɪ,,,,,,,rɛxt,rɛtː,,ˈpra.vɔ,,d͡ʒiˈɾejtu,drept,ˈpravə,,,praʋìːt͡sa,,,,,,
left,,,,ˈlʲaf,,,χwiːθ,,lɪŋk,,lɛft,iθˈkjerdo,tʃæp,,ɡoʃ,,clʲeː,kʰʲaːrˠ,,,,d͡zɑχ,,,,leŋks,,kɾèjs,,lɪŋks,,,ˈlɛ.vɨ,,iʃ.ˈkeɾ.ðu,stɨŋɡ,ˈlʲevɨj,,,,,,,,,
at,,,,,,,ʊrθ,,an,ˈston,æt,en,dæɾ,ʊiː,a,,ə,,,,pəɾ,,,a,,,pɐs,,vɔ,ɔp,poː,,f,,ˈa,la,vɛ,,,pri,ˈnə,poː,,,,
in,,bʱi.tɔɹ,,vɤ,,,ən,,ʔɪn,en,ɪn,en,dæɾ,ʊiː,dɑ̃,,ɪ,,,,ən.d̪əɾ,mɛt͡ʃʰ,,ˈin,,,,,vɔ,ɪn,iː,,f,,ẽj̃,ɨn,vɛ,,,ʋ,ˈnə,,dær,,,
with,,xoɪ.tɛ,,sɤ,ˈʃɔŋɡe,,a,mɛd,mɪt,me̞,wɪð,kon,bɒː,viː,a.vɛk,,lʲɛ,,ko̝ŋ,,sɑːt̪ʰ,hɛt,,kon,,mɑt,sʊ,,,mɛt,meː,,s,,kõ,ku,s,,s,s,mɛ,meː(d),bɔː,z,,
and,ɛn,a.ɹu,i,i,,,,ˈɒw,ʊnt,ce̞,ænd,ʝ,o,oː,e,ɛn,ˈɑɡəsˠ,,,,ɔːɾ,ɛv,ɔːɣ,e,ˈuː,an,,ùn,i,ɛn,oː,,i,aw,ˈɛ,ʃi,i,t͡ɕɐ,,in,ðɛ,ɔ,,ˈi,,ʊn
if,,,,,,,ɔs,ves,vɛn,,ɪf,si,ˈæɡʲæɾ,,si,ɔs,mˠɑː,,,,ə.ɡəɾ,jɛˈtʰɛ,ɛːv,se,,,jæj,,ˈakɔ,ɑ(l)s,,,ˈjɛɕ.lʲi,,sɨ,ˈda.kə,ˈjes⁽ʲ⁾lʲɪ,,ak,t͡ʃɛ,,ɔm,,,,
because,,,,,,,ˈaχɔs,,vaɪ̯l,,bɪˈkɒz,ˈporke,,tʊiː,paʁ.skə,,oːɾʲ,ˈɔir,,,ˈkjũ.ki,vɔɾɔfhɛˈtɛv,,perˈke,,væl,nʲɛs,,,ɔm.ˈdɑt,,,bɔ,ˈdzəka tʃe,poʁ.ˈke,ˈpen.tru kə,pətɐˈmu‿ʂtə,,ˈprɛtɔʒɛ,kɛr,,,,bɔ,,
name,,,jiˈmʲa,ˈimɛ,nam,,ˈɛnu,,ˈnaːmə,ˈo̞no̞ˌma,neɪm,ˈnom.bɾe,nɒːm,naun,nɔ̃,,ˈanʲəmʲ,,,ˈenəm,naːm,ɑˈnun,napn,ˈno.me,ˈnɑːv,num,ˈvɐrːdɐs,vàːɾds,,naːm,,,ˈi.mʲɛ,,ˈno.mɨ,ˈnu.me,ˈimʲə,n̪ɑ́ː.mɐn̪,ˈmɛnɔ,iméː,ɛməɾ,namn,nɔːm,iˈmjɑ,,nɔmɛn
