,aa,ab,ae,af,ak,am,an,ar,as,av,ay,az,ba,be,bg,bh,bi,bm,bn,bo,br,bs,ca,ce,ch,co,cr,cs,cu,cv,cy,da,de,dv,dz,ee,el,en,eo,es,et,eu,fa,ff,fi,fj,fo,fr,fy,ga,gd,gl,gn,gu,gv,ha,he,hi,ho,hr,ht,hu,hy,hz,ia,id,ie,ig,ii,ik,io,is,it,iu,ja,jv,ka,kg,ki,kj,kk,kl,km,kn,ko,kr,ks,ku,kv,kw,ky,la,lb,lg,li,ln,lo,lt,lu,lv,mg,mh,mi,mk,ml,mn,mr,ms,mt,my,na,nb,nd,ne,ng,nl,nn,no,nr,nv,ny,oc,oj,om,or,os,pa,pi,pl,ps,pt,qu,rm,rn,ro,ru,rw,sa,sc,sd,se,sg,si,sk,sl,sm,sn,so,sq,sr,ss,st,su,sv,sw,ta,te,tg,th,ti,tk,tl,tn,to,tr,ts,tt,tw,ty,ug,uk,ur,uz,ve,vi,vo,wa,wo,xh,yi,yo,za,zh,zu,
I,,,,ɛk,,ɨne,,ʔa.na,mɔɪ,,na.ja,mæn,mʲin,,as,,,,ˈɑmiː,*ŋa,,,ˈʒɔ,,,,,jaː,,,miː,jaj,ɪç,,ŋɑ˩,ˈɲɛ,eˈɣo,aɪ,mi,ɟ͡ʝo,,,mæn,,ˈminæ,,eː,ʒə,ɪk,mʲeː,mi,ˈew,ʃe,,miː,,(ʔ)aˈni,mɛ̃ː,,,,ˈeːn,jɛs,,ˈi.o,saja,,,ŋa˧,,me,jɛɣ,ˈi.o,,ɰᵝa̠ta̠ɕi,,,,,,,,k̥ʰñuṃ,,na̠,,,,,,,ˈe.ɡoː,eχ,,ɪx,,kʰɔːj˨˩,ɐʂ,,ɛs,ˈa.u,,,jas,,,,sajə,jɪːn,t͡ɕʊ̀ɴdɔ̀/,/t͡ɕənɔ̀,,jæɪ̯,,mɒ,,ɪk,eːɡ,,,,ˈi.ne,ˈjew,,,,,,,ja,zə,ˈew,ˈɲoqɑ,,,jew,ja,,ɐ.ɦɐ́m,ˈɛo,ɑːuːn,ˈmun,,,ˈja,,,,,ˈun,,,,,ˈjɑː(ɡ),,n̪aːn,,mæn,pʰom˩˩˦,,,ˈko,,,bɛn,,,,,mæn,ˈjɑ,mɛ̃,,,toj˧˧,ob,,,,ɪχ,,kou˨˦,,miːná
thou,,,,,,,,ʔanta,tɔɪ,,,,,,ti,,,,ˈθʊiː,,,,ˈtu,,,,,tɪ,,,tiː,du,duː,,,,,ðaʊ,t͡si,ˈtu,,,to,,ˈsinæ,,tʰʉuː(w),ty,,t̪ˠuː,hu,,,,,,(ʔ)aˈta,tʊm,,,,ˈtɛ,du,,,kamu,,,,,tu,θu,t̪u,,⟨ki1mi1⟩,,ʃɛn,,,,,,,,ta̠ŋɕʰin,,,,,,,tuː,,,,,,tʊ,,,,,,ti,,,,əŋkau̯,,,,,,,,ɣɛi̯,,,,,,,,,,,,,tɨ,,tu,,,,tu,tɨ,,,,,,,,ˈti,ˈtíː,,,,,,,,,dʉː,,,,,kʰun˧,,,,,,sen,,,,,,ˈtɪ,tʊm,,,maj˨˩,,,,,,,,,,
he,,,,,,ɨsːu,,hu.wa,xi,,,ɔ,uɫ,jon,t̪ɔj,,,,ˈʃe,,,,ˈeʎ,,,,,on,,,eːv,han,ʔeːɐ̯,,kʰo˥,ˈɛjæ,aˈftos,ˈhiː,li,el,,,ʔoː,,ˈhæn,,,il,hɛi̯,ʃeː,ɛ,ˈel,,,,,(h)u,ʋəʱ,,,,ˈøː,nɑ,,,dia,,,,,il,ˈhanː,ˈlui,,ka̠,,,,,,,,gāt´,,kɯ,,,,,,,is,,,hɛː,,kʰao˩˨,jɪs,,viɲʃ,,,,tɔj,,,,diə,uː,θù,,,,,,ɦɛi̯,,,,,ˈi.jé,,,,,,,,ɔn,haɣə,ˈe.li,,,,,on,,,,,,,,ɔn,ˈɔ́n,,,,,,,,,hanː,,,,ɵ,kʰaw˩˩˦,,,niˈja,,,o,,,,,u,ˈʋʲin,,,,ʔajŋ̟˧˧ ʔəj˧˦,,,,,,,te˨˦,,jeːná,
we,,,,,,ɨɲːa,,naħ.nu,ami,,,,bɪ̞ð,,ˈni.ɛ,,,,,,,,noˈzal.tɾəs,,,,,mɪ,,eˈbir,niː,,viːɐ̯,,,,e̞ˈmis,wiː,ni,noˈsotɾos,,,mɒː,,ˈme,,,nu,vɛi̯,mˠɪdʲ,ʃiɲ,,,,,,(ʔ)aˈnaχnu,ɦəm,,,,ˈmi,mɛŋkʰ,,,kami,,,,,,vɪð,ˈnoi,,ɰᵝa̠ta̠ɕi̥ta̠t͡ɕi,,tʃvɛn,,,,,,yoeṅ,,uɾi,,,,,,,noːs,,,,,pʰuak˥˧ hau˦˥,mʲæːs,,mɛ̄ːs,,,,niɛ,,,,kami,,t͡ɕoʊʔto̰,,,,,,ʋɛi̯,meː,,,,ˈi.fe,nus,,,,,,,mɨ,muʐ,ˈnɔʃ,,,,noj,mɨ,,,,,ˈmoɑ̯j,,,ˈmi,ˈmíː,,,,nɛ,,,,,viː,,,,mɔː,raw˧,,,ˈnaːmɪn,,,bɪz,,,,,,ˈmɪ,ɦəm,,,t͡ɕʊwŋ͡m˧˦ toj˧˧,,,,,,,,,tʰiːná,
you,,,,jəi,,antə,,ʔanta,,,,sæn,hin,,ti,,,,ˈθʊiː,,,,ˈtu,,,,,tɪ,,,tiː,du,duː,,,wo,e̞ˈsi,juː,t͡si,ˈtu,,,to,,ˈsinæ,,tʰʉuː(w),ty,doː,t̪ˠuː,hu,,,,u,,(ʔ)aˈta,t̪uː,,,,ˈtɛ,du,,,,,,nɯ˧,,,θu,t̪u,,kipau,,ʃɛn,,,,,,lok,,ta̠ŋɕʰin,,,tʊ,,,,tuː,du,,,,tɕao˥˦,tʊ,,tu,,,,ti,,,,kamu,,nɪ̀ɴ,,dʉː,,,,jɛi̯,dʉː,,,,ˈi.we,ty,,,,,,,tɨ,ˈtɑse,tu,,,,tu,tɨ,,,,,,,,ˈti,ˈtíː,,,,ti,,,,,dʉː,,,,t̪u,kʰun˧,,,iˈkaw,,,sen,,,,,,ˈtɪ,aːp,,,ʔɓaːn˧˨ʔ,,,,,,,mɯŋ˧˩,,weːná,
they,,,,,,ɨnːəsːu,,hu.maː,xiʱɔt,,,o(n)lar,uˈɫɑr,,t̪ɛ,,,,t̪ara,,,,ˈeʎs,,,,,ˈoɲɪ,,,huːɨ̯,di,ziː,,kʰoŋ˥,,,ðeɪ,ˈili,ˈeʎos,,,ʔeːˈʃɒːn,,ˈhe,,tʰaiːɹ,il,ja,ʃiəd̪ˠ,iət̪,,,,,,,ʋeː,,,,ˈøːk,nəˈɾɑŋkʰ,,,məreka,,,,,,θeiːr,,,ka̠ɾe̞ɾa̠,,,,,,,,gāt´,,kɯdɯɭ,,,,,,,ˈi.iː,,,,,,jæ,,,,,,tiɛ,,,,mərekə,ˈuːmɐ,θùdo̰,,,,,,zɛi̯,,,,,ˈi.wó,,,,,,,,ˈɔ.ɲi,,ˈe.lɨʃ,,,,jej,ɐˈnʲi,,,,,,,,ˈɔɲi,ˈɔ̀ːni,,,,aˈta,,,,,dɔm,,,,,kʰaw˩˩˦,,,,,,onˈlar,,,,,uˈlɑr,wɔˈnɪ,,,,hɔ˧˨ʔ,,,,,,,,,ɓoːná,
this,,,,dɨt,,,,haː.ðaː,,,,bu,,,ˈt̪ɔzi,,,,,,,,əˈkəst,,,,,ˈtɛnto,,,hʊn,,ˈdiːzər,,,,aˈftos,ðɪs,,ˈeste,,,ʔin,,ˈtæmæ,,,sə,,ʃɔ,ʃɔ,,,,,,ˈe.le,jəʱ,,,,,ɑjs,,,,,,,,ˈi.tso,ˈθɛsːɪ,ˈkwes.to,,ko̞no̞,,,,,,,manːa,neḥ,,i,,,,,,,hik,des,,,,niː˥˦,,,ʃis,,,,ˈɔvɔj,,,,ini,,,,ˈdɛn,,,,ˈdeːzə,,,,,,,,,,,,,tɛn,,ˈɛʃ.tɨ,,,,aˈt͡ʃest,ˈɛtət,,,,,,,,,ˈtáː,,,,ky,,,,,,,,iː,,niː˦˥,,,,,,bu,,,,,bu,,,,,naj˨˩,,,,,,,,,,
that,,,,,,,,ðaː.li.ka,,,,ɔ,,toj,ˈɔnzi,,,,,,,,əˈkəʃ,,,,,ˈtamtɛn,,,ˈhʊnʊ,dən,ˈjeːnɐ,,,,,ˈðæt,ˈtiu,ˈese,,,ɒːn,,ˈtuo̯,,,sə,,ənˠ,ʃɪn,,,,,,,,,,,ˈɒz,ɑjd,,,,,,,,ta,,ˈkwello,,⟨so2 no2⟩,,,,,,,,noḥ,a,kɯ,,,,,,,ˈis.te,,,,,,,,tas,,,,,,,,itu,,hò,,,,,,dɑt,,,,,,,,,,,,,ˈtam.tɛn,,ˈe.sɨ,,,,aˈt͡ʃela,tot,,,,,,,,tɛn,,,,,,,,,,dɛnː,,,aː,,nan˥˩,,,,,,ʃu,,,,,,,,,,ʔɗɔ˧˦,,,,,,,,,,
here,,,,,,,,hu.naː,iat,,,burɑˈdɑ,,,ˈtuk,,,,,,,,əˈki,,,,,ˈtoto,,,,,hiːɐ,,,,,hɪə(ɹ),ˈtie,aˈki,,,iːnˈdʒɒː,,ˈtæsːæ,,,i.si,,,,,,,,,kan,,,,,ˈitː,ɑjsˈtɛʁ,,,,,,,,,çɛːr,kwa,,⟨ko2ko2⟩,,ɑkʰ,,,,,,neḥ,,jʌ̹ɡi,,,,,,,hik,hai̯,,,,,tʃʲɛ,,,,,,ˈtuka,,,,sini,aʊ̯n,,,,,,,ɦir,,,,,,,,,,,,,tu,ˈd̪əlt̪a,ɐˈki,,,,aˈit͡ʃʲ,zʲdʲesʲ,,ɐ́t̪.ɽɐ,,,,,,,ˈtúːkaj,,,,,,,,,hæːr,,,,,tʰiː˥˩.niː˥˩,,,,,,,,,,,,,,,,,,,,,,,,,,
there,,,,dɑːr,,,,hu.naː.ka,tat,,,,unˈdɑ,,,,,,,,,,əˈʎa,,,,,tam,,,ˈəna,dar,dɔrt,,,,e̞ˈci,ðɛə(ɹ),ˈtie,aˈʎi,,,ɒːnˈdʒɒː,,ˈtuolːɑ,,,la,,ənʲˈʃɪnʲ,,,,,,,,,,,,ˈotː,ɑjnˈtɛʁ,,ˈil.lak,,,,,,ˈi.be,ˈθartna,,,,,ɪkʰ,,,,,,,,kʌ̹ɡi,,,,,,,ˈi.bi,do,,,,nan˥˦,,,tùɾ,,,,ˈtamu,,,,,ɛːmː,hòm̥à,,,,,,daːr,,,,,,,,,,,,,tam,ˈhalta,ɐ.ˈi,,,,aˈko.lo,tam,,,,,ˈtoppe,,,ˈtam,ˈtám,,,,,,,,,dɛːr,,,,,tʰiː˥˩.nan˥˩,,,,,,,,,,,,ˈtɑm,,,,,,,,,,,,,,
who,,,,,,,,mann,,,,kim,kɪ̞m,xto,kɔj,,,,,*su,piv,,ˈki,,,,,ɡdo,,,puːɨ̯,vɛm,veːɐ̯,,,,,hw,,ˈkjen,,,kʰej,,ˈkukɑ,,kvøːr,ki,,ceː,koː,,,,,,,kɔːn,,,,ˈki,ɔv,,,,,,,,kwa,xʷɛːr,k̟i,,tare,,,,noː,,,,ʾ̥nkṇā,,nuɡu,,,,,,,kʷis,,,,,,,,,,,,kɔj,,,,siapə,,bəθù,,,,,,ʋi,,,,,ˈⁿda.ní,,,,,,,,ktɔ,,kẽ(j̃),,,,,kto,,kɐ,,,,,,kto̞,ˈɡdòː,,,,kuʃ,,,,,,,,,,kʰraj˧,,,,,,cim,,,,,,ˈxtɔ,,,,ʔaːj˧˧,,,,,,,,,úɓaːní,
what,,,,vat,,,,maː.ðaː,ki,,,næ,,ʂto,kɐkˈvɔ,,,,,*ɡa.re,ˈpe.tʁa,,ˈkə,,,,,t͡so,,,beːθ,vad,vas,,,,,wɔt,ˈkio,ˈke,,,tʃʰe,,,,kvɛaːʰt,kwa,,kad̪ˠ,tʲeː,,,,,,,kjɑː,,,,ˈmi,int͡ʃʰ,,,,,,,,kwo,xʷaːð,,,na̠ɲ̟i,,rɑ,,atea,,,,ʾī,,muʌ̹t̚,,,,,,,kʷid,,,,,ɲaŋ˩˨,,,,,,,,,,,apə,,bà,,,,,,ʋɑt,kʋɑː,,,,t͡ʃiˈjá.ni,,,,,,,,t͡sɔ,,u ˌki,,,,t͡ʃe,ʂto,,,,,,,,ˈt͡ʃɔ,ˈkàːj,,,,tʃfaɹ(ə),,,,,vɑː(d),,,,,ʔa˨˩.raj˧,,,aˈno,,,,,,,,nemɛ,ʃtʃɔ,kjaː,,,zi˨˩,,,,,vɔs,,,,,
where,,,,,,,,ʔaj.na,,,,ˈhɑrɑda,,,,,,,,,,,ˈon,,,,,,,,man,,,,,,,ʍɛə(ɹ),,ˈdonde,,,kʰoˈdʒɒː,,ˈmisːæ,,,,vɛːr,kɑː,,ˈonde̝,,,,,,,,,,ˈɒɦol,vɔɾˈtɛʁ,,,,,,,,ˈu.be,kʰvaːr,ˈdove,,idu,,sɑd,,,,,,aeṇā,,ʌ̹di,,,,,,,,,,,,,kʊr,,kùɾ,,,,ˈkadɛ,,,,di manə,,bɛ̀,,,,,,,kʊrː,,,,,,,,,,,,,,,,,,ˈunde,,,,,,,,,,,,,,,,,,,,,,,,tʰiː˥˩.naj˩˩˦,,,saˈan,,,,,,,,,,,,,ʔəː˧˩ ʔɗəw˧˧,,,,,vʊ,,,,,
when,,,,,,,,ma.taː,kɛ.tia,,,ˈhɑt͡ʃɑn,ˈqɑsɑn,,,,,,kɒ.kʰɒn,,,,ˈkwan,,,,,ɡdɪ,,,prɨːd,vɔrnɔːr,van,,,,ˈpote,ʍɛn,,ˈkwando,,,kʰej,,,,,kɑ̃,,kəˈhɪnʲ,,,,,,,maˈtaj,kəb,,,,ˈmikor,jɛɾpʰ,,,ka.pan,,,,,ˈkan.de,,ˈkwando,,nã̠ɲ̟d͡ʑi,,rɔdɪs,,,,,,ʾṅ̥kāl´ṇā,,ˈɘːnd͡ʑe̞,,,,,,,ˈkʷan.doː,,,,,mɯa˧˧,kɐˈdɐ,,,,,,ˈkɔɡa,,,,bi.lə,,bɛ̀dɔ̰,,,,,,ʋɑˈneːr,,,,,,,,,,,,,ˈkʲɛ.dɨ,,ˈkwɐ̃.du,,,,kɨnd,kɐɡˈda,,kɐ.d̪ɑ́ː,,,,,,,ˈɡdàːj,,,,,,,,,,,,,,mɯa̯˥˩,,,,,,,,,,,,kɔˈlɪ,,,,xi˧˧ naːw˨˩,,,,,,,,,,
how,,,,,,,,kaj.fa,kɛ.nɛ.koɪ,,,ˈned͡ʒæ,,,,,,,kibʱabe,,,,ˈkɔm,,,,,jak,,,sɨ̞t,,viː,,,,ˈpos,haʊ,,ˈkomo,,,,,,,,kɔ.mɑ̃,,ˈkʊnˠəsˠ,,,,,,,(ʔ)eχ,,,,,,int͡ʃʰˈpɛs,,,,,,,,ˈkwa.le,,ˈkome,,,,rɔɡɔr,,,,,,rpiapṇā,,ʌ̹t͈ʌ̹kʰe̞,,,,,,,ˈkʷoː.mo.do,vɜɪ,,,,,kaɪˑp,,,,,,ˈkakɔ,,,,,,bɛ̀,,,,,,ɦu,ˈkʊrlæɪs,,,,,,,,,,,,jak,,ˈko.mu,,,,kum,kak,,,,,,,,ˈjak,kaˈkòː,,,,si,,,,,hʉːr,,,,,jaŋ˧.ŋaj˧,,,,,,ˈnɑ.sɯɫ,,,,,,,,,,,liˈo,,,,,,,,ɠáɲdʒaːní,
not,,,,ni,,,,laː,nɔ.ɦɔɛ,,,dejil,ˈtʏ.ɡɪ̞l,nʲe,nɛ,,,,,,,,ˈno,,,,,nɛ,,,dɪm,ekə,nɪçt,,,,ðe̞,nɒt,ne,no,,es̻,næ,,ˈei̯,,ˈɪʰtʃːɪ,nə,ˈnɛt,n̠ʲiː,,ˈnʊŋ,,,,,lo,nə.ɦĩː,,,,ˈnɛm,t͡ʃʰ,,,,,,,,ne,ˈɛhcɪ,non,,,,ɑr,,,,,,,,a̠n,,,,,,,noːn,,,,,bɔː˧˧,,,,,,,,,,,tidaʔ,,mə,,,,,,nit,²ɪçːə,,,toːta,,,,,,,,,ɲɛ,,nɐ̃w̃,,,,nu,nʲɪ,,,,,,,,,ˈnɛ́,,,,nʊk,,,,,ˈɪnˌtɛ,,,,,maj˥˩,,,,,,dejil,,,,,,ˈnɛ,nəɦĩː,,,xəwŋ͡m˧˧,,,,,nit,,ɓou˥,,,
all,,,,,,,,kull,xɔ.kɔ.lʊ,,,,ˈbʏ̞.tæ,,,,,,,,,,ˈtot,,,,,ˈfʃɪxɲɪ,,,ɪˈɡɨːd,alə,al,,,blɪbəʊ,,ɔːl,,ˈtodos,,,hæˈme,,,,ˈat.lʊɹ,tus,,ˈɪlʲə,,,,,,,kol,səb,,,,ˈmindɛn,bɔˈlɔɾ,,,sə.mu.a,,,,,,,ˈtutto,,sɨᵝbe̞te̞,,qʼvɛlɑ,,,,,,,,ˈmo̞ːdɯn,,,,,,,,,,,,,ˈvʲɪ.sɐs,,,,,,ˈsitɛ,,,,səmuə,,ʔálóʊɴ,,,,,,ɑl,,,,,,tut,,,,,,,ˈfʂɨ.stɛk,,ˈto.ðu,,,,tot,vʲesʲ,,s̪ɐ́ɽ.ʋɐ,,,,,,ˈfʃɛtɔk,ˈʋə́s,,,,ɡjiθ(ə),,,,,ˈalˌa,,,,,,,,,,,byˈtyn,,,,,,,,,,,,,,,ˈalə,,,,,
many,,,,bajə,,,,ka.θiːr,,,,t͡ʃɔχ,kʏp,,,,,,,,,,ˈmolt,,,,,ˈmnoɦo,,,,manɡə,ˈfiːlə,,,,,ˈmɛni,,ˈmut͡ʃos,,,zɪˈjɒːd,,,,ˈmɛŋkʊɹ,bo.ku,,əˈl̪ˠɑːnˠ,ˈiməɣ,,,,,,,bɔˈhɔt̪,,,,ˈʃok,ʃɑt,,,baɲak,,,,,,ˈmarkʏr,,,,,bɛvri,,,,,,c̥roen,,ˈma̠ːnɯn,,,ˈɡɛlɛk,,,,ˈmul.tiː,,,,,,dɐuɡ,,dāūdz,,,,ˈmnɔɡu,,,,baɲak,,mjá,,,,,,veːl,,,,,,,,,,,,,ˈvʲɛ.lɛ,ɖer,ˈmũj̃.tuʃ,,,,mult͡sʲ,ˈmnoɡə,,bɐ.ɦú,,,,,,,ʋɛˈlìːkɔ,,,,,,,,,,,,,,,,,,,,tʃɔk,,,,,,bɐˈɦɑtɔ,,,,ɲiaw³³,,,,,aˈsax,,,,,
some,,,,,,,,,,,,,,,,,,,,,,,,,,,,ˈɲɛkolɪk,,,,noən,,,,,,sʌm,,,,,,,,,,dy,,ɾˠəɪn̠ʲtʲ,,,,,,,,t̪ʰoɽaː,,,,,,,,,,,,,,,,,,,,,,,,,,,mjʌ̹t̚,,,,,,,,,,,,,,,,,,,,,,,,,tət͡ɕʰo̰,,nuː.en,,,,ʋɑt,,,,,,,,,,,,,ˈtrɔ.xɛ,,al.ˈɡũʃ,,,,,nʲɪˈmnoɡə,,,,,,,,ˈɲi̯ɛkɔʎkɔ,,,,,,,,,,ˈnoːˌ(ɡ)ra,,,,,baːŋ˧,,,,,,,,,,,,ˈkilʲka,,,,mot̚˧˨ʔ ʔit̚˧˦,,,,,,,,,,
few,,,,,,,,qa.liːl,,,,ɑz,æð,,,,,,,,,,ˈpɔk,,,,,ˈmaːlo,,,əˈχədɨ̞ɡ,fɔː,ˈveːnɪç,,,,ˈliɣos,fjuː,,,,,kʲæm,,,,,pø,,bʲɔɡ,,,,,,,,kʊt͡ʃʰ,,,,ˈkɛveːʃ,kʰitʃʰ,,,,,,,,po.ka,,ˈpɔ.ko,,sɨ̥ᵝko̞ɕi,,tsɔtʼɑ,,,,,,tic,,ˈt͡ɕɘːk̚t͈a̠,,,,,,,ˈpau̯.kus,,,,,nɔːj˥˧,,,,,,,ˈmaɫku,,,,,,nɛ́,,,,,,ˈʋɛi̯nəx,,,,,,,,,,,,,ˈma.wɔ,ləɡ,ˈpow.kuʃ,,,,puˈt͡sin,nʲɪˈmnoɡʲɪj,,,,,,,,ˈmaːlo,mâlo,,,,,,,,,foː,,,,,nɔːj˦˥,,,,,,ɑz,,,,,,ˈmɑlo,,,,ʔit̚˧˦,,,,,,,,,,
other,,,,,,,,,an,,,bɑʃˈkɑ,bɑʂˈqɑ,ˈjinʂɨ,druk,,,,,,ˈalː,,,,,,,ˈdruɦiː,,,ˈaraɬ,andrə,ˈʔandəʀə,,,,,ˈʌðə(ɹ),aˈlia,ˈotɾo,,,diːˈɡʲæɾ,,ˈtoi̯nen,,,otʁ,,ˈɛlʲə,ˈelə,,,,,,,ənj,,,,ˈmaːʃik,ɑjl,,,,,,,,alˈtra,,ˈal.tro,,ho̞ka̠,,sxvɑ,,,,,,,,ta̠ɾɯn,,,,,,,ˈal.ter,,,,,,,,,,,,,,,,,,ʔət͡ɕʰá,,,,,,ˈɑn.dər,,,,,,,,,,,,,ˈin.nɨ,bəl,ˈo(w).tɾu,,,,alt,drʊˈɡoj,,,,,,,,ˈdruɦiː,ˈdrùːɡi,,,,,,,,,,,,,,ʔɯːn˨˩,,,,,,di(j)eɾ,,,,,,ˈinʃɪj,,,,xaːk̚˧˦,,,,,,,,,,
one,,akʼɨ,,,,,,waː.ħid,ɛk,,ma.ja,,bɪ̞r,,,,,,æk,*kt͡ɕik,ˈỹː.nãn,,ˈun,,,,,ˈjɛdɛn,,pʲɘˈrʲːe,ɨːn,,aɪ̯ns,,,,ˈe̞na,wʌn,ˈunu,ˈuno,,,jekʲ,,ˈyksi,,,œ̃,,iːnˠ,ɯːn,,,,nɛːn,,,,,,,ˈɛɟː,mɛk,,,sa.tu,,,tsʰz̩˨˩,,un,eitn,ˈuno,,it͡ɕi̥,,ɛrtʰi,,,,,,muay,,ha̠na̠,,,ˈjɛk,,,,ˈuː.nus,eːn,,,,nɯŋ˧˧,,,viɛ̂ns,,tʲɨwɜnʲ,,,,niɡ,,satu,,tɪʔ,,,,,,eːn,,,,ɬɑ̂ːʔìː,ˈmó.d͡zi,,,,,,ɪkː˧,,ˈjɛ.dɛn,,ˈũ,,,,ˈu.nu,ɐˈdʲin,,ɐ́j.kɐ,,,ˈokːta,,,ˈjɛdɛn,,,,,ɲə,,,,,ɛt,,,okaʈi,,nɯŋ˨˩,,,iˈsa,,,biɾ̝̊,,,,,bir,oˈdɪn,,,,mot̚˧˨ʔ,,,,,,,it˥,,,
two,,ɥpa,,tvɪə̯,,,,(ʔi)θnaːn,dui,,pa.ja,iki,iˈkɪ̞,dva,,,,,,*gȵis,,,ˈdos,,,,,dva,,ˈikʲːɘ,daɨ̯,toː,t͡svaɪ̯,,,,ˈðiˌo̞,tuː,du,dos,,,duː,,ˈkɑksi,,,dø,,d̪ˠoː,,,,,d̪eː,,,,,,,ˈkɛtːøː,jɛɾˈku,,,,,,n̠ʲi˨˩,,,tʰveiːr,ˈdu.e,,ɲ̟i,,,,,,,,bīr,,tuːɭ,,,,,,,ˈdu.o,t͡sweː,,,,sɔːŋ˩˧,,,,,rˠɨwɜw,,,,xɔjər,,duə,,n̥ɪʔ,,,,,,tʋeː,,,,nɑ̀ːkʰɪ̀,,,,,,,,,dva,dwa,ˈdojʃ,,,,doj,dva,,,,,ˈku̯okːte,,,ˈdva.ja,ˈdʋáː,,,,dy,,,,,tvoː,,,,,sɔːŋ˩˩˦,,,da.laˈwa,,,iki,,,,,iˈkːi,ˈdʋɑ,,,,haːj˧˧,,,,,tsvɛj,,ŋei˧,,,
three,,xpʰa,,,,sɔst,,θa.laː.θa,tini,,,ʏtʃ,ʏ̞s,,,,,,,*ksum,,,ˈtɾəs,,,,,tr̝ɪ,,,triː,,dʁaɪ̯,,,,ˈtri.a,θɹiː,tri,tɾes,,,,,ˈkolme,,trʊdʒɪr,tʁwɑ,,tʲɾʲiː,,,,,t̪riː,,,t̪in,,,,ˈhaːrom,jɛˈɾɛkʰ,,,ti.ɡa,,,sɔ˧,,,θriːr,tre,,*/sam,,ˈsɑmi,,,,,,pī,,sʰe̞ːt̚,,,,,,,treːs,dʀæi̯,,,,saːm˩˧,,,trîːs,,tʲɨlʲɨw,,,,ɢʊrəw,,tiɡə,,θóʊɴ,,,,,,dri,,,,tʰɑ́ːʔ,,tres,,,,,t̪ɪn̪ː,,tʂɨ,d̪re,ˈtɾeʃ,,,,trej,trʲi,,t̪ɽí,,ʈi,ˈkolːpma,,,ˈtri,ˈtríːjɛ,,,,tɾɛ,,,,,treː,,,muːɖu,,saːm˩˩˦,,,tatˈlɔ,,,,,,,,yt͡ʃ,trɪ,,,,ʔɓaː˧˧,,,,,dʁaj,,θaːm˨˦,,,
four,,pʰʃpa,,,,,,ʔar.ba.ʕa,sa.ɹi,,,dœɾd,dʏrt,t͡ʂaˈtɨrɨ,,,,,,*bʑi,,,ˈkwa.tɾə,,,,,ˈt͡ʃtɪr̝ɪ,,,ˈpɛdwar,fiːrə,fiːɐ̯,,,,ˈte̞se̞ˌra,fɔː,kvar,ˈkwatɾo,,,tʃæˈhɒːɾ,,ˈneljæ,,ˈfʊiːɹa,katʁ,,ˈcahəɾʲ,,,,,kʲeːə(r),,,,,,,ˈneːɟ,t͡ʃʰɔɾs,,,əm.pat,,,lz̩˧,,kwar,ˈfjouːrir,ˈkwat.tro,,jo̞,,ɔtʰxi,,,,,,puan,,ne̞ːt̚,,,,,,,ˈkʷat.tu.or,ˈfɜɪ̯ɐ,,,,siː˧˧,kʲɛt̪ʊˈrʲɪ,,tsætri,,jɜmʲanʲ,,,,torəw,,əmpat,,lé,,,,,,vir,,,,tĩ́ːʔ,,ˈkatre,,,,,,,ˈt͡ʂtɛ.rɨ,t͡sa.lor,ˈkwa.tɾu,,,,ˈpa.tru,t͡ɕɪˈtɨrʲe,,t͡ɕɐ́.t̪uɽ,,,ˈɲe̯aʎːʎe,,,ˈʃtiri,ˈʃtìːrjɛ,,,,ˈkatəɾ,,,,,ˈfyːˌra,,,n̪aːl̪uɡu,,siː˨˩,,,ˈa.pat,,,dœɾt,,,,,tøt,t͡ʃoˈtɪrɪ̞,,,,ʔɓon˧˦,,,,,fiʀ,,θei˧˥,,,
five,,xʷpa,,,,,,xam.sa,pãs,,,beʃ,bʲiʃ,,,,,,,*lŋa,ˈpɛmp,,ˈsiŋk,,,,,ˈpjɛt,,ˈpʲilʲːɘkʲ,pɨ̞mp,,fʏnf,,,,ˈpe̞(n)de̞,faɪv,kvin,ˈθinko,,,pʰænd͡ʒ,,ˈʋiːsi,,fɪmː,sɛ̃k,,kuːɟ,koːɡ̊ʲ,,,,kwɛɡ,,,pɑ̃ːt͡ʃ,,,,ˈøt,hiŋɡ,,ˈtsiŋ.kwe,,,,ŋɯ˧,,,fɪmː,ˈt͡ʃin.kwe,,it͡sɨᵝ,,xutʰi,,,,,,p̥rāṃ,,ta̠sʰʌ̹t̚,,,,,,,ˈkʷiːn.kʷe,ˈfenef,,,,haː˨˩,,,pìɛtsi,,lˠalʲɘmʲ,,,,tʰaw,,limə,,ŋá,,,,,,vɛi̯f,,,,ɑ̀ʃtˡɑ̀ʔ,,siŋk,,,,,,,pʲɛɲt͡ɕ,pinˈdzə,ˈsĩ.ku,,,,t͡ʃint͡ʃʲ,pʲætʲ,,pɐ́ɲ.t͡ɕɐn̪,,,ˈvihːta,,,ˈpɛc,péːt,,,,pɛs(ə),,,,,fɛm,,,aid̪u,,haː˥˩,,,liˈma,,,beʃ,,,,,bɛʃ,ˈpjɑtʲ,pãtʃ,,,nam˧˧,,,,,fɪnf,,,,,
big,,,,,,,,ka.biːr,daŋɔɹ,,,,,,,,,,,,,,ˈɡɾan,,,,,,,,,,ɡʁoːs,,,,,bɪɡ,,maˈɟ͡ʝoɾ,,,,,,,,ɡʁɑ̃,,,,,,,,,ɡaˈdɔl,,,,,ˈfɛlnøːtː,mɛt͡s,,,,,,,,,,ˈɡran.de,,o̞to̞na̠,,,,,,,,,,ˈɘːɾɯn,,,,,,,,,,,,,,,,,,,ˈɡɔlɛm,,,,,,,,,,,,,,,,,,,,,,,,,dɔˈrɔ.swɨ,ɣaʈ,mɐjˈɔɾ,,,,,bɐlʲˈʂoj,,,,,,,,,,,,,,,,,,ˈvɵkˌsɛn,,,,,,,,,,,,,,,,,ʋeˈlɪkei̯,,,,,,,,,,,,,,
long,,,,,,,,tˁa.wiːl,,,,uˈzun,ʊ̞.ˈðʊ̞n,ˈdou̯ɣʲi,ˈdɤlək,,,,,,,,ʎuˈɲa,,,,,ˈdlou̯ɦiː,,,hiːr,lanɡ,laŋ(k),,,,,ˈlɒŋ,ˈlonɡa,ˈlarɡo,,,,,,,ˈlɛŋkʊɹ,lɔ̃,,ˈfˠɑd̪ˠə,fad̪̊ə,,,,,,,,,,,ˈhosːuː,jɛɾˈkɑɾ,,,,,,,,,ˈlaŋkʏr,ˈlunɡo,,na̠ɡa̠i,,ɡrdzɛli,,,,,,vaeṅ,,ˈkiːɭda̠,,,ˈdɯɾeːʒ,,,,ˈlon.ɡus,laːŋ,,,,,,,,,,,,,,,,twiːl,ʃè,,,,,,lɑŋ,,,,,,,,,,,,,ˈdwu.ɡʲi,uʐd̪,ˈlõ.ɡu,,,,luŋɡ,ˈdlʲinːɨj,,,,,,,,ˈdl̩ɦiː,ˈdɔ́ːwk,,,,,,,,,lɔŋ,,,,,jaːw˧,,,,,,,,,,,,ˈdɔu̯ɦei̯,,,,zaːj˨˩,,,,,,,,,,
wide,,,,,,,,waː.siʕ,bɔ.ɦɔl,,,,ˈkʲiŋ,ʂɨˈrokʲi,ʃiˈrɔk,,,,,,,,,,,,,ˈʃɪrokiː,,,ˈɬədan,,bʀaɪ̯t,,,,,waɪd,ˈlard͡ʒa,ˈaɲ.tʃo,,,,,,,ˈpɹaijʊɹ,laʁʒ,,ˈl̠ʲahənˠ,,,,,,,,t͡ʃɔː.ɽɑː,,,,ˈseːlɛʃ,lɑjn,,,,,,,,,ˈpreiːðʏr,ˈlarɡo,,,,vrtsɛli,,,,,,l̥h,,nʌ̹ɭt͈a̠,,,,,,,ˈlaː.tus,bʀeːt,,,,kwaːŋ˥˧,,,plats,,,,,,ɵrɡəŋ,,,,t͡ɕɛ̀,,,,,,,,,,,,,,,,,,,ʂɛˈrɔ.kʲi,,ˈlaɾ.ɡu,,,,larɡ,ʂɨˈrokʲɪj,,,,,,,,,,,,,ˈɟ͡ʝɛ.ɾə,,,,,viːd,,,,,kwaːŋ˥˩.jaj˨˩,,,ma.ˈla.pad,,,vaːˈsiː,,,,,,ʃeˈrɔkei̯,,,,zəwŋ͡m˧˨ʔ,,,,,,,,,,
thick,,,,,,,,sa.miːk,,,,,qɑˈɫɯ̞n,ˈtou̯stɨ,dɛˈbɛl,,,,,,,,,,,,,ˈtlustiː,,,teːu̯,tyk,dɪk,,,,,θɪk,,ˈɡɾweso,,,,,ˈpɑksu,,t͡ʃʰʏʰkːʊɹ,e.pɛ,,tʲuː,tʰʲu,,,,,,,,,,,ˈvɒʃtɒɡ,hɑst,,,,,,,,,ˈθjɛhtʏr,ˈspes.so,,,,skʰɛlɪ,,,,,,juk,,tuk͈ʌ̹p̚t͈a̠,,,,,,,ˈkras.sus,,,,,,,,,,,,,,t͡sʊt͡saŋ,,,,tʰù,,,,,,dɪk,çʊkː,,,,,,,,,,,,ˈɡru.bɨ,ɖaˈbəl,iʃ.ˈpe.su,,,,ɡros,ˈtolstɨj,,,,,,,,ˈtɫ̩stiː,ˈdɛ̀ːbɛw,,,,,,,,,ɕɔk,,,,,naː˩˩˦,,,,,,,,,,,,,,,,zaj˨˩,,,,,,,,,,
heavy,,,,,,,,θa.qiːl,ɡɔ.dʱuɹ,,,,ɑˈwɯ̞r,ˈt͡sʲaʂkʲi,ˈtɛʒək,,,,,,,,,,,,,ˈcɛʃkiː,,,trʊm,tɔnɡ,ʃveːɐ̯,,,,,ˈhɛ.vi,ˈpeza,peˈsado,,,sæŋˈɡʲiːn,,,,,luʁ,swiər,t̪ˠɾˠuːmˠ,,,,,,,,bʱɑː.ɾɑː,,,,ˈnɛɦeːz,ˈtsɑnəɾ,,,,,,,,,ˈθuŋkʏr,peˈsante,,o̞mo̞i,,mdzimɛ,,,,,,d̥ʰṅn´,,muɡʌ̹p̚t͈a̠,,,,,,,ˈɡra.wis,ʃwɜɪ̯ɐ,,,,,sʊŋˈkʊs,,smaks,,,,ˈtɛʒɔk,,xunt,,bərat,,lé,,,,,,zʋaːr,tʊŋː,,,,,,,,,,,,ˈt͡ɕɛŋ.ʂkʲi,d̪ruŋd̪,pɨ.ˈza.ðu,,,,ɡrew,tʲɪˈʐolɨj,,,,,,,,ˈcaʃ.kiː,ˈtɛ̀ːʒək,,,,,,,,,tɵŋ,,,,,nak̚˨˩,,aɡɯr,,,,ɑˈɰɯ́ɾ̝̊,,,,,,ʋɐˈʒkɪi̯,,,,naŋ˧˨ʔ,,,,,,,nak˥,,,
small,,,,,,,,sˁa.ɣiːr,xɔ.ɹu,,,kiˈt͡ʃik,bæ.læˈkæj,maˈlʲenʲkʲi,ˈmalək,,,,,*t͡ɕʰuŋ.t͡ɕʰuŋ,,,pəˈtit,,,,,ˈmaliː,,,baːχ,lilə,klaɪ̯n,,,suːɛ,miˈkro̞s,smɔːl,malˈɡranda,peˈkeɲo,,,kʰuːtʃʰækʲ,,,,,pə.ti,,bʲɔɡ,pek,peˈkeno̝,,,,,,t͡ʃʰoː.ʈɑː,,,,ˈkit͡ʃi,ˈpʰɔkʰəɾ,,,kə.tʃil,,,,,,smauːr,pikˈko.lo,,tipisasi,,pʼɑtʼɑrɑ,,,,,,tūc,,ˈt͡ɕa̠ːk̚t͈a̠,,,,,,,ˈpar.wus,n,,,,,ˈmaːʒɐs,,,,,,maɫ,,,,,zaˁjr,θé,,,,,,klɛi̯n,,,,,,,,,,,,,ˈma.wɨ,waˈɺ̢ukai,pɪ.ˈke.nʊ,,,,mik,ˈmalʲɪnʲkʲɪj,,,,,,,,ˈmaliː,ˈmáːjxən,,,,ˈvɔɡəl,,,,,ˈliːˌtɛn,,,,,lek̚˦˥,,,,,,cyˈtʃyc,,,,,kiˈt͡ʃik,mɐˈlɛnʲkei̯,t͡ʃʰoː.ʈɑː,,,ɲɔ˧˩,,,,,ˈkleɪn,,,,,
short,,,,,,,,qa.sˁiːr,su.ti,,,ɡɯˈsɑ,qɯ̞θ.ˈqɑ,kaˈrotkʲi,ˈkɤs,,,,,,,,ˈkuɾt,,,,,ˈkraːtkiː,,,bɨ̞r,kɔrt,kʊʁt͡s,,,,,ʃɔːt,malˈlonɡa,ˈkorto,,,kʰuːˈt̪ʰɒːh,,ˈlyhyt,,,kuʁ,,ɟaːɾˠ,ˈkɤɾʲɪtʲ,,,,,,,kəm,,,,ˈrøvid,kɑɾt͡ʃ,,,,,,,,,ˈstʏhtʏr,ˈkorto,,mʲiʑika̠i,,mɔkʼlɛ,,,,,,k̥ʰlī,,t͡ɕ͈a̠ɭt͈a̠,,,,,,,ˈkur.tus,,,,,,,,îːs,,,,ˈkratɔk,,pɔɡʲən,,,,tò,,kɔʈ,,,,kɔrt,,,,,,,,,,,,,ˈkrut.kʲi,,ˈkuɾ.tu,,,,skurt,kɐˈrotkʲɪj,,,,,,,,ˈkraːtki,ˈkràːtək,,,,,,,,,kɔrt,,,,,san˥˩,,,,,,,,,,,,kɔˈrɔtkei̯,t͡ʃʰoː.ʈɑː,,,ŋan˧˦,bre.ˈfik,,,,,,,,,
narrow,,,,,,,,dˁaj.jiq,,,,dɑr,ˈtɑr,ˈvuskʲi,ˈtɛsɛn,,,,,,,,əsˈtɾət,,,,,ˈuːskiː,,,kɨːl,snɛvər,ɛŋ,,,,,ˈnæɹoʊ,ˈstreta,es̺ˈtɾe.tʃo,,,,,ˈkɑpeɑ,,,e.tʁwa,,kuːŋ,kʰɯːɫ̪,,,,,,,t̪əŋɡ,,,,ˈsyːk,nɛʁ,,,,,,,,,ˈθrøyŋkʏr,ˈstretːo,,se̞ma̠i,,vitsʼrɔ,,,,,,cṅ̥ʾiat,,,,,,,,,anˈɡus.tus,,,,,,,,ʃàuɾs,,,,,,narʲiŋ,,,,t͡ɕɪ́ɴ,,,,,,nɑu,,,,,,,,,,,,,ˈvɔ̃s.kʲi,,iʃ.ˈtɾɐj.tu,,,,strɨmt,ˈuskʲɪj,,,,,,,,ˈuːski,ˈòːzək,,,,,,,,,,,,,,kʰɛːp̚˥˩,,,,,,,,,,,,wʊˈzʲkɪi̯,,,,hɛp̚˧˨ʔ,,,,,,,,,,
thin,,,,,,,,,,,,,jʊ̞ˈqɑ,ˈtonkʲi,ˈtɤnək,,,,,,,,,,,,,ˈtɛŋkiː,,,ˈtɛnaɨ̯,,dʏn,,,,,ˈθɪn,,ˈfino,,,,,ˈohut,,,mɛ̃s,,keːl̪ˠ,,,,,,,,pət̪.lɑː,,,,ˈveːkoɲ,bɑˈɾɑk,,,,,,,,ˈdi.na,ˈθʏnːʏr,sotˈtile,,,,tʰxɛli,,,,,,s̥ṭoeṅ,,ka̠nɯɭda̠,,,,,,,supˈtiː.lis,den,,,,baːŋ˩˨,,,tiêws,,,,ˈtɛnɔk,,,,,,pá,,,,,,,,,,,,,,,,,,,ˈt͡ɕɛn.kʲi,,ˈfi.nu,,,,slab,ˈtonkʲɪj,,,,,,,,ˈcɛŋkɔ,,,,,,,,,,,,,,,baːŋ˧,,,,,,inˈdʒɛ,,,,,,,,,,mawŋ͡m˧˩,,,,,,,,,,
woman,,,,,,,,ʔim.ra.ʔa,maɪ.ki ma.nuʱ,,,,qɑˈtɯ̞n,ʐanˈt͡ʂɨna,ʒɛˈna,,,,,,,,ˈdɔ.nə,,,,,ˈʒɛna,,,,ˈkʰvenə,fʁaʊ̯,,,ˈɲɒ.nʊ,ʝiˈne̞ka,ʊ,viˈrino,muˈxeɾ,,,,,ˈnɑi̯nen,,,fam,,bʲanˠ,b̥ɛn,muˈʎɛɾ,,,bɛᵈn,,,ˈɔːɾət̪,,,,ˈnøː,kin,,,,,,,,,ˈkʰɔːna,ˈdɔn.na,,õ̞nːa̠ no̞ çi̥to̞,,kʰɑli,,,,,,s̥rī,,jʌ̹sʰʌ̹ŋ,,,,,,,ˈfeː.mi.na,fʀa,,,,pʰuː˨˩ ɲiŋ˦˥,ˈmoːtʲɛrʲɪs,,,,,,ˈʒɛna,,,,wanita,,méɪɴma̰,,²kʋɪnə,,,,vrɑu̯,²kʋɪnːə,,,,ˈmká.zi,ˈfenno,,,,,,,kɔˈbʲɛ.ta,ʂəˈd͡za,muˈʎɛɾ,,,,feˈmeje,ˈʐɛnʲɕːɪnə,,s̪t̪ɽíː,,,ˈnisuː,,,ˈʒe.na,ˈʒèːnska,,,,ˈɡɾua,,,,,ˈkvɪnːˌa,,,,,pʰuː˥˩.jiŋ˩˩˦,,,,mʊˈsa.di,,kaˈdɯn,,,,,,ˈʒʲinkɐ,,,,fu˧˨ʔ nɨ˦ˀ˥,,,,úḿ̩fâːz̥i̤,,,,,úm̩fâːzi,
man,,,,,,,,ʔin.saːn,ma.nuʱ,,,inˈsɑn,kɪ̞ˈʃɪ̞,t͡ʂaɫaˈvʲek,tʃoˈvɛk,,,,manuʃ,,,,ˈɔ.mə,,,,,ˈt͡ʃlovjɛk,,,dɨːn,,mɛnʃ,,,,ˈanθɾɔpɔs,mæn,ˈhomo,ˈombɾe,,,,,ˈiçmine̞n,,,ɔm,ˈminskə,ˈd̪ˠɪnʲə,t̪ɯɲə,ˈɔmɪ,,,,,,məˈnʊ.ʂjə,,,,ˈɛmbɛr,mɑɾtʰ,,ˈho.mi.ne,o.raŋ,,,,,,ˈmanːɛsca,ˈwɔ.mo,ˈi.nuk,⟨pi1to2⟩,,kʼɑtsi,,,,ɑˈdɑm,,mnus̥s,,ˈsʰa̠ːɾa̠m,,,ˈmɯɾov,,,,ˈho.moː,mənʃ,,,,ma˧˧ nut˧˧,ʒmoˈɡʊs,,tsìlvæ̀ːks,,,,ˈt͡ʃɔvɛk,,,,,ˈbnɪːdɛm,lù,,,,,,mɛns,²mɛnːɛʃə,,,,,,,,,,,,ˈt͡ʂwɔ.vʲɛk,,ˈɔmẽɪ̯,,,,om,t͡ɕɪlɐˈvʲek,,mɐ.n̪uʂ.jɐ́,ˈɔmine,,,,,ˈt͡ʃɫɔvɛk,ˈtʃlɔ̀ːʋɛk,,,,ɲɛˈɽi,,,,,mɛnːɪɧa,,,,,ma˦˥.nut̚˦˥,,,,,,inˈsɑn,,,,,,,,,,ŋɨəj˨˩,,,,úḿ̩ːⁿtu,mɛnt͡ʃ,,βun˧˩,,umúːntu,
human,,,,,,,,ba.ʃa.rijj,ma.nuʱ,,,,,,,,,,,,,,uˈma,,,,,ˈlɪtskiː,,,,,mɛnʃlɪç,,,,,ˈ(h)juːmən,,uˈma.no,,,,,ˈinɦimilːinen,,,y.mɛ̃,,,,,,,,,,,,,,ˈɛmbɛri,mɑɾtʰkɑˈjin,,,,,,,,,,,,⟨pi1to2⟩,,ɑdɑmɪɑnurɪ,,,,,,,,ˈsʰa̠ːɾa̠m,,,,,,,,,,,,,,,,,,,,,,,,,,,,,,,,,,,,,,,,,,,,ˈlut͡s.kʲi,,u.ˈmɐ.nu,,,,o.meˈnesk,t͡ɕɪlɐˈvʲet͡ɕɪskʲɪj,,mɑː.n̪ɐ.ʋɐ́,,,,,,,tʃlɔˈʋèːʃki,,,,,,,,,²mɛnsklɪ(ɡ),,,,,,,,,,,,,,,,,,,,,,,,,,,,,,,
child,,,,kənt,,,,tˁifl,sɔli,,,uˈʃɑχ,bɑˈɫɑ,,dɛˈtɛ,,,,,,,,ˈnən,,,,,ˈɟiːcɛ,,aˈdʑa,ˈplɛntɨ̞n,barn,kɪnt,,,viː,peˈði,t͡ʃaɪld,inˈfano,ˈixo,,,bætːʃʰe,,,,ˈpatn,ɑ̃.fɑ̃,bɛːn,ˈpˠɑːʃtʲə,,ˈne.na,,,,,ˈje.led,bət͡ʃ.t͡ʃɑː,,,,ˈɟɛrɛk,jɛɾɛˈχɑ,,,,,,,,,ˈpartn,bamˈbi.no,,ko̞do̞mo̞,,bɑvʃvi,,mòànáꜜ,,,,kūn,,ʌ̹ɾini,,,ˈzɑːɾok,,,,ˈfiː.li.us,kant,,,,,ˈvɐɪ̯ˑkɐs̪,,bæ̀ːɾns,,,,ˈdɛtɛ,,,,anaʔ,,kʰəlé,,,,,,kɪnt,bɑːrn,,,,,,,,,,,,ˈd͡ʑɛt͡s.kɔ,,ˈfi.ʎu,,,,fiw,rʲɪˈbʲɵnək,,ɕí.ɕu,,,ˈmaːnnaː,,,ˈɟi̯e.ca,ɔˈtrɔ́k,,,,,,,,,bɑːrn,,,paːpa,kɵdæk,luːk̚˥˩,,,,,,t͡ʃo̞ˈd͡ʒuk,,,,,ˈbɑlɑ,deˈtɪnɐ,,,,ʔɗɨə˧˦ ʔɓɛ˧˦,t͡ʃil,,ˈxalɛ,úḿ̩ⁿtʷaːna,kɪnd,,lɯk˧,,uḿ̩ntwaːna,
wife,,,,,,,,zawd͡ʒa,ɡʱoɪ.ni,,,,qɑˈtɯ̞n,ˈʐonka,ʒɛˈna,,,,,*skʲe.dman,ˈɡwʁɛːk,,ˈdɔ.nə,,,,,ˈmanʒɛlka,,,ɡuˈrai̯ɡ,,,,,,,waɪf,edzˈino,esˈposa,,,,,,,,fam,,bʲanˠ,,esˈposa̝,,,,,(ʔ)iˈʃa,,,,,ˈɒsːoɲ,kin,,,istri,,,,,,ˈeiːjɪn.kʰɔːna,ˈspɔ.za,,t͡sɨᵝma̠,,tsɔli,,,,,,p̥rbn̥dʰ,,a̠ne̞,,,,,,,ˈuk.sor,,,,,mia˦˥,,,sīɛ̄va,,,,ˈʒɛna,,,,,,məjá,,,,,,vrɑu̯,,,,,,ˈfenno,,,,,,,ˈʐɔ.na,ʂəˈd͡za,es.ˈpo.za,,,,,ʐɨˈna,,pɐ́t̪.n̪iː,muˈd͡ʒɛɾe,,,,,,ˈʒɛ̀ːna,,,,ˈɡɾua,,,,,hɵ̄sːtrʉ̂ː,,,,,pʰa˦˥.ri˦˥.jaː˧,,,,,,,,,,,,druˈʐɪnɑ,,,,vəː˧˨ʔ,ʃi.maˈtan,,,,,,,,,
husband,,aχˁátsʼa,,,,bal̪,,zawd͡ʒ,ɡi.ɹi,,,æɾ,irĕ,muʂ,ˈmɤʃ,,,,sami,,ˈɡwaː,,məˈɾit,,,,,ˈmanʒɛl,,,ɡuːr,mæn,,,,,,ˈhʌzbənd,ˈed.zo,maˈɾido,,,ʃoʊˈhæɾ,,ˈmie̯s,,ˈmɛaːvʊɹ,ma.ʁi,,fʲaɾˠ,,,,,,,,,,,,ˈfeːrʝ,ɑmuˈsin,,maˈri.to,,,,,,,ˈeiːjɪn.maːðʏr,maˈri.to,,o̞t̚to̞,,kʰmɑri,,,,,,p̥ṭī,,na̠mpʰjʌ̹n,,,,,,,maˈriː.tus,mɑn,,,,pʰua˩˨,ˈʋʲiːrɐs,,vīːɾs,,,,maʃ,,,,suami,ˈraːdʒɛl,lɪ̀ɴ,,,,,,mɑn,,,,,,,,,,,,,mɔŋʂ,,ma.ˈɾi.du,,,,sots,muʂ,,,,,ˈpoɑ̯dːɲiː,,,,ˈmóːʃ,,,,bur,,,,,ˈmɑːˌkɛ,,,,,saː˩˩˦.miː˧,,,,,,kɔˈd͡ʒɑ,,,,,,t͡ʃɔlɔˈu̯ʲik,,,,t͡ɕəwŋ͡m˨˩,maˈtan,,,,,,po˧,,uḿ̩jeːni,
mother,,,,,,,,ʔam.ma,ma,,,,æˈsæj,,ˈmajkə,,,,,,ˈmãmː,,ˈma.ɾə,,,,,ˈmatka,,,mam,,ˈmʊtɐ,,,,miˈtera,ˈmʌðə(ɹ),paˈtrino,ˈmadɾe,,aˈma,mɒːˈd̪æɾ,,ˈæi̯ti,,ˈmɔuwɪr,mɛʁ,,ˈmˠɑːhəɾʲ,ˈmaːhəɾʲ,ˈnaj,,,maːɹ,,ˈ(ʔ)em,,,,,ˈɒɲɒ,mɑjɾ,,,,,,,,ˈma.tro,ˈmamːa,ˈma.dre,,okakasama,,dɛdɑ,,,,,,m̥ṭāy,,ʌ̹mma̠,,,,,mæm,,,mɑm,,,,mɛː˧˧,,,māːtɛ,,,,,ämːə,ix,,ibu,ɔmː,,,,,,,ˈmu.dər,,,,,ˈmá.ji,ˈmajɾe,,,,,,,ˈmat.ka,mor,mɐ̃j̃,,,,ˈma.mə,matʲ,,ɐm.bɑ́ː,ˈmama,,ˈea̯dːniː,,,ˈmatka,ˈmàːti,,,,,,,,,muːr,,,,mɔːdær,mɛː˥˩,,,,,,anne,,,,,ɑnɑ,ˈmɑte,,,,mɛ˧˨ʔ,,,,úɲoːko,ˈmʊtəʁ,,ma˨˦,,úmʱáːma,
father,,,,fɑːdər,,,,ʔab,dɛʊ.ta,,,ɑˈtɑ,ɑˈtɑj,ˈbat͡sʲka,bɐˈʃta,,,,abba,,ˈtɑːt,,ˈpa.ɾə,,,,,ˈotɛt͡s,,,taːd,,ˈfaːtɐ,,,,paˈteras,ˈfɑː.ðə(ɹ),ˈpatro,ˈpadɾe,,aiˈta,pʰeˈd̪æɾ,,ˈisæ,,ˈfɛaːjɪɹ,pɛʁ,hai̯t,ˈahəɾʲ,ˈahəɾʲ,,,,ˈeːar,,(ʔ)av,pɪ.t̪ɑː,,,,ˈɒpɒ,hɑjɾ,,,bapa,,,,,ˈpa.tro,ˈfaːðɪr,ˈpa.dre,,ototosama,,mɑmɑ,,,,,,ýubuk,,a̠bʌ̹d͡ʑi,,,,,taːz,,ˈpa.ter,pɑp,,,,pʰɔː˦,ˈtʲeːvɐs,,tǣːws,,,,,ətʃtʃhən,,,bapə,,ʔəpʰè,,,,,,ˈvaː.dər,,,,,ˈɓa.ᵐbo,ˈpajɾe,,,,,,,ˈɔj.t͡ɕɛt͡s,,paj,,baːp,,ˈta.tə,ɐˈtʲet͡s,,pi.t̪ŕ̩,ˈβabbu,,ˈaːhːt͡ʃiː,,,ˈɔcɛt͡s,ˈɔ̀ːtʃɛ,,,,baba,,,,,,,,,,pʰɔː˥˩,,,,,,bɑˈbɑ,,,,,dɑdɑ,ˈbɑtʲkɔ,pət̪ɑː,,,ʔɓaː˧˧,fat,,,,ˈfɔtəʁ,,,,úɓaːɓá,
animal,,,,,,,,ħa.ja.waːn,,,,,χɑjˈwɑn,,ʒiˈvɔtno,,,,,*sems.t͡ɕan,ˈlo.ɛ̃n,,ə.niˈmal,,,,,ˈʒɪvot͡ʃɪx,,,aˈnɪvai̯l,dyːr,tiːɐ̯,,,,ˈzo.o,ˈænɪməl,aniˈmalo,aniˈmal,ˈloːm,,dʒɒːnˈvæɾ,,ˈe̞læ͡in,,t͡ʃɔuːr,a.ni.mal,,anʲəvʲiː,,,,,,,,pə.ʃuː,,,,ˈaːlːɒt,kɛntʰɑˈni,,a.niˈmal,,,,,,aniˈmalo,tiːr,aniˈmale,,do̞ːbɯ̟ᵝt͡sɨᵝ,,tsxɔvɛli,,,,,,st̥v,,ˈto̞ːŋmuɭ,,,,,,,ˈa.ni.mal,dei̯(e)ʀ,,,,sat˦˥,ɡʲiːˈʋuːnɐs,,dzîunìɛks,,,,ʒiˈvɔtnɔ,,,,binataŋ,,təɹeɪʔsʰàɴ,,,,,,dir,,,,,ˈɲa.ma,,,,,,,,ˈzvʲɛ.ʐɛ,,ˌɐ.ni.ˈmaw,,,,a.niˈmal,ʐɨˈvotnəjə,,pɐ́.ɕu,,,,,,ˈʒivɔt͡ʃiːx,ʒiˈʋáːw,,,,,,,,,jʉːr,,,,,sat̚˨˩,,,,,,hajˈvan,,,,,,tʋɐˈrɪnɐ,,,,tʰu˧˦ vət̚˧˨ʔ,nim,,,,,,,,isílwaːne,
fish,,,,fəs,,,,ˈsamaka,mas,,,,bɑˈɫɯ̞q,ˈrɨba,ˈribə,,,dʒɛ́ɡɛɛ̀,mɑtʃʰ,*ȵa,,,ˈpeʃ,,,,,ˈrɪba,,,pəsˈɡɔdɨ̯n,fesk,fɪʃ,,,,ˈp͡sari,ˈfɪʃ,ˈfiʃo,ˈpeθ,,ˈa.raiɲ,mɒːhiː,,ˈkɑlɑ,,ˈfɪskʊɹ,pwa.sɔ̃,fɪsk,iəsˠk,,ˈpejʃe̝,,,jiːst,,daɡ,mət͡ʃʰ.liː,,,,ˈhɒl,d͡zuk,,,,,,hɯ˧,,,ˈfɪskʏr,ˈpeʃːe,,uwo,,tʰɛvzi,,ðàmákì(ꜜ),,bɑˈləq,,t̥rī,,muɭk͈o̞ɡi,,,ˈmɑːsiː,,,,ˈpis.kis,feʃ,,,,pa᷅ː,,,ziws,,jɘk,,,,t͡saɢəs,,ikan,,ŋá,,,,,,vɪs,,,,,ˈⁿsó.ᵐba,,,,,,mət.t͡ʃʰiː,,ˈrɨ.ba,kab,ˈpɐjʃɨ,,,,ˈpeʃte,ˈrɨbə,,mɐ́t̪.s̪jɐ,,,ˈkuo̯lliː,,,ˈriba,ˈrìːba,,,,pɛʃk,,,,,fɪsk,,miːn,t͡ʃeːpa,mɔːhiː,plaː˧,,,,tɬʰa.pi,,bɑ.ˈɫɯk,,,,,,ˈrɪbɐ,,,,kaː˧˦,fit,,,,fɪʃ,,pʲa˨˦,,ínɬaːnzi,
bird,,,,,,,pa(j)ˈʃaro,tˁaːʔir,sɔɹaɪ,,,ɡuʃ,qʊ̞ʂ,,ˈptitsə,,,,,*bʲa,,,ˈaw,,,,,ptaːk,,,aˈdɛrɨ̞n,fuːl,ˈfoːɡəl,,,,puˈli,bɜːd,ˈbirdo,ˈpaxaɾo,lˈind̥,ˈtʃo.ɾi,pʰæɾænˈde,,,,,wa.zo,,eːnˠ,ian,,,,ˈoʒaɡ,,t͡siˈpoʁ,t͡ʃɪ.ɽiː.jɑː,,,z,ˈmɒdaːr,tʰərˈtʃʰun,,,,,,,,uˈt͡selo,fʏkl,uˈt͡ːʃɛlːo,,⟨to2ri⟩,,pʰrinvɛli,,,,ˈqʊs,,pk̥sī,,sʰe̞ː,,,,,,,ˈa.wis,ˈfuʁəl,,,,nok˦,ˈpɒʊk.ʃtʲɪs,,,,,,ˈpti.t͡sa,,ʃʊwʊ,,buroŋ,asˈfuːr,ŋ̊ɛʔ,,,,,,ˈvoːɣəl,fʉɡl,,,,ᵐbáˈɽa.me,awˈsɛl,,,,,,,ptak,marˈɣa,ˈpa.sa.ɾu,,,,,ˈptʲit͡sə,,ʋí,,,ˈlodːdiː,,,ˈftaːk,ˈptítʃ,,,,zɔɡ,,,,,foːɡəl,,,pakʂi,paɾːanˈda,nok̚˦˥,,,,,,,,,,,quʃ,ˈptɑx,,,,t͡ɕim˧˧,bød,,,íⁿtaːka,fɔjɡl,,ɣok˧,,íɲoːni,
dog,,,,ɦɔnt,,,,kalb,kukuɹ,,,,ɪ̞t,,ˈkutʃɛ,,,,kukuɾ,*kʰʲi,,,ˈɡos,,,,,pɛs,,,kiː,hun,hʊnt,,,,ˈscilos,dɒɡ,ˈhundo,ˈpero,,tʃa.ˈkur,sæɡ,,ˈkoi̯rɑ,,ˈhʊntʊɹ,ʃjɛ̃,huːn,ˈmˠad̪ˠɾˠə,kuː,,,,ˈmɔːðə,,,kʊt̪.t̪ɑː,,,,ˈkucɒ,ʃun,,,aɲ.dʒiŋ,,,kʰɯ˧,,ˈhundo,ˈhʏntʏr,ˈka.ne,,inɯ̟ᵝ,,dzɑɣli,,,,,,c̥ʰkae,,ke̞ː,,,,,kiː,,ˈka.nis,hont,,,,maː˩˨,ʂuə,,,,,,,nɑːjə,nɔxɔi,,and͡ʒeŋ,kɛlp,kʰwé,,,,,,ɦɔnt,,,,,ˈɡa.ɽú,ˈɡus,,,,,,,pʲɛs,,ˈkɐ̃w̃,,,,ˈkɨj.ne,sɐˈbakə,,ɕʋɐ́n̪,,,ˈpea̯na,,,ˈpɛs,ˈpə́s,,,,cɕɛn,,,,,hɵnd,,,kukːa,sæɡ,maː˩˩˦,,,,ǹ.tʃá,,cøˈpec,,,,,it,,kutɑː,,,t͡ɕɔ˧˦,doɡ,,xaɟ,íːⁿd̥ʒǎ̤,hʊnt,,ma˨˦,,îːɲdʒá,
louse,,,,,,,,qam.la,,,,bit,bɪ̞t,voʂ,ˈvɤʃkə,,,,,,ˈlɔw,,ˈpoʎ,,,,,ˈvɛʃ,,,ˈɬeɨ̯ɛn,,laʊ̯s,,,,,laʊs,,ˈpjo.xo,tˈæi̯,,ʃeˈpeʃ,,tæi,,lʉuːs,pu,,,,,,,,,,dʒũː,,,,ˈtɛtyː,vɔˈt͡ʃʰil,,,,,,,,ˈlau̯.so,luːs,pi.ˈdɔk̚.kjo,,ɕiɾa̠mʲi,,,,,,,,cai,,i,,,,,,,ˈpeː.dis,,,,,,,,,,,,ˈvɔʃka,,poːs,,kutu,,θáɴ,,,,,,lœy̯s,,,,,ˈⁿsa.ɓʷe,peˈzul,,,,,,,vɛʂ,,pi.ˈo.ʎu,,,,,voʂ,,,,,,,,ˈvɔʃ,ˈúːʃ,,,,mɔr,,,,,,,,,,haw˩˩˦,,bit̪,,,,ˈbit,,,,,,ˈwɔʃɐ,dʒũː,,,zən˧˨ʔ,,,,,,,,,íntwáːla,
snake,,,,slɑŋ,,,,θuʕ.baːn,xap,,,,jɯ̞.ˈɫɑn,zʲmʲaˈja,zmiˈja,,,,ʃɑp,*zbrul,ˈnaɛr,,ˈseɾp,,,,,ɦat,,,nei̯dr,,ˈʃlaŋə,,,,ˈfiði,ˈsneɪk,serˈpento,serˈpjente,,,mɒːɾ,,ˈkæːrmeˣ,,,sɛʁ.pɑ̃,,ˈn̪ˠæhəɾʲ,,ˈsɛɾpe̝,,,,,naˈχaʃ,sɑ̃ːp,,,kuˈlɛv,ˈkiːɟoː,ɔt͡sʰ,,,,,,,,,ˈstnauːkʏr,serˈpɛn.te,,pemi,,ɡvɛli,,,,,,bs´,,pe̞ːm,,,,,,,ˈan.ɡʷis,ʃlaːŋ,,,,ŋuː˦˥,ɡʲiːˈʋaːtʲeː,,tʃūska,,,,,,mɔɢɔi,,ula(r),,mwè,,,,,,slɑŋ,,,,,ˈⁿd͡ʒó.ka,,,,,,,,vɔŋʂ,,ˈkɔ.bɾa,,,,ˈʃarpe,zmʲɪˈja,,s̪ɐɽ.pɐ́,,,ˈkea̯rpmaʃ,,,ˈɦat,ˈkàːtʃa,,,,ˈɟ͡ʝaɾpəɹ,,,,,ˈʊrm,ˈɲɔ.kɑ,,paːmu,mɔːr,ŋuː˧,,jɯlaːn,,,,jɯ.ˈɫɑn,,,,,jilɑn,,sãp,,,zan˧˦,snek,,,,ʃlaŋ(ɡ),,ŋɯ˧˩,,íɲôːɠa,
worm,,,,,,tʰɨl,,duː.da,,,,,qʊ̞rt,,ˈtʃɛrvɛj,,,,,,pʁɛ̃,,ˈkuk,,,,,ˈt͡ʃɛrf,,,,,,,,,sku.ˈli.ci,wɜːm,ˈvermo,ɡuˈsano,,,,,ˈmɑto,,,vɛʁ,,pʲeːʃtʲ,,ˈbɛɾme̝,,,beˈʃtʲeːɡ,,toˈla(ʔ)at,kiː.ɽɑː,,,,ˈkukɒt͡s,vɔɾtʰ,,,,,,,,,ˈmaθkʏr,ˈvɛrme,,d͡zẽ̞ɲ̟t͡ɕɨᵝː,,tʃʼɪɑ,,,,,,ṭṅ̥kūv,,,,,,,,,ˈwer.mis,muə̯t,,,,,,,,,,,,,,,,,tìɡàʊɴ,,,,,,,,,,,,,,,,,,,ˈrɔ.bak,,ˈvɛɾ.mɨ,,,,,t͡ɕerfʲ,,,,,,,,ˈt͡ʃɛrw,ˈtʃə́rw,,,,kɾimb,,,,,,,,,kirm,nɔːn˩˩˦,,,,,,,,,,,,,kiɽa,,,zun˧˧,,,,,,,,,isíɓuːnɡú,
tree,ħʌɖʌ,,,bʊəm,,,,,ɡɔs,,,ɑˈɣɑd͡ʒ,ɑˈʁɑs,ˈdreva,dərˈvɔ,,,,ɡɑs,*ɕiŋ,ɡwe,,ˈa.bɾə,,,,,strom,,,ˈkɔɨ̯dɛn,trɛː,baʊ̯m,,,,ˈðe̞n.dro̞,tɹiː,ˈarbo,ˈarbol,,,deˈɾæxtʰ,,ˈpuː,,tɹɛaː,aʁbʁ,bɪə̯m,kɾˠaun̪ˠ,,,,,ˈbilʲə,,et͡s,,,,,ˈfɒ,t͡sɑr,,ˈar.bo.re,po.hon,,,sz̩̠˧,,,tʰrjɛː,ˈal.be.ro,,kɨ,,xɛ,,,,aˈʁaʃ,,ṭoemjʰoe,,na̠mu,,,,,,,ˈar.bor,baːm,,,,ton˥˧ mai˥˧,ˈmʲæːdʲɪs,,kùoks,,,,,,,d͡zʱaɖ,pokokʔ,ˈsɪdʒrɐ,θɪʔpɪ̀ɴ,,,,,,boːm,,,,,mˈté.ᵑɡo,,,,,,,,ˈdʐɛ.vɔ,ˈwəna,ˈaɾ.vu.ɾɨ,,,,ˈarbore,ˈdʲerʲɪvə,,,,,ˈmuo̯rra,,,strɔm,drɛˈʋóː,,,,,,,,,,,,t͡ʃeʈːu,,ton˥˩.maːj˦˥,,aɡat͡ʃ,,,,a.át͡ʃ,,,,,,,,,,kəj˧˧,bim,,,úm̩ːtʰí,bɔjm,,fai˦˨,,úmuːtʰí,
forest,,,,bɔs,,,,ɣaː.ba,ɦa.bi,,,,urˈmɑn,lʲes,ɡoˈra,,,,,*ɕiŋ.naks,ˈkwɑːt,,ˈbɔsk,,,,,lɛs,,,ˈkɔɨ̯dwɪɡ,,valt,,,,ˈðasɔs,ˈfɒɹɪst,arˈbaro,ˈboske,,,beːˈʃæ,,ˈmetsæ,,,fɔ.ʁɛ,,kiːlʲ,ˈkʰɤʎə,ˈbɔske,,,kiːlʲ,,ˈja(ʕ)aʁ,,,,,ˈɛrdøː,ɑnˈtɑr,,,hu.tan,,,,,,ˈskouːʏr,,,mo̞ɾʲi,,tʼqʼɛ,,,,,,b̥rai,,sʰup̚,,,,,,,ˈsil.wa,beʃ,,,,,ˈmɪʂ.kɐs,,,ˈa.la,,,ˈʃuma,,,,hutan,,tɔ́,,,,,,ʋɑu̯t,,,,,,,,,,,,,las,d͡zəŋɡəl,floˈɾɛs.ta,,,,pə.ˈdu.ɾe,lʲes,,ʋɐ́.n̪ɐ,,,,,,ˈlɛs,ˈɡɔ́st,,,,pyɫ,,,,,skuːɡ,,,,beʃæ,paː˨˩,,,,,,,,,,,,,,,,zɨŋ˨˩,,,,,,,ɗoŋ˨˦ fai˦˨,,îːɬâːtʰi,
stick,,,,,,,,ʕa.sˁan,,,,,tɑ.ˈjɑq,,ˈprɤtʃkə,,,,,,,,,,,,,ɦuːl,,,,kɛp,ʃtaːp,,,,,stɪk,,,,,t͡ʃoːb,,ˈke̞pːi,,,bɑ.tɔ̃,,ˈbˠat̪ˠə,,,,,,,,t͡ʃʰə.ɽiː,,,,ˈbot,pʰɑjt,,,,,,,,,ˈstaːvʏr,basˈtone,,,,dʒɔxi,,,,,,ṭṃpṅ,,mak̚d̬ɛːɡi,,,,,,,ˈba.ku.lum,,,,,,lɐzˈdɐ,,,,,,stap,,,,bataŋ,,doʊʔ,,,,,,,,çɛp,,,,,,,,,,,kʲij,,ˈpaʊ,,,,,ˈpalkə,,,,,,,,,,,,,,,,,,ɕɛp,,,,tʃɵb,dun˥˩,,,,,,tʃubuk,,,,,,,,,,ɣəj˧˨ʔ,,,,,,,,,índuːɠu,
fruit,,,,,,,,faː.ki.ha,,,,mɛjvæ,jɪ̞ˈmɪ̞ʃ,,plɔt,,,,pʰɔl,*ɕiŋ.tok,fʁwɛs,,,,,,,ˈovot͡sɛ,,,fruːɨ̯θ,frɔɡt,fʁʊxt,,,ˈkʊˌtʃɛˌtʃɛ,,fɹuːt,ˈfrukto,ˈfɾuta,,,miːve,,ˈhedelmæ,,,fʁɥi,,ˈt̪ˠɔɾˠə,,ˈfɾojta̝,,,meːs,,pʁi,pʰəl,,,,ˈɟymølt͡ʃ,pəˈtuʁ,,,,,,,,ˈfruk.to,ˈauːvœxstʏr,ˈfru.tːo,,,,χɪlɪ,,,,,,p̥ʰlaejʰoe,,ˈkwa̠ːiɭ,,,,,,,ˈfruːk.tus,,,,,,ˈvai̯sʲʊs,,âwɡlis,,,,,,ur,,buah,,ʔəθí,,,,,,vrʏxt,,,,,t͡ʃiˈpá.t͡so,,,,,,,,ˈɔ.vɔt͡s,,ˈfɾu.ta,,,,,plot,,pʰɐ́.l̪ɐ,,,,,,ˈɔvɔt͡si̯ɛ,ˈsáːdɛʃ,,,,,,,,,ˈfrɵkt,,,paɳɖu,mevæ,luːk̚˥˩,,,,,,,,,,,,,pʰəl,,,kwaː˧˩,fluk,,,,fʁʊχt,,maːk˧˥,,isítʰeːlo,
seed,,,,,,,,,ɡu.ti,,,toˈχum,ʊ̞rˈɫʊ̞q,naˈsʲenʲːe,ˈsɛmɛ,,,,,,,,ʎəˈvo,,,,,ˈsɛmɛno,,,haːd,sɛːd,ˈzaːmən,,,,ˈspo̞ro̞s,siːd,,,,,t̪ʰoχm,,,,fɹɛaː,sə.mɑ̃s,,ʃiːl,,seˈmɛnte̝,,,,,,,,,,ˈmɒɡ,sɛɾm,,,,,,,,,fraiː,ˈseme,,ta̠ne̞,,tʰɛsli,,,,,,g̥rāp´būj,,ɕ͈i,,,ˈtov,,,,ˈseː.men,zoːm,,,,,ˈsʲeːklɐ,,,,,,,,ur,,bəneh,zɛrˈrɪːja,ʔəsḭ,,,,,,zaːt,frøː,,,,ˈᵐbé.(w)u,,,,,,,,naˈɕɛ.ɲɛ,,sɨˈmẽtɨ,,,,səˈmɨntsə,ˈsʲemʲə,,bíː.d͡ʑɐ,,,,,,ˈsɛmɛnɔ,ˈsèːmɛ,,,,ˈfaːɾ,,,peo,,,,,,tuxm,ma˦˥.let̚˦˥.pʰan˧,,,,,,,,,,,,ˈsʲimjɐ,,,,hot̚˧˨ʔ,,,,,ˈzɔɪ̯mn̩,,,,ímbêːwu,
leaf,,,,blɑːr,,,,wa.ra.qa,,,,jɑrˈpɑχ,jɑpˈrɑq,lʲist,,,,,,*lo.ma,ˈde.ljɛ̃n,,ˈfu.ʎə,,,,,ˈlɪst,,,ˈdei̯lɛn,blad,blat,,,,ˈfilo̞,liːf,fo.ˈli.o,ˈoxa,,,bæɾɡ,,ˈlehti,,blɛaː,fœj,,ˈdʲɪloːɡ,,ˈfo.ʎɐ,,,ˈd̪olʲaɡ,,(ʔ)aˈla,,,,,ˈlɛveːl,tɛˈɾɛv,,,,,,,,,løyːv,ˈfɔʎʎa,,pa,,pʰɔtʰɔlɪ,,,,,,s̥lẏk,,ip̚,,,,,,,ˈfo.li.um,,,,,baɯ˩˨,,,,,,,,,,,daon,ˈwɛrʔɐ,ʔəjwɛʔ,,,,,,blɑt,,,,,ˈt͡sa.ᵐba,ˈfɥɛʎo,,,,,,,lʲiɕt͡ɕ,pɑˈɳa,ˈfo.ʎɐ,,,,ˈfrun.zə,lʲist,,,,,ˈlasːta,,,ˈlist,ˈlíːst,,,,,,,,,,,,aːku,,baj˧,,,ˈda.hon,,,jɑpˈɾɑk,,,,,,,pətːiː,,,laː˧˦,,,,,blat,,,,íːkʰaːsi,
root,,,,,,,,d͡ʒa.ða.ra,xia,,,kœk,tɑˈmɯ̞r,ˈkoranʲ,ˈkɔrɛn,,,,,*rt͡sa.ba,,,əˈrɛl,,,,,ˈkor̝ɛn,,,ɡwrai̯ð,roːd,ˈvʊʁt͡sl̩,,,,,ɹuːt,raˈdiko,raˈiθ,,,ɾeːʃæ,,,,ɹɔuːt,ʁa.sin,,fʲɾʲeːvˠ,,raˈiθ,,,,,ˈʃoʁɛʃ,d͡ʒəɽ,,,,ˈɟøkeːr,ɑɾˈmɑt,,,,,,,,,rouːt,raˈditʃe,,ne̞,,pʰɛsvi,,,,,,ṛs,,p͈uɾi,,,ˈɾɛh,,,,ˈraː.diːks,ˈvuə̯t͡səl,,,,hâːk,ʃɐkʲˈn̪ʲɪs̪,,,,,,,,untəs,,aka(r),,ʔəmjɪʔ,,,,,,ˈʋɔr.təl,ruːt,,,,ˈmu.zu,rraˈis,,,,,,,ˈkɔ.ʐɛɲ,,ʁa.ˈis,,,,,ˈkorʲɪnʲ,,,,,ˈruo̯htas,,,ˈkɔrɛɲ,kɔrɛˈnìːna,,,,rəːɲ,,,,,,,,ʋeːru,reʃæ,raːk̚˥˩,,,,,,,,,,,,ˈkɔrʲinʲ,d͡ʒəɽ,,,ze˦ˀ˥,,ʀɛ.sɛn,,,,,,,ímpâːnde,
bark,,,,bɑs,,,,li.ħaːʔ,ba.kɔ.li,,,,qɑˈβɯ̞q,kaˈra,koˈra,,,,,,,,əsˈkɔɾ.sə,,,,,ˈkuːra,,,ˈr̥ɪskl̩,bark,ˈbɔʁkə,,,,,bɑːk,arboˈʃelo,korˈteθa,,,,,ˈpuːŋˌkuɔri,,ˈpœɹ̥kʊɹ,e.kɔʁs,,ɾˠuːsˠk,,,,,ruːs,,,tʃʰaːl,,,,ˈkeːrɛɡ,kɛˈʁɛv,,,,,,,,kor.ti.t͡so,ˈpœr̥kʏr,korˈtettʃa,,,,kʰɛrkʰɪ,,,,qɑˈbəq,,,,na̠muk͈ʌ̹p̚t͡ɕ͈iɭ,,,,,,,ˈkor.teks,ʃuəl,,,,,ʒʲɪəˈvʲěː,,,,,,,,xɔɮtʰəs,,,,ʔəkʰaʊʔ,,,,,,sxɔrs,,,,,,,,,,,,,ˈkɔ.ra,,,,,,,kɐˈra,,ʋɐl̪.kɐ́,,,,,,ˈku̯o.ra,ˈlùːbjɛ,,,,,,,,,,,,,pɵːst,plɯa̯k̚˨˩,,,,,,,,,,,,,cʰal,,,vɔ˧˩,,,,,,,naŋ˨˦,,îːᶢǁʱôːlo,
flower,,,,,,aβəβa,,zah.ra,pʰul,,,t͡ʃiˈt͡ʃæk,sæsˈkæ,,t͡svʲat,,,,pʰul,*me.tok,blœ̃w,,ˈflɔ,,,,,ˈkvjɛt,,,ˈblɔdɨ̞n,,ˈblyːtə,,,,ˈanθɔs,ˈflaʊ.ə,ˈfloro,ˈfloɾ,,,ɡʊl,,ˈkukːɑ,,ˈblɔuma,flœʁ,blom,bˠl̪ˠɑː,,,,,,,,pʰuːl,,,,ˈviraːɡ,t͡sɑˈʁik,,,,,,,,,plouːm,,,pana,,qʼvɑvili,,,,,,p̥ʰkā,,k͈o̞t̚,,,,,,,floːs,blum,,,,dɔːk˨˩ mai˥˦,,,,,,,,,,,buŋə,ˈfjuːrɐ,páɴ,,,,,,blum,bluːm,,,,ˈɗu.(w)a,,,,,,,,kfʲat,ɡwəl,ˈfloʁ,,,,flo̯are,t͡svʲɪˈtok,,púʂ.pɐ,,,ˈraːssiː,,,ˈkvɛt,ˈtsʋéːt,,,,ˈlulɛ,,,,,blʊ.ma,,,puʋːu,ɡul,dɔːk̚˨˩,,,,,,tʃɪˈtʃɛc,,,,,ɡyl,ˈkʋʲitkɐ,pʰul,,,hwaː˧˧,,,,,blʊm,,,,ímbaːli,
grass,,,,,,,,ħa.ʃiːʃ,ɡʱãʱ,,,,ʏˈlæn,,trɛˈva,,,,,*rt͡sʷa,ˈɡɛwt,,ˈeɾ.bə,,,,,ˈtraːva,,,ˈɡlaswɛɬd,,ɡʁaːs,,,,,ɡɹɑːs,ˈherbo,ˈpas.to,,,sæbze,,ˈheinæ,,kɹɛaːs,ɛʁb,ɣɛːs,fʲeːɾˠ,ˈfiəɾ,ˈɛɾβa̝,,,feːə,,ˈdeʃe,,,,z,ˈfyː,χɔt,,,,,,,,,kraːs,ˈɛrba,,kɯ̟̊ᵝsa̠,,bɑlɑxi,,,,,,s̥mau,,,,,,,,,ˈher.ba,ɡʀaːs,,,,ɲaː˨˩,ʒoˈlʲeː,,,aʔit͡ʂạ,,,,,ows,,,ħɐˈʃiːʃ,mjɛʔ,,,,,,ɣrɑs,ɡrɑːs,,,,ˈu.d͡zú,ˈɛrβo,,,,,,,ˈtra.va,,ˈɡɾɐ̃mɐ,,,,ˈjar.bə,trɐˈva,,t̪ŕ̩.ɳɐ,,,ˈsitnuː,,,ˈtraːva,ˈtràːʋa,,,,baɾ,,,,,,,,ɡaɖːi,sæbzæ,jaː˥˩,,ɔt,daˈmo,,,ɔt,,,,,,,,,,kɔ˧˩,,,,,ɡʁɔz,,ɲɯ˥,,útʃâːni,
rope,,,,,,,,ħabl,zɔ.ɹi,,,,ɑrˈqɑn,vʲaˈrou̯ka,vəˈʒɛ,,,,,,kɔrdɛn,,ˈkɔɾ.də,,,,,,,,r̥aːf,tɔv,zaɪ̯l,,,,,ɹəʊp,ˈʃnuro,ˈkwerda,,,,,,,,kɔʁd,,tʲiad̪ˠ,,,,,,,ˈχe.vel,ɖoː.ɾiː,,,,ˈkøteːl,pɑˈɾɑn,,,,,,,,ˈkor.do,ˈreiːpɪ,ˈkɔrda,,,,tʰɔkʼɪ,,,,,,k̥ʰsae,,pa̠t̚t͡ɕ͈uɭ,,,,,,,ˈfuː.nis,zeːl,,,,,,,àwkla,,,,ˈjaʒɛ,,,,tali,,t͡ɕó,,,,,,,,,,,,,,,,,,,ˈlʲi.na,,ˈkɔɾ.dɐ,,,,,vʲɪˈrʲɵfkə,,,,,,,,ˈɫanɔ,,,,,liˈtaɾ,,,,,,,,,ærʁæmtʃin,t͡ɕʰɯa̯k̚˥˩,,,,,,,,,,,,,,,,zəj˧˧,,,,,,,,,íntaːmbo,
skin,,,,,,,,d͡ʒild,sal,,,dæˈri,tʲi.ˈrɪ̞,ˈskura,ˈkɔʒə,,,,,,ˈkʁoːχɛn,,ˈpeʎ,,,,,ˈkuːʒɛ,,,kroːɨ̯n,,haʊt,,,,ˈðɛɾma,skɪn,ˈhaw.to,,,,poːst,,ˈiho,,,po,,ˈkɾˠacən̪ˠ,,,,,ˈkraːɣən,,ɔʁ,t̪ʋə.t͡ʃɑː,,,,ˈbøːr,mɑʃk,,,,,,,,,huːð,ˈpɛlle,,,,kʼɑnɪ,,,,,,s̥paek,,sʰa̠ɭɡa̠t̚,,,ˈt͡ʃɛɾm,,,,ˈku.tis,hæu̯t,,,,,ˈôːd̪ɐ,,âːda,,,,,,arʲs,,kulet,ˈdʒɪldɐ,ʔəjè,,,,,,ɦœy̯t,,,,,ˈkʰu.ᵑɡú,pɛl,,,,,,,ˈsku.ra,,ˈpɛ.lɨ,,,,ˈpjele,ˈkoʐə,,,,,ˈlijːkiː,,,ˈkɔʒa,ˈkòːʒa,,,,ləkuɹə,,,,,hʉːd,ˈŋɡɔ.zi,,tʃarmamu,pɵːst,pʰiw˩˩˦.naŋ˩˩˦,,,ba.ˈlat,,,,,,,,,,t̪ʋətʃaː,,,zaː˧˧,,,,,heɪt,,naŋ˨˦,,isíkʰuːmba,
meat,,,,fləis,,,,laħm,maŋxɔ,,,,it,ˈmʲasa,mɛˈsɔ,,,,maŋʃo,*ɕa,,,ˈkaɾn,,,,,ˈmaso,,,kiːɡ,,flaɪ̯ʃ,,,,ˈkre̞as,miːt,viˈando,ˈkarne,,,ɡoːʃt,,ˈliɦɑ,,t͡ʃʰøːʰt,vjɑ̃d,flai̯s,fʲoːlʲ,,,,,feːlʲ,,bɔˈsɔr,ɡoːʃt̪,,,,ˈhuːʃ,mis,,,,,,,,,kʰjœːt,ˈkar.ne,,ɕiɕi,,xɔrtsi,,,,,,sāc´,,ko̞ɡi,,,,,,,ˈka.roː,fleːʃ,,,,,,,ɡaʎa,,,,,,max,,daɡeŋ,,ʔəθá,,çœt,,,,vleːs,çøːt,,,,ˈɲa.ma,,,,,,,,ˈmʲɛ̃.sɔ,ɣwaˈ.ʂa,ˈkaɻ.ne,,,,ˈkarne,ˈmʲasə,,mɑ̃ː.s̪ɐ́,,,ˈpie̯rːkuː,,,ˈmæso,mɛˈsóː,,,,miʃ,,,,,ɕœtː,,,,ɡɵːʃt,nɯa̯˦˥,,,,,,ɛt,,,,,,ˈmjɑsɔ,,,,tʰit̚˧˨ʔ,,,,,flɛɪʃ,,no˧,,íɲaːma,
blood,,,,blut,,,,,,,,ɡɑn,qɑn,,krɤf,,,,,*kʰrak,ˈɡwaːt,,ˈsaŋk,,,,,krɛv,,,ˈɡwaːi̯d,bloːd,bluːt,,,,ˈema,blʌd,ˈsanɡo,ˈsanɡɾe,,,xuːn,,ˈʋeri,,plɔuːw,sɑ̃,bluə̯t,fˠɪlʲ,,,,,folʲ,,,kʰuːn,,,,ˈveːr,ɑɾˈjun,,ˈsaŋ.ɡwi.ne,,,,sz̩˧,,,plouːð,ˈsan.ɡwe,,,,sisxli,,ðàkámɛ́,,ˈqɑn,,jʰām,,pʰi,,,,,,,ˈsan.ɡʷis,blut,,,,,krɒ͜úˑjæs,,asinis,,,,kr̩f,,t͡sʰʊs,,darah,dɛmː,θwé,,,,,,blut,bluː,,,,maˈɡa.zi,,,,,,,,krɛf,,ˈsɐ̃.ɡɨ,,,,ˈsɨn.d͡ʒe,krofʲ,,ɐ́.s̪r̩d͡ʑ,,,ˈvarra,,leː,ˈkr̩w,ˈkríː,,,,ɟ͡ʝak,,,,,,,,,xun,lɯa̯t̚˥˩,,ɡaːn,,,,ˈkɑn,,,,,,ˈkrɔu̯,,,,maw˧˦,,,,íɡ̊a̤ːz̥i̤,blʊt,,lɯːt˧,,íːɡaːzí,
bone,,,,,,,,ʕaðˁm,,,,syˈmyk,hʏ̞.ˈjæk,kosʲt͡sʲ,kɔst,,,,,,ˈas.kɔrn,,ˈɔs,,,,,kost,,,,knɔɡlə,ˈknɔχn,,,,o̞ˈsto̞,boʊn,ˈosto,ˈweso,,,ostoxɒn,,ˈluː,,bain,ɔs,,knɑːvʲ,,ˈɔso̝,,,kreːw,,ˈʕɛsˀɛm,ɦəɖ.ɖiː,,,,ˈt͡ʃont,vɔsˈkɔɾ,,,,,,,,,ˈpeiːn,ˈɔsso,,pone,,dzvɑli,,,,,,c̥ʰʾẏṅ,,,,,,,,,oːs,ʃɑŋk,,,,,ˈkä̂ˑʊ̯ɫɐs̪,,,,,,,,,,tulaŋ,ˈaˁːdmɐ,ʔəjó,,,,,,beːn,bæɪn,,,tsʔɪn,ˈfú.pa,ˈɔs,,,,,,,kɔɕt͡ɕ,,ˈo.su,,,,os,kosʲtʲ,,ɐ́s̪.t̪ʰi,,,ˈtaːkːtiː,,,ˈkɔsc,ˈkóːst,,,,,,,,,ˈbeːn,,,,ustuxɔːn,kra˨˩.duːk̚˨˩,,,,,,ceˈmic,,,,,,,,,,sɨəŋ˧˧,bom,,,,,,,,îːtʰâːmbo,
fat,,,,,,,,,,,,,,,,,,,tʃorbi,,,,,,,,,,,,ˈbrastɛr,fet,fɛt,,,,ˈli.pos,fæt,ˈɡraso,ˈɡɾasa,,,tʃærbiː,,,,ˈfiːtɪ,ɡʁɛs,,sˠail̠ʲ,,,,,,,,,,,,ˈʒiːr,t͡ʃɑɾp,,,,,,,,,ˈfɪːta,ˈɡras.so,,ɕibo̞ː,,tsχɪmɪ,,,,,,k̥ʰlāñ´,,t͡ɕiba̠ŋ,,,,,,maj,ˈa.deps,,,,,,rʲɪəbɐˈlɐɪ̯ˑ,,,,,,,,oːx,,,,ʔəsʰì,,,,,,vɛt,,,,,,,,,,,,,twuʂt͡ʂ,,ɡoɹ.ˈdu.ɾa,,,,,ʐɨr,amavûta,,,,,,,tuk,,,,,,,,,,fɛt,mɑˈfut.ɑ,,koʋːu,,kʰaj˩˩˦.man˧,,,,,,ˈj‿a,,,,,,,tʃərbiː,,,məː˦ˀ˥,,,,,,,,,ámafûːtʰa,
egg,,,,ˈəiər,,,,,kɔ.ni,,,jumurˈtɑ,kʏˈkæj,ˈjajka,jəiˈt͡sɛ,,,,ɖim,*zɡoŋ.ŋa,,,ˈɔw,,,,,ˈvɛjt͡sɛ,,,uːɨ̯,ɛːɡ,aɪ̯,,,,ta.oˈa,ɛɡ,ˈovo,ˈwebo,,,t̪ʰoχm,,,,ɛkː,œf,aːi̯,uː,u,ˈɔ.βʊ,,,au,,,ən.ɖɑː,,,,ˈtojaːʃ,d͡zu,,,,,,,,,ˈɛkː,ˈwɔ.vo,,ta̠ma̠ɡo̞,,kʼvɛrtsxi,,,,,,s′ut,,ta̠ɭɡja̠ɭ,,,,,ɔˑɪ,,ˈoː.wum,e,,,,kʰāi,,,uōla,,,,ˈjajt͡sɛ,,,,təlo(r),ˈbɐjdɐ,ʔṵ,,,,,,ɛi̯,ɛɡː,,,,ˈd͡zi.ɽa,,,,,,,,ˈja.jɔ,həɡəi,ˈo.vu,,,,ow,(j)ɪjˈt͡so,,,,,ˈmonniː,,,ˈvajt͡sɛ,ˈjàːjtsɛ,,,,,,,,,ɛɡː,,,ɡuɖːu,tuxm,kʰaj˨˩,,,ʔitˈloɡ,ˈlɪ.ɪ,,jumuɾˈta,,,,,,,,,,t͡ɕɨŋ˧˦,,,,íkǃaːⁿd̥ǎ̤,,,kʲai˧˥,,íːǃaːndá,
horn,,,,,,,,qarn,xiŋ,,,bujnuz,mʏ̞ˈɡʏ̞ð,,,,,,,,,,ˈba.ɲə,,,,,ˈrox,,,kɔrn,,hɔrn,,,,,hɔːn,,ˈkwerno,,,ʃɒx,,,,hɔtn,kɔʁn,,əiɾˠk,,ˈkɔɾno̝,,,,,,siːŋɡ,,,,ˈsɒrv,jɛʁd͡ʒˈjuɾ,,,,,,,,,hɔrtn,ˈkɔr.no,,ka̠do̞,,rkʰɑ,,ɾòheǎ,,,,s̥naeṅ,,p͈uɭ,,,,,,,ˈkor.nuː,,,,,kʰao˩˨,ˈrä̌ːɡɐs̪,,ɾaks,,,,,,ewər,,,,d͡ʑò,,,,,,ɦoːrn,hʊrn,,,,,,,,,,,,ruk,,ˈʃi.fɾɨ,,,,korn,rok,,ɕr̩ŋ.ɡɐ́,,,ˈt͡ʃoɑ̯rːviː,,,ˈrɔx,ˈróːk,,,,,,,,,,,,,ʃɔːx,kʰaw˩˩˦,,,,,,,,,,,,,sĩɡ,,,sɨŋ˨˩,,,,,,,,,úːpʰoːndo,
tail,,,,,,,,ða.nab,nɛz,,,ɡujˈruɣ,qʊ̞j.ˈrʊ̞q,xvost,,,,,,,,,ˈku.ə,,,,,ɔtsas,,,ˈkənfɔn,haːlə,ʃvant͡s,,,,,teɪl,ˈvosto,ˈkola,,,dæm,,ˈhæn̪t̪æ,,,kø,,ˈɾˠɨbˠəl̪ˠ,,ˈraβo̝,,,,,,pũːt͡ʃʰ,,,,ˈfɒrok,pɔt͡ʃʰ,,,,,,,,,ˈhaːlɪ,ˈkoda,,ɕip̚po̞,,kʼudi,,,,qʊjˈrəq,,kn̥duy,,k͈o̞ɾi,,,,,,,ˈkau̯.da,,,,,,,,astɛ,,,,ˈɔpaʃka,,,,eko(r),,ʔəmí,,,,,,staːrt,,,,,ˈmt͡ʃí.ɽa,,,,,,,,ˈɔ.ɡɔn,,ˈʁa.bu,,,,ˈkʷadə,xvost,,,,,,,,ˈxvɔst,ˈrɛ́p,,,,,,,,,svans,,,,dum,haːŋ˩˩˦,,,,,,kujɾuc,,,,,,,,,,ʔɗuəj˧˧,,,,,,,,,úm̩sîːla,
feather,,,,,,,,,pakʰi,,,,qɑ.wɯ̞r.ˈhɯ̞n,,,,,,,,,,,,,,,ˈpɛːro,,,plɨː,fjeːr,ˈfeːdəʁ,,,,,ˈfɛð.ə(ɹ),ˈplumo,ˈpluma,ˈsulʲɡ̊,,por,,,,ˈfjøːvʊɹ,plym,,ˈclʲɛtʲə,,ˈplumɐ,,,,,,,,,,ˈtolː,pʰɛˈtuɾ,,,,,,,,ˈplu.mo,fjœːðʏr,ˈpjuma,,ha̠ne̞,ˈwu.lu,,,,,,,s̥lāp,,kit̚,,,,,,,ˈpluː.ma,ˈfie̯deʀ,,,,,,,spālva,,,,,,,,,ˈriːʃ,ʔətàʊɴ,,,,,,veːr,fjøːr,,,,ˈⁿtʰe.ᵑɡa,,,,,,,,ˈpʲu.rɔ,,,,,,fulɡ,pʲɪˈro,,,,,,,,,pɛˈróː,,,,,,,,,,,,iːka,pær,kʰon˩˩˦.nok̚˦˥,,,,,,tyj,,,,,,peˈrɔ,,,,ləwŋ͡m˧˧ vu˦ˀ˥,,,,,,,,,úːpʰaːpʰé,
hair,,,,,,,,ʃa.ʕa.ra,suli,,,sɑt͡ʃ,sæs,ˈvoɫas,koˈsa,,,,tʃul,,,,kəˈbəʎ,,,,,ˈvlasɪ,,,ɡwaːɬd,,haːɐ̯,,,dæ,,hɛə,ˈharo,kaˈbeʎo,,,mo,,,,hɔaːɹ,ʃə.vø,,ɡɾˠuəɟ,,kaˈβ̞elʊ,,,,,sa.ʔaˈʁa,bɑːl,,,,ˈhɒj,,,,,,,,,ˈharo,hauːr,,,,,tʰmɑ,,,,,,sk´,,mʌ̹ɾikʰa̠ɭ,,,,,,,ˈko.ma,hoː(e)ʀ,,,,,,,mats,,,,ˈkɔsa,,,,rambot,ʃaˁːr,zəbɪ̀ɴ,,,,,,ɦaːr,hoːr,,,ɑ̀t͡sʰìːɣɑ̀ʔ,,,,,,,ʋɑːl,,ˈvwɔ.sɨ,,kɐ.ˈβe.lu,,,,,ˈvoləsɨ,,kɐ́j.ɕɐ,,,,,,,ˈláːs,,,,ˈcimɛ,,,,,hoːr,,,,,pʰom˩˩˦,,,bu.ˈhok,,,sat͡ʃ,,,,,,wɔˈlɔsʲːɐ,bɒːl,,,tawk͡p̚˧˦,,,,,hɔʁ,,,,ûːnwéːle,
head,,aχˁə́,,,,ras̪,,ra.ʔa.sa,muɹ,,,bɑʃ,ˈbɑʂ,ɣaɫaˈva,ɡləˈva,,,,mat̪ʰa,*mɡo,pɛ̃n,,ˈkap,kuə.rtə,,ˈkabu,,ˈɦlava,,,pɛn,hoːvəd,kɔpf,,,,ce̞ˈfali,hɛd,ˈkapo,kaˈbeθa,,bu.ɾu,sæɾ,,pæː,,hœtː,tɛt,ˈholə,caun̪ˠ,,ˈtɛsta̝,,,caun,,ʁɔʃ,sɪɾ,,,,ˈfɛj,ɡəˈluχ,,,kə.pa.la,,,,,,hœːvʏθ,ˈtɛs.ta,,a̠ta̠ma̠,,tʰɑvi,,keɔ̀ᵑɡɔ̌,,,,k̥pāl,,mʌ̹ɾi,,,,,pɛnː,,ˈka.put,,,,,hua˩˨,,,ɡâlva,,,,,,tʰɔɮɢɔi,,kəpalə,ˈrɐːs,ɡáʊɴ,,,,,,ɦoːft,,,,,ˈmu.tú,kap,,,,,,,ˈɡwɔ.va,,kɐ.ˈβe.sɐ,,,,kap,ɡəlɐˈva,umutwê,,,,ˈoɑ̯jːviː,,,ɦɫava,ˈɡlàːʋa,,,,kɔkə,,,,,ˈhʉːˌvɵd,,,tala,sær,hua̯˩˩˦,,baʃ,,,,ˈbɑʃ,,,,,,ɦɔlɔˈu̯ɑ,,,,ʔɗəw˨˩,,,,íⁿtɬóːko,,,kʲau˥,,îːkʰâːnda,
ear,,,,ʊər,,,,ʔu.ðun,kan,,,,qʊ̞ˈɫɑq,ˈvuxa,uˈxɔ,,,,,*rna.ba,skwaʁn,,oˈɾə.ʎə,,,,,ˈuxo,,,klɨːst,øːrə,oːr,,,,aˈfti,ɪə̯,oˈrelo,oˈido,kˈɤrv,,ɡoːʃ,,ˈkorʋɑ,,ˈɔira,ɔ.ʁɛj,,klˠuəsˠ,,,,,kleːʃ,,,kɑːn,,,z,ˈfyl,ɑˈkɑnd͡ʒ,,,,,,,,oˈrelo,ˈeira,ɔˈrekkjo,,mʲimʲi,,,,,,,,t̥rciak,,kɥi,,,,,ˈskɔvarn,,ˈau̯.ris,ˈəʊ̯ɐ,,,,,ɐʊˈsʲɪs,,àws,,,,ˈuvɔ,,t͡ɕʰix,,təliŋə,ˈwɪdnɐ,ná,,,,,,oːr,,,,,ˈkʰu.tú,awˈɾeʎo,,,,,kənː,,ˈu.xɔ,ɣwaɡ,o(w).ˈvi.ðu,,,,uˈre.ke,ˈuxə,uɡutwî,,,,ˈpea̯ʎːʎiː,,,ˈu.xɔ,uˈxóː,,,,,,,,,øːra,,,tʃeʋi,ɡɵʃ,huː˩˩˦,,ɡʰulak,,tsɛ.bɛ,,ku.ˈɫɑk,,,,,,ˈwuxɔ,,,,taːj˧˧,,,,íⁿd̥ɮe̤ːɓé,ˈɔɪ.əʁ,,ɣɯ˧˩,,ínɮeːɓé,
eye,,,,oəχ,,,,ʕaj.ja.na,sɔku,ber,,,kʏð,ˈvoka,oˈkɔ,,,,tʃokʰ,*mik,ˈla.ɡat,,ˈuʎ,,,,,ˈoko,,,ˈɬəɡad,øjə,ˈaʊ̯ɡə,,mik̚˥.to˥,,ˈmati,aɪ,oˈkulo,ˈoxo,,,tʃʰæʃm,,ˈsilmæ,,ˈɛiːja,œj,ɪə̯x,sˠuːlʲ,s̪uːl,ˈoʎʊ,,,suːlʲ,,ˈajin,ɑ̃ːkʰ,,,,ˈsɛm,ɑt͡ʃʰkʰ,,ˈo.ku.lo,,,,,,oˈkulo,ˈøyːɣa,ˈɔk.kjo,,ma̠,,tʰvɑli,,ɾiìðɔ́ꜜ,,,,b̥ʰnaek,,nun,,,,,ˈlaɡas,,ˈo.ku.lus,a,,,,taː˩˨,ɐˈkʲɪs,,ats,,,,ˈɔkɔ,,,,matə,aˁːjn,mjɛʔsḭ,,,,,,oːx,²æʉɡə,,,,ˈɗí.so,,,,,,əkːʰ,,ˈɔ.kɔ,st̪ərˈɡa,ˈo.ʎu,,,,okʲ,ɡlas,,,,,ˈt͡ʃalːpmiː,,,ˈɔkɔ,ɔˈkóː,,,,sɒj,,,,,ˈøːˌɡa,,,kan̪ːu,tʃaʃm,taː˧,,ɡœð,,,,ɟøz,,,,,køz,ˈɔkɔ,ɑ̃ŋkʰ,,,mat̚˧˦,,,,íliːsó,,,ta˨˦,,îːsó,
nose,,,,nɪøs,,,,ʔanf,nak,,,buˈrun,tɑˈnɑw,,nɔs,,,,,*zna,ˈfriː,,ˈnas,,,,,nos,,,truːɨ̯n,ˈnɛːsə,ˈnaːzə,,,,ˈmiti,nəʊz,ˈnazo,naˈɾiθ,,,,,ˈnenæ,,nøːs,ne,,sˠɾˠoːnˠ,s̪t̪ɾɔːn,naˈɾiθ,,,st̪rudʲnʲ,,ʔaf,naːk,,,,ˈorː,kʰitʰ,,,,,,,,ˈnazo,nɛːv,ˈna.zo,,,,tsxviri,,,,,,c̥rmuḥ,,kʰo̞,,,,,,,,nuəs,,,,daŋ˩˧,,,,,,,,,,nak,hidoŋ,,n̥əkʰáʊɴ,,,,,,nøːs,,,,,ˈᵐpʰu.no,,,,,,,,nɔs,,nɐˈɾiʃ,,,,,nos,izûːru,,,,,,,,ˈnóːs,,,,,,,,,ˈnɛːsˌa,,,,biˈniː,t͡ɕa˨˩.muːk̚˨˩,,,ʔi.ˈlɔŋ,,,buˈɾun,,,,,,,,,,muj˦ˀ˥,nud,,,,,,,,íːkʰaːla,
mouth,,,,mɔnt,,,,fam,mukʰ,,,ɑˈɣɯz,ɑˈwɯ̞ð,rot,usˈta,,,dáà,mukʰ,*kʰa,ˈɡɵ̃ː.nu,,ˈbo.kə,,,,,ˈuːsta,,,keːɡ,mon,mʊnt,,kʰɑ˥,,,maʊθ,ˈbuʃo,ˈboka,,,d̪æˈhɒːn,,ˈsuː,,,buʃ,ˈmulə,bʲia̯l̪ˠ,piaɫ̪,,,,ˈbiəl,ˈbàː.kíː,,mũːʱ,,,,ˈsaːj,bɛˈɾɑn,,,,,,,,ˈbo.ko,ˈmʏnːʏr,ˈbokka,,kutu,,pʼiri,,kanua,,,,māt´,,ip̚,,,ˈdɛv,,,,oːs,mont,,,,,bʊrˈnɐ,,mutɛ,,,,,,am,,mulot,ħɐlʔ,pəzaʔ,,,,,,mɔnt,,,,,ˈka.mʷa,buko,,ɐfɑːn,,,,,ˈu.sta,xwlə,ˈbo.kɐ,,,,,rot,,ɑ́ːs̪,,,,,,ˈuːsta,ˈùːsta,,,,ˈɡɔjə,,,,,mɵn,,,noːru,dæˈhɔːn,paːk̚˨˩,,aɡɯð,,,,aːɯz,,,,,,ˈrɔt,,,,miəŋ˧˨ʔ,mud,,,úḿ̩loːmo,,,paːk˧˥,,uḿ̩loːmo,
tooth,,,,,,,,san.na,dãt,,,diʃ,tɪ̞ʃ,,zɤp,,,,d̪ɑt̪,*so,,,ˈdent,,,,,zup,,,dant,tan,t͡saːn,,,,ˈðɔndi,tuːθ,ˈdento,ˈdjente,,,dændɒːn,,ˈhɑmːɑs,,tʰɔnː,dɑ̃,,ˈfʲiəkəlʲ,,,,,,,,d̪ɑ̃ːt̪,,,,ˈfoɡ,ɑˈtɑm,,,ɡi.ɡi,,,dʐz̩˧,,ˈden.to,tʰœnː,ˈdɛnte,,ha̠,,kʼbili,,ìɣɛ̀ɣɔ̀ꜜ,,,,d̥ʰmeñ,,i,,,,,,,dens,,,,,kʰɛːw˨˩,,,zùops,,,,,,ʃud,,ɡiɡi,ˈsɪnːɐ,θwá,,,,,,tɑnt,tɑnː,,,,ˈd͡zí.no,,,,,,d̪ənd̪,,zɔmp,ɣɑʂ,ˈdẽ.tɨ,,,,ˈdinte,zup,,d̪ɐ́n̪.t̪ɐ,,,,,,ˈzup,ˈzóːp,,,,,,,,,ˈtand,,,pan̪ːu,dændɔːn,fan˧,,diːʃ,,,,diʃ,,,,,t͡ʃiʃ,,d̪ãt̪,,,zaŋ˧˧,,,,,tsɔn,,heːu˥,,îːzîːɲo,
tongue,,,,,,,,li.saːn,zi.bʱa,,,dil,tɪ̞l,jaˈzɨk,ɛˈzik,,,,,*lt͡ɕe,ˈtɛwt,,ˈʎəŋ.ɡwə,mʷɔt,,,,ˈjazɪk,,,ˈtavɔd,tɔnɡə,ˈtsʊŋə,,,,ˈɣlosa,tʌŋ,ˈlanɡo,ˈlenɡwa,kˈeːl,,zæˈbɒ(ː)n,,ˈkie̯li,,ˈtʰʊŋka,lɑ̃ɡ,,ˈtʲaŋə,tʰʲɛŋɡə,,,dʒibʱ,ˈtʃɛnʲə,,laˈʃɔn,dʒiːbʱ,,,,ˈɲɛlv,lɛˈzu,,ˈliŋ.ɡwa,,,,,,ˈlanɡo,ˈtʰuŋka,ˈliŋ.ɡwa,,ɕi̥ta̠,,ɛnɑ,,,,tɪl,,ʾṇ̥ṭāt,,çjʌ̹,,,ˈzɯmɑːn,,,,ˈlin.ɡʷa,t͡soŋ,,,,,,,mɛ̀ːlɛ,,,,ˈjazik,,xiɮ,,lidah,,ʃà,,,,,,tɔŋ,,,,,ɽiˈɽí.me,ˈleŋɡo,,,,əvˈʒak,,,ˈjɛ̃.zɨk,ˈʒəbə,ˈlĩ.ɡwɐ,,,,ˈlimbə,(j)ɪˈzɨk,,d͡ʑiɦ.ʋɑ́ː,ˈlimba,,ˈɲuo̯vtt͡ʃa,,,ˈja.zik,ˈjɛ̀ːzik,,,,ˈɟʑuhə,,,,,ˈtɵŋˌa,,,,zæˈbɔːn,lin˦˥,,,ˈdi.laʔ,,,ˈdil,,,,,,jɐˈzɪk,dʒiːbʱ,,,lɨəj˦ˀ˥,,,,,tsʊŋ(ɡ),,lin˦˨,,ûːlîːmi,
fingernail,,,,,,,,ðˁufr,,,,dɯrˈnɑχ,tɯ̞rˈnɑq,paˈznoɣat͡sʲ,ˈnɔkət,,,,nɔːkʰ,,,,ˈuŋ.ɡlə,,,,,,,,,najl,ˈfɪŋɐnaːɡl̩,,,,ˈniçi,ˈfɪŋɡɚˌneɪl,,ˈu.ɲa,,,nɒːxon,,ˈsormi,,,ɔ̃ɡl,,,,,,,,,,,,,,ˈkørøm,jɛˈʁunɡ,,,,,,,,,nœkl,ˈun.ɡja,,t͡sɨᵝme̞,,pʰrtʃxili,,,,,,,,sʰo̞ntʰo̞p̚,,,,,,,ˈun.ɡʷis,ˈfaŋeʀˌnoːl,,,,,,,,,,,nɔkt,,xʊms,,kuku,,lɛʔθɛ́,,,,,,,,,,,kʰáˈɗa.ɓo,,,,,,,,pazˈnɔ.kʲɛt͡ɕ,,ˈu.ɲɐ,,,,,ˈnoɡətʲ,,n̪ɐ.kʰɐ́,,,,,,ˈɲɛxt,ˈnóːxt,,,,,,,,,,,,ɡoːru,nɔːxun,lep̚˦˥.mɯː˧,,,,,,,,,,,,,,,,mawŋ͡m˧˦,,,,,,,,,úːziːpʰo,
foot,,,,,,,,ra.d͡ʒi.la,,,,ɑˈjɑχ,,naˈɣa,stəˈpalo,,,,,,,,ˈpɛw,,,,,ˈnoɦa,,,troːɨ̯d,foːd,fuːs,,,,ˈpoði,fʊt,piˈedo,pje,,,pɒː,,ˈjɑlkɑ,,ˈfɔuːtʊɹ,pje,,kɔsˠ,kʰas,ˈpɛ,,,,,ˈʁɛɡɛl,pɛːɾ,,,,ˈlaːb,vɔtkʰ,,,,,,,,ˈpedo,,ˈpjɛde,,a̠ɕi,,pʰɛxi,,,,,,joeṅ,,pa̠ɭ,,,ˈpiː,,troːz,,peːs,fou̯s,,,,,,,,,,,,,,,kaki,,t͡ɕʰè/,/t͡ɕì,,,,,,vut,fuːt,,,,ˈpʰa.zí,pɛ,,,,,pɛːɾ,,ˈstɔ.pa,,ˈpɛ,,,,piˈt͡ʃjor,nɐˈɡa,,pɐ́d̪,,,,,,ˈnɔɦa,stɔˈpàːlɔ,,,,kəm.bə,,,,,fuːt,,,,pɔːj,tʰaːw˦˥,,,,,,ɑˈjɑk,,,,,,,,,,ʔɓaːn˨˩ t͡ɕən˧˧,,,,,fʊs,,tin˨˦,,úːɲaːwo
leg,,,,,,,,ra.d͡ʒi.la,bʱɔ.ɹi,,,,ɑˈjɑq,naˈɣa,krak,,,,pa,*rkaŋ.pa,ˈɡɑːr,,ˈka.mə,,,ˈãka,,ˈnoɦa,,,koːɨ̯s,beːn,baɪ̯n,,,,ˈpoði,lɛɡ,ˈkruro,ˈpjerna,,,pɒː,,ˈjɑlkɑ,,,ʒɑ̃b,skoŋk,kɔsˠ,kʰas,,,,,,ˈʁɛɡɛl,,,,,ˈlaːb,vɔtkʰ,,,,,,,,,ˈfouːtʏr,ˈɡamba,,kʲa̠kɯ̟ᵝ,,pʰɛxi,,kòɣòɾòꜜ,,,,joeṅ,,ta̠ɾi,,,,,ɡarː,,kruːs,,,,,kʰaː˩˨,,,kāːja,,,,,,,,kaki,ˈrɪd͡ʒɛl,t͡ɕʰèdaʊʔ,,,,,,beːn,bæɪn,,,,ˈmʷe.ⁿdo,ˈkambo,,,,,,,ˈnɔ.ɡa,,ˈpɛɾ.nɐ,,,,,nɐˈɡa,ukuɡuru,,,,,,,ˈnɔɦa,nɔ̀ːɡa,,,,kəm.bə,,,,,ˈbeːn,,,kaːlu,,kʰaː˩˩˦,,,,,,badʒak,,,,,,,,,,t͡ɕən˧˧,,,,,fʊs,,ka˨˦,,uḿ̩leːnze,
knee,,,,,,,,ruk.ba,atʰu,,,,tuˈβɯ̞q,kaˈlʲena,koˈlʲano,,,,ˈɦaʈu,,ˈɡliːn,,ʒəˈnoʎ,,,djiˈnɔtju,,ˈkolɛno,,,,,kniː,,,,ˈɣɔnatɔ,niː,,roˈdiʎa,,,zɒːˈnuː,,ˈpolʋi,,knɛaː,ʒə.nu,,ɡl̪ˠuːnʲ,,ʃeˈonʎo̝,,,ɡlʲuːnʲ,,,ɡʱʊʈ.nɑː,,,,ˈteːrd,t͡suŋk,,,,,,,,ˈɡe.nu.o,n̥jɛː,dʒiˈnɔkkjo,,çiza̠,,muxli,,,,,,jṅ̥gṅ´,,muɾɯp̚,,,,,,,ˈɡe.nuː,knɜɪ̯,,,,,ˈkʲæ̌ːlʲɪs,,tsɛlis,,,,,,owtəɡ,,lutot,,dú,,,,,,kni,,,,,ˈɓó.ⁿdo,(d)ʒeˈnul,,,,,,,kɔˈla.nɔ,,ʒu.ˈe.ʎu,,,,dʒeˈnunkʲ,kɐˈlʲenə,,d͡ʑɑ́ː.n̪u,,,,,,ˈkɔlɛnɔ,kɔˈlèːnɔ,,,,,,,,,,,,,zɔːnu,kʰaw˨˩,,d̪ɯːð,,,,,,,,,tiz,,,,,ʔɗəw˨˩ ɣoj˧˦,,,,íd̥o̤ːlo,knɪ,,,,íːdoːlo,
hand,,,,,,,,jad,,,,,quɫ,,rəˈka,,,,ɦat̪,,ˈdɔʁn,,ˈma,,,,,ˈruka,,,ɬaːu̯,hɔnˀ,hant,,,əsɪ,ˈçeɾi,hænd,ˈmano,ˈmano,kæsi,,dæst,,ˈkæsi,,hɔnt,mɛ̃,,l̪ˠɑːvˠ,ɫ̪ãːv,,,,,,jad,ɦaːt̪ʰ,,,mɜ̃,ˈkeːz,d͡zɛrkʰ,,ˈma.no,taŋan,,,,,,hœnt,ˈmaːno,,,,χɛlɪ,,ɣuɔ̀kɔ́ꜜ,,qol,,ṭai,,sʰo̞n,,,,,,,ˈma.nus,hant,,,,mɯː˦˥,ɾɐŋˈkɐ,,ɾùoka,,,,,,ɢar,,taŋan,,lɛʔ,,han,,,,ɦɑnt,hɑnd,,,,ˈd͡za.ⁿd͡ʒa,ma,,,,,,,ˈrɛŋ.ka,lɑs,ˈmɐ̃w̃,,,,ˈmɨ.nə,rʊˈka,ikiɡaːnza,ɦɐ́s̪.t̪ɐ,,,,,,ˈruka,rɔ̀ːka,,,,dɔɹ,,,,,hand,,,,,mɯː˧,,,,,,el,,,,,,rʊˈkɑ,ɦat̪ʰ,,,taj˧˧,nam,,,ísáːⁿd̥ɮa̤,hant,,mɯ˧˩,,isáːnɮa,
wing,,,,,,,,d͡ʒa.naːħ,dɛu.ka,,,ɡɑˈnɑd,qɑˈnɑt,krɨˈɫo,kriˈlɔ,,,,,,ˈas.kɛl,,ˈa.lə,,,,,kr̝̊iːdlo,,,ˈadai̯n,,ˈflyːɡl̩,,,,,wɪŋ,fluɡˈilo,ˈala,,,bɒːl,,,,ˈvɔŋkʊɹ,ɛl,,ˈʃcɪhɑːn,,aː,,,ˈskiːən,,kaˈnaf,,,,z,ˈsaːrɲ,tʰɛv,,,,,,,,,ˈvaiŋkʏr,ˈala,,t͡sɨᵝba̠sa̠,,pʰrtʰɑ,,,,qɑˈnɑt,,s̥lāp,,na̠ɭɡe̞,,,,,,,ˈaː.la,,,,,,,,spàːɾns,,,,,,,,,ˈd͡ʒwɪːnɐħ,ʔətàʊɴ,,,,,,,,,,,ˈpʰi.ko,,,,,,,,ˈskʂɨ.dwɔ,,ˈa.zɐ,,,,,krɨˈlo,,,,,ˈsoɑ̯ɟɟiː,,,ˈkriːdɫɔ,ˈkrìːlɔ,,,,kɾa,,,,,ˈvɪŋˌɛ,,,rekːa,bɔːl,piːk̚˨˩,,,,,,,,,,,,,,,,kajŋ̟˧˦,fli.ˈtɛm,,,,,,fɯːt˧,,íːpʰiːɠo,
belly,,,,,,,,ba.tˁa.na,pɛt,,,,,,koˈrɛm,,,,,,ˈkofː,,ˈbuk,,,,,ˈbr̝ɪxo,,,,,baʊ̯x,,,,,bɛli,ˈventro,bäˈriɣä,kˈɤht,,ʃeˈkʲæm,,ˈmɑhɑ,,,vɑ̃tʁ,,ˈbˠɔlˠəɡ,,banˈduʎo̝,,,,,,peːʈ,,,,ˈhɒʃ,pʰɔɾ,,,,,,,,,ˈmaːjɪ,ˈpan.t͡ʃa,,wi,,mutsɛli,,ⁿdàꜜ,,,,k̥rbḥ,,pe̞,,,,,,,abˈdoː.men,,,,,,,,,,,ˈpʉːkʉː,mɛf,,,,pərot,zɐʔ,baɪʔ,,,,,,bœy̯k,,,,,ˈmí.ᵐba,,,,,,,,bʐux,nas,bɐ.ˈʁi.ɡɐ,,,,,ʐɨˈvot,,,,,,,,ˈbruxɔ,ˈtrèːbux,,,,,,,,,²mɑːɡɛ,,,poʈːa,ʃikæm,tʰɔːŋ˦˥,,,,,,,,,,,,,,,,ʔɓʊwŋ͡m˧˨ʔ,bɛˈlid,,,,bɔɪχ,,,,isíːsu,
guts,,,,,,,,,,,,,,,,,,,,,,,,,,,,,,,,,ˈaɪ̯nɡəvaɪ̯də,,,,,ɡʌts,,,,,,,,,,ɑ̃t.ʁaj,,ˈɪn̠ʲiː,,,,,,,,,,,,ˈbeːl,pʰoɾoˈtikʰ,,,,,,,,,,,,,,,,,,,,,,,,,,,,,,,,,,,,,,,,,ˈt͡srɛva,,,,,,ʔù,,,,,,,,,,,,,,,,,,,,,,,,,,kʲɪʂˈkʲi,,,,,,,,,,,,,,,,,,,,,,,,,,,,,,,,,,,,,,,,,,,,,,,,,
neck,,,,,,,,,di.ŋi,,,,mu.ˈjɯ̞n,,ˈʃijə,,,,,,,,ˈkɔʎ,,,,,kr̩k,,,ɡʊðv,hals,hals,,,,,nɛk,ˈkolo,ˈkweʎo,,,ɡærdæn,,ˈkɑu̯lɑ,,,ku,,ˈmˠɪnɑːl,,pesˈkoθo̝,,,,,,,,,,ˈɲɒk,viz,,,,,,,,,hauls,ˈkɔl.lo,,kɯ̟ᵝbʲi,,kʼisɛri,,,,,,k,,mo̞k̚,,,,,,,ˈkol.lum,,,,,,ˈkä̌ːklɐs̪,,,,,,vrat,,xut͡su,,lehe(r),,lɛ̀bɪ́ɴ,,,,,,,hɑls,,,,ˈkʰo.si,,,,,,,,ˈʂɨ.ja,,pɨʃ.ˈko.su,,,,ɡɨt,ˈʂɛjə,,ɡɽiː.ʋɑ́ː,,,,,,kr̩k,ˈʋráːt,,,,ˈcafə,,,,,,,,,ɡærdæn,kʰɔː˧,,,,,,,,,,,,ˈʃɪjɐ,,,,ko˧˩,,,,,haldz,,ho˧˩,,íntaːmo,
back,,,,rœχ,,,,ðˁa.ha.ra,pi.tʰi,,,,ɑrˈqɑ,ˈsʲpʲina,ɡrɤp,,,,,,ˈkɛjn,,əsˈkə.nə,,,,,ˈzaːda,,,,,ˈʁʏkn̩,,,ˈdʒɪmɛ,,bæk,ˈdorso,esˈpal.da,,,pʰoʃt̪ʰ,,ˈse̞lkæ,,,do,rɛːx,d̪ˠɾˠiːmʲ,kʰuːɫ̪,ˈlombo̝,,,d̪riːm,,,piːʈʰ,,,,ˈhaːt,mɛt͡ʃʰkʰ,,,,,,,,ˈdorso,paːk,ˈskjɛna,,,,zurɡi,,,,,,k̥ʰnṅ,,tɯŋ,,,,,,,ˈdor.sum,ʀek,,,,laŋ˩˧,ˈn̪ʊɡɐrɐ,,,,,,ɡr̩p,,,,bəlakaŋ,,t͡ɕɔ́,,,,,,rʏx,,,,,mˈsá.na,,,,,,,,ˈplɛ.t͡sɨ,,ˈkɔs.tas,,,,,spʲɪˈna,,,,,,,,ˈxr̩baːt,ˈxərbət,,,,ʃpiːn,,,,,rʏɡ,,,,puʃt,laŋ˩˩˦,,,,,,,,,,,,,,,,lɨŋ˧˧,bɛk,,,,,,,,uḿ̩ɬaːné,
breast,,,,bɔ(ː)rs,,,,,,,,,im.ˈsæk,,ɡərˈda,,,,,,,,ˈpit,,,,,pr̩s,,,brɔn,brøst,bʁʊst,,,no,ˈstiθos,bɹɛst,ˈmamo,ˈpet͡ʃo,,,pʰesˈt̪ʰɒːn,,ˈrin̪t̪ɑ,,brœst,sɛ̃,,,kʰʲiəx,,,,,,ʃad,,,,,ˈmɛlː,kuɾt͡skʰ,,,,,,,,ˈmamo,prjoust,,,mɯ̟ᵝna̠,,dzudzu,,,,,,ṭoḥ,,juba̠ŋ,,,,,,,ˈmam.ma,,,,,tuː˥˦,,,,,,,ˈɡrada,,,,,,no̰,,,,,,bɔrst,,,,,ˈɓé.ɽe,,,,,,,,pʲɛrɕ,,ˈsɐj.u,,,,pjept,ɡrutʲ,,,,,ˈt͡ʃidːd͡ʒiː,,,ˈpr̩sɲiːk,,,,,,,,,,,,,t͡ʃan̪ːu,,taː˥˩.nom˧,,,,,,,,,,,,,pɪst̪an,,,vu˧˦,,,,íɓéːle,,,,,îːɓéːle,
heart,,,,,,l̪əbb,,qalb,dil,,,ɡælb,jʏ̞.ˈræk,ˈsert͡sa,sərˈt͡sɛ,,,,,*zȵiŋ,ˈkalɔ̃n,,ˈkɔr,,,,,ˈsr̩t͡sɛ,,,ˈkalɔn,jɛrtə,hɛʁts,,,,karˈðʝa,hɑːt,ˈkoro,koɾaˈθon,,,del,,ˈsydæn,,ˈjaɹ̥ʈa,kœʁ,hɛt,kɾˠiː,,,,,kriː,,,d̪ɪl,,,,ˈsiːv,siɾt,,,d͡ʒan.tʊŋ,,,,,kor.di.o,ˈçar̥ta,ˈkwɔːre,,ɕĩnd͡zo̞ː,,ɡuli,,,,,,peḥṭūṅ,,,,,,,,,kor,,,,,tɕai˩˨,ʃʲɪrʲˈdʲɪs,,sîɾts,,,,ˈsr̩t͡sɛ,,,,d͡ʒantoŋ,ˈʔɐlp,n̥əlóʊɴ,,,,,,ɦɑrt,²jɑrtə,,,,mˈtí.ma,kɔr,,,,,d̪ɪl,,ˈsɛr.t͡sɛ,zɻə,ko.ɾa.ˈsɐ̃w̃,,,,ˈinimə,ˈsʲert͡sə,,ɦŕ̩.d̪ɐ.jɐ,,,ˈvaːjːpmuː,,,sr̩tsɛ,sərˈtséː,,,,ˈzɛməɾ,,,,,ˈjɛrˌta,,,,dil,hua̯˩˩˦.t͡ɕaj˧,,,,,,jyˈɾɛc,,,,,,ˈsɛrt͡se,,,,tim˧˧,,,,íⁿtɬízǐ̤ːjo,,,θim˨˦,,ínɬizíːjo,
liver,,,,,,,,kab.ba.da,,,,,bɑˈwɯ̞r,ˈpʲet͡ʂanʲ,ˈtʃɛrɛn drɔp,,,,,,ˈɑːvy,,ˈfe.d͡ʒə,,,,,ˈjaːtra,,,ˈavɨ̞,leːvər,ˈleːbɐ,,,,,lɪvə(ɹ),heˈpato,ˈiɡado,,,dʒeɡæɾ,,ˈmɑksɑ,,ˈliːvʊɹ,fwa,,eː,,,,,eːn,,,,,,,ˈmaːj,ljɑɾtʰ,,,ha.ti,,,,,,ˈlɪːvʏr,ˈfeɡato,,kã̠nd͡zo̞ː,,ɣvidzli,,,,,,t̥ʰloem,,ka̠nd͡ʑa̠ŋ,,,,,,,ˈje.kur,ˈliəvɐ,,,,tap˦˥,,,aknas,,,,ˈd͡ʒiɡɛr,,iɮəɡ,,hati,,ʔəθɛ́,,,,,,ˈleːvər,ˈleːʋɛr,,,,t͡ʃíˈw⁽ᵝ⁾i.ⁿdi,,,,,,,,vɔnˈtrɔ.ba,,ˈfi.ɡɐ.du,,,,,ˈpʲet͡ɕɪnʲ,,jɐ́.kr̩t̪,,,,,,ˈpɛtʃɛɲ,ˈjèːtra,,,,,,,,,,,,,dʒiɡær,tap̚˨˩,,,,sɪˈbe.tɪ,,kaɾadʒiːeɾ,,,,,,,,,,ɣaːn˧˧,,,,,,,tap˥,,ísiɓîːndi,
drink,,,,,,,,ʃa.ri.ba,,,,itʃmæc,,,ˈpijə,,,,,*ⁿtʰuŋ,ˈe.vɑ̃,,ˈbəw.ɾə,,,,,piːt,,,ˈəvɛd,drekə,ˈtʁɪŋkən,,,,ˈpi.no,dɹɪŋk,ˈtrinki,beˈβeɾ,,,nuːʃiːˈdæn,,ˈjuo̯dɑˣ,,ˈtɾɛʰkːa,bwaʁ,ˈdrɪŋkə,oːl̪ˠ,ɔːɫ̪,,,,,,ʃaˈta,piːn̪ɑː,,,,ˈisik,χəˈmɛl,,,,,,,,drinˈkar,ˈtrɛhka,ˈbe.re,,no̞mɯ̟ᵝ,,smɑ,,,,,,pʰẏk,,ma̠ɕʰida̠,,,ˈvɛxwɑːɾɯn,,,,ˈbi.boː,ˈdʀeŋken,,,,dɯːm˦˦,ˈɡʲɛrʲ.tʲɪ,,dzɛɾ̂t,,,,ˈpi.ɛ,,,,minom,ˈʃɔrɔp,θaʊʔ,,,,,,ˈdrɪŋkə(n),,,,,,ˈbewre,,,,,,,pʲit͡ɕ,,be.ˈbeɾ,,,,be̯a,pʲitʲ,,pí.bɐ.t̪i,,,ˈjuhkah(t),,,ˈpic,ˈpiːti,,,,pi,,,,,drɪkːa,,,,nɵʃidæn,dɯːm˨˩,,,,,,it͡ʃˈmɛ́c,,,,,,,,,,ʔuəŋ˧˦,,,,,,,,,,
eat,,,,,,,,,,,,jeˈmæk,,,,,,,,,,,məɲˈʒa,,,,,jiːst,,,,spiːsə,ˈʔɛsn̩,,,,ˈtro̞o̞,iːt,,koˈmeɾ,,,,,ˈsyø̯dæˣ,,,mɑ̃.ʒe,,ɪ,,,,,,,,,,,,,uˈtɛl,,,,,,,,,,manˈdʒa.re,,,,,,,,,,,,ɕʰiks͈a̠ɦa̠da̠,,,ˈxwɑːɾɯn,,,,,ˈie̯sen,,,,kin˩˧ kʰau˨˩,,,,,,,ˈjadɛ,,,,,,,,,,,,,,,,,,,,,,,,,,,ko.ˈme(ʁ),,,,luˈa,jesʲtʲ,,,,,,,,,,,,,,,,,,ˈɛːˌta,,,,,kin˧.kʰaːw˥˩,,,,,,,,,,,,,,,,ʔan˧˧ kəːm˧˧,,,,,,,,,ɮá,
bite,,,,,,,,ʕadˁ.dˁa,,,,,,kuˈsat͡sʲ,ot̪ˈxapvəm,,,,,,,,mo.səˈɡa,,,,,ˈkou̯sat,,,knɔj,biːdə,ˈbaɪ̯sn̩,,,,ðaŋˈɡono,baɪt,ˈmordi,,,,,,ˈpurːɑˣ,,,mɔʁdʁ,,,,,,,,,,,,,,ˈhɒrɒp,kəˈtsɛl,,,,,,,,morˈdar,ˈpiːta,ˈmɔrdere,,ka̠mɯ̟ᵝ,,,,,,,,kʰāṃ,,muɾʌ̹t͈e̞da̠,,,,,,,ˈmor.de.oː,ˈbæi̯sen,,,,,,,kuôst,,,,ɔdˈɡrizuva,,xat͡səx,,ɡiɡet,,kaɪʔ,,,,,,ˈbɛi̯tə(n),,,,,,,,,,,,,,,muɾˈðeɾ,,,,muʃˈka,ɐtˈkusɨvətʲ,,,,,,,,,,,,,kafˈʃɔj,,,,,,,,,ɡæzidæn,kat̚˨˩,,,,,,,,,,,,,,,,kan˧˦,,,,,,,,,lûːma,
suck,,,,,,,,masˁ.sˁa,,,,,,smaktat͡sʲ,,,,,tʃoʃɑ,,,,ʃuˈkla,,,,,,,,,,ˈzaʊ̯ɡən,,,ˈɲɪ,,sʌk,ˈsutʃi,t͡ʃuˈpaɾ,,,mækʲiːˈdæn,,ˈimeæˣ,,,sy.se,,sˠuːɟ,ˈtʲo.al,t͡ʃuˈt͡ʃaɾ,,,,,,,,,,ˈsopik,t͡səˈt͡sɛl,,,,,,,,suˈɡar,ˈsjuːa,,,,,tsʼɔvɑ,,,,,,jp´,,p͈a̠ɭda̠,,,ˈmeːʒiːn,,,,ˈsuː.ɡoː,,,,,,ˈtʲʃʲʊlʲpʲtʲɪ,,sùːkt,,,,ˈt͡sit͡sa,,xɵxəx,,hisap,,soʊʔ,,,,,,ˈzœy̯.ɣə(n),,,,,,,,,,,,,ssat͡ɕ,,,,,,ˈsu.d͡ʒe,sɐˈsatʲ,,,,,,,,,,,,,θiθ,,,,,,,,,mækidæn,duːt̚˨˩,,,,,,ɛˈmːɛc,,,,,,,,,,ʔɓu˧˦,,,,,,,,,,
spit,,,,,,,,ba.sˁa.qa,tʰu pɛ.lʊa,,,,,,,,,,,,,,,,,,,ˈplɪvnou̯t,,,,spøtɘ,ˈʃpʊkŋ̩,,,,ˈfti.nɔ,spɪt,,eskuˈpiɾ,,,,,,,,kʁa.ʃe,,,,kusˈpiɾ,,,,,,t̪ʰuːk.nɑː,,,,ˈkøp,tʰəˈkʰɛl,,,,,,,,,ˈr̥aiːca,spuˈtare,,t͡sɨᵝba̠,,,,,,,,,,,,,,,,,ˈspu.oː,,,,,,,,spʎāwt,,,,ˈpɫuka,,,,ludah,,tʰwé,,,,,,,,,,,,,,,,,,,plut͡ɕ,,kuʃ.ˈpiɾ,,,,,plʲɪˈvatʲ,,,,,,,,ˈpʎuc,,,,,,,,,,,,,,,,,,,,,,,,,,,,,,,ɲo˧˩,,,,,,,,,,
vomit,,,,,,,,ta.qaj.ja.ʔa,bɔ.mi kɔ.ɹa,,,ɡusˈmɑχ,,,,,,,,,,,vo.miˈta,,,,,,,,,,ˌyːbɐˈɡeːbən,,,,,ˈvɒmɪt,ˈvomi,,,,,,ˈoksentɑːˣ,,,vɔ.miʁ,,ˈaʃɪɟ,,,,,,,,,,,,ˈhaːɲ,,,,,,,,,,ˈaiːla,vomiˈtare,,,,,,,,,,k̥ʾuat,,ke̞uda̠,,,,,,,ˈwo.moː,ˈkɑtsən,,,,,,,,,,,ˈpɔvraca,,,,muntah,,ʔàɴ,,,,,,,,,,,,,,,,,,,vɨ.mʲɔˈtɔ.vat͡ɕ,,vu.mi.ˈtaɾ,,,,,blʲɪˈvatʲ,,,,,,,,,,,,,,,,,,,,,,,ʔaː˧.t͡ɕia̯n˧,,,,,,,,,,,,,,,,non˧˧,,,,,,,,,,
blow,,,,,,,,na.fa.xa,,,,,,,,,,,,,,,buˈfa,,,,,ˈvaːt,,,ˈχwəθɨ̞,blɛːsə,ˈblaːzn̩,,,,,bləʊ,ˈblovi,,,,,,,,,su.fle,,ʃeːdʲ,,,,,,,,,,,,ˈfuːj,pʰəˈt͡ʃʰɛl,,,,,,,,sufˈlar,,sofˈfjare,,ɸɯ̟ᵝkɯ̟ᵝ,,ubɛrɑvs,,,,,,pk´,,ˈpuːɭda̠,,,,,,,floː,,,,,,ˈpǔːsʲtʲɪ,,,,,,ˈduva,,uɮex,,,,m̥oʊʔ,,,,,,ˈblaːzə(n),,,,,,,,,,,,,ˈdmu.xat͡ɕ,,suˈpɾaɾ,,,,,dutʲ,,,,,,,,,,,,,,,,,,,,,,,pʰat̚˦˥,,,,,,,,,,,,,,,,tʰoj˧˩,,,,,,,,,,
breathe,,,,,,,,ta.naf.fa.sa,,,,,,,,,,,,,,,rəs.piˈɾa,,,,,ˈdiːxat,,,anˈadlɨ̞,ɔnə,ˈaːtmən,,,,a.naˈpne.o,bɹiːð,ˈspiri,,,,,,ˈheŋːitːæːˣ,,,ʁɛs.pi.ʁe,,,,,,,,,,,,,,ˈleːlɛɡzik,ʃənˈt͡ʃʰɛl,,,,,,,,,ˈanta,respiˈrare,,ko̞kʲɨᵝː,,,,,,,,ṭkṭṅ̥hoem,,sʰumʃʰɥida̠,,,,,,,ˈspiː.roː,ˈoːtmən,,,,,,,,,,,,,amʲsɢəɮəx,,bə(r)nafas,,ʃù,,,,,,ˈaːdəmə(n),,,,,,,,,,,,,ɔdˈdɨ.xat͡ɕ,,ʁɨʃ.pi.ˈɾaɾ,,,,,dɨˈʂatʲ,,,,,,,,ˈdiːxac,,,,,,,,,,,,,,,haːj˩˩˦.t͡ɕaj˧,,,,,,,,,,,,,,,,tʰəː˧˩,,,,,,,,,,
laugh,,,,ɫɐχ,,,,dˁa.ħik,ɦɔɦa,,,ɡylmæc,,,,,,,,,,,ˈriw.ɾə,,,,,smaːt,,,,leː,ˈlaχn̩,,,,,laːf,,,,,xænd̪iːˈd̪æn,,ˈnɑu̯rɑːˣ,,,ʁiʁ,ˈlai̯tsjə,ɡɑːɾʲ,,,,,,,t͡saˈχak,ɦə̃s.nɑː,,,,ˈnɛvɛt,t͡sit͡sɑˈʁɛl,,,,,,,,,ˈl̥aiːja,ˈri.de.re,,ɰᵝa̠ɾa̠ɯ̟ᵝ,,,,,,,,soec,,ˈuːt̚t͈a̠,,,ˈkɛniːn,,,,ˈriː.de.oː,ˈlaːχən,,,,,,,,,,,sɛ ˈsmɛ.ɛ,,,,tawə,,jì,,,,,,ˈlɑxə(n),,,,,,,,,,,,,ɕmʲat͡ɕ ɕɛ,,ˈʁiɾ,,,,,smʲɪˈjat͡sːə,,,,,ˈt͡ʃajːpmah(t),,,ˈsmi̯ac sa,,,,,cɛʃ,,,,,,,,naʋːu,xændidæn,kʰam˩˩˦,,,,,,,,,,,,,,,,kɨəj˨˩,,,,,,,,,,
see,,,,,,,,ra.ʔaː,dɛkʰa,,,ɡœrˈmæk,,ˈbat͡ʂɨt͡sʲ,ˈviʒdəm,,,,ˈd̪ækʰa,*mtʰoŋ,,,ˈvəw.ɾə,,,,,ˈvɪɟɛt,,,ɡwɛld,seː,ˈzeː.ən,,,k͡pɒ,ˈvlepo,siː,ˈvidi,ˈbeɾ,,,d̪iːˈd̪æn,,ˈnæhdæˣ,,ˈsʊt͡ʃːa,vwaʁ,,fʲɛc,,,,,,,,d̪eːkʰ.nɑː,,,,ˈlaːt,tɛsˈnɛl,,viˈder,,,,,,vi.ˈdar,ˈsjauː,veˈde.re,,mʲiɾɯ̟ᵝ,,χɛdvɑ,,,,,,gʰoeñ,,po̞da̠,,,ˈdiːtɯn,,,,ˈwi.de.oː,ɡeˈzin,,,,hen˩˧,mɐˈtʲîːtʲɪ,,ɾɛdzɛ̂ːt,,,,ˈɡlɛda,,ut͡səx,,lihat,,twḛ,,,,,,zin,ʃoː,,,,,,,,,,,,ˈvʲi.d͡ʑɛt͡ɕ,,veɾ,,,,veˈde̯a,ˈvʲidʲɪtʲ,,pɐ́ɕ.jɐ.t̪i,,,ˈoɑ̯jːtniːh(t),,,ˈviɟi̯ɛc,ˈʋiːdɛti,,,,,,,,,seː,,,,diˈdan,hen˩˩˦,,,kiˈta,,,ɟœɾmɛc,,,,,,ˈbɑt͡ʃete,d̪ekʰnaː,,,ɲin˨˩ tʰəj˧˦,,,,,,,,,ɓoːná,
hear,,,,,,,,sa.mi.ʕa,xu.na,,,,,,ˈtʃuvəm,,,,ʃonɑ,,,,sənˈti,,,,,ˈslɪʃɛt,,,ˈkləu̯ɛd,høːrə,ˈhøːrən,,,,aˈkuo,hɪə(ɹ),ˈau̯di,oˈiɾ,,,ʃeniˈdæn,,ˈkuːlːɑˣ,,,ɑ̃.tɑ̃dʁ,ˈjɛ(ː)rə,klˠɔʃ,,ɔˈiɾ,,,,,ˈʃema,sʊn.nɑː,,,,ˈhɒlː,ləˈsɛl,,au̯ˈdir,də.ŋar,,,,,,ˈheiːra,,,kʲi̥kɯ̟ᵝ,,smɛnɑ,,,,,,ḹ,,tɯt̚t͈a̠,,,ˈbiːstɯn,,,,ˈau̯.di.oː,ˈhei̯ʀen,,,,,,,dzìɾdɛ̂ːt,,,,,,,,dəŋa(r),ˈsɐmɐ,t͡ɕá,,,,,,ˈɦoːrə(n),,,,,,,,,,,,,ˈswɨ.ʂɛt͡ɕ,awraˈwəl,owˈviɾ,,,,,ˈslɨʂətʲ,,,,,,,,,,,,,,,,,,,,,,ʃunidan,daːj˥˩.jin˧,,,,,,,,,,,,ˈt͡ʃute,,,,ŋɛ˧˧,,,,,,,,,,
know,,,,vɪət,,,,ʕa.li.ma,,,,bilˈmæk,,ˈvʲedat͡sʲ,,,,,,*ɕes,,,səˈbə,,,,,ˈvjɛɟɛt,,,ˈmɛdrɨ̞,,ˈvɪsn̩,,,,ˈksɛ.ɾɔ,nəʊ,ˈst͡sii,saˈbeɾ,,,d̪ɒːnesˈt̪ʰæn,,ˈtie̯tæːˣ,,,savwaʁ,,,,,,,,,ˈjeda,ˈd͡ʒɑːn̪.n̪ɑː,,,,ˈtud,ɡitɛˈnɑl,,,ta.hu,,,,,,ˈvɪːta,saˈpeː.re,,,,tsɔdnɑ,,,,,,cer,,ˈa̠ːɭda̠,,,ˈzɑːniːn,,,,ˈski.oː,,,,,huː˥˧,ʒɪˈnoː.tʲɪ,,zinâːt,,,,,,mitəx,,tahu,,θḭʃḭ,,,,,,ˈʋeːtə(n),,,,,,,,,,,,,ˈvʲɛ.d͡ʑɛt͡ɕ,poˈheˈdəl,sɐ.ˈbeɾ,,,,ʃti,znatʲ,,,isˈki.ɾe,,,,,ˈvɛɟi̯ɛc,,,,,di,,,,,veːta,,,,dɔːnistæn,ruː˦˥,,,,,,bilˈmɛ́c,,,,,,ˈznɑte,dʒanːa,,,ʔɓiət̚˧˦,,,,,vɪsn̩,,ɣo˦˨,,,
think,,,,dəŋk,,,,,bʱɔ.ba,,,dyʃynˈmæk,,,,,,,,,,,pənˈsa,,,,,ˈpr̝̊ɛmiːʃlɛt,,,ˈmɛðʊl,,ˈdɛŋkən,,,,ˈsceftome,θɪŋk,,penˈsaɾ,,,ˌfekɾ kʲæɾˈd̪æn,,ˈɑjɑtelːɑˣ,,,pɑ̃.se,,capˠ,,,,,,,ħaˈʃav,sotʃn̪aː,,,,ˈɡondolkodik,mətɑˈt͡sɛl,,,pi.kir,,,,,,ˈhʏxsa,,,kamukapu,,pʰikʰri,,,,,,yl´,,sʰe̞ŋɡa̠kʰa̠da̠,,,ˈfɯkɯɾiːn,,,,ˈkoː.ɡi.toː,,,,,,,,,,,,,,,,fike(r),ˈħaːsɛp,twé,,,,,,ˈdɛŋkə(n),,,,,ɡaˈni.za,,,,,,,,ˈmɨɕ.lɛt͡ɕ,,pẽˈsaɾ,,,,ɡɨnˈdi,ˈdumətʲ,,,,,ˈjurːttaʃih(t),,,ˈmisli̯ɛc,ˈmiːsliti,,,,mɛnˈdɔj,,,,,,,,,,kʰit̚˦˥,,,,,,,,,,,,ˈdumɐte,sotʃn̪aː,,,ŋi˦ˀ˥,,,,,,,,,,
smell,,,,,,,,,,,,ɡɔxu,jɪ̞θ,pax,,,,,,,,,oˈlo,,,,,ˈvuːɲɛ,,,,loɡt,ɡəˈʁʊχ,,,,miɾoˈðʝa,smɛl,oˈdoro,,,,,,ˈhɑju,,,ɔ.dœʁ,,,,,,,,,ˈʁe.aχ,ɡənd̪ʱ,,,,ˈsɒɡ,hɔt,,,,,,,,,lɪxt,oˈdo.re,,ɲ̟io̞i,,suni,,,,,,k̥lin,,ˈne̞ːmsʰe̞,,,,,,,ˈo.dor,,,,,,,,,,,,,,,,bau,,ʔəna̰ɴ,,,,,,ɣøːr,,,,,,,,,,,,,ˈza.pax,buj,ˈʃɐj.ɾu,,,,,ˈzapəx,,,,,,,,,,,,,ɛːɹ,,,,,,,,,,klin˨˩,,,,,,koˈku,,,,,,,,,,muj˨˩,,,,,,,,,,
fear,,,,frɪəs,,,,xawf,bʱɔe,,,ɡorˈχu,,,,,,,,,ɔ̃n,,ˈpo,,,,,ˈstrax,,,,,ʔaŋst,,,,,fɪə,ˈtimo,ˈmjedo,,,,,ˈpe̞lko̞,,,pœʁ,,ˈaɡlˠə,,,,,,,,,,,,ˈfeːlɛlɛm,vɑχ,,,ta.kut,,,,,,ˈr̥aiðstla,paˈu.ra,,,,zɑri,,,,,,,,ˈko̞ːŋpʰo̞,,,,,,,ˈpa.wor,aŋʃt,,,,,,,bâjlɛs,,,,,,,,,,bəjà,,,,,,ɑŋst,,,,,,,,,,,,,strax,,ˈme.du,,,,ˈfrikə,strax,,bʱɐ.jɐ́,,,,,,strax,ˈstráːx,,,,ˈfɾik(ə),,,,,,,,,,klua̯˧,,,,,,,,,,,,,,,,,dred,,,,,,,,,
sleep,,,,,,,,naː.ma,xʊa,,,jɑtˈmɑχ,,,spʲɤ,,,,,,,,duɾˈmi,,,,,spaːt,,,ˈkəsɡɨ̞,,ˈʃlaːfn̩,,,,ciˈmame,sliːp,ˈdormi,dorˈmiɾ,,,xɒːbiˈdæn,,ˈnukːuɑˣ,,,dɔʁ.miʁ,,ˈkɔd̪ˠɪlʲ,,,,,,,,soː.nɑː,,,,ˈɒlsik,kʰəˈnɛl,,,ti.dur,,,,,dorˈmar,ˈsɔːva,dorˈmire,,,,dzili,,,,,,ṭek,,t͡ɕa̠da̠,,,,,,,ˈdor.mi.oː,ˈʃloːfən,,ˈslɔː.pə,,nɔːn˦˥,,,ɡulɛ̂ːt,,,,,,,,tido(r),ˈraːʔɐt,ʔeɪʔ,,,,,,ˈslaː.pə(n),,,,,,,,,,,,,spat͡ɕ,,duɾ.ˈmiɾ,,,,dorˈmi,spatʲ,,s̪ʋɐ́.pi.t̪i,,,ˈoɑ̯ððiːh(t),,,ˈspac,ˈspaːti,,,,,,,,,soːva,,,,xɔːbiˈdæn,nɔːn˧,,,ma.ˈtu.loɡ,,,,,,,,,,,,,ŋu˧˩,,,,,,,,,,
live,,,,,,,,ʕaː.ʃa,,,,,,,ʒiˈvɛjə,,,,,,,,ˈviw.ɾə,,,,,ʒiːt,,,bɪu̯,leːvə,ˈleːbən,,,,ˈzo,lɪv,ˈvivi,biˈbiɾ,,,,,ˈe̞læː(ʔ),,,vivʁ,ˈlɪbjə,mˠaɾʲ,,,,,,,,d͡ʒina,,,,ˈeːl,ɑpˈɾɛl,,,hi.dup,,,,,,ˈlɪːva,ˈvi.ve.re,,ikʲiɾɯ̟ᵝ,,sitsɔtsxlɛ,,,,,,nau,,ˈsʰa̠ːɭda̠,,,,,,,ˈwiː.woː,ˈliə̯vən,,,,,ɡiˈʋæntɪ,,dzîːvuôt,,,,,,,,hidop,ɛˁːʃ,,,,,,,ˈleːvə(n),,,,,,,,,,,,,ʐɨt͡ɕ,,viˈveɾ,,,,trəˈi,ʐɨtʲ,,d͡ʑíː.ʋɐ.t̪i,,,ˈea̯lliːh(t),,,ˈʒic,ʒiˈʋeːti,,,,jɛˈtɔj,,,,,leːva,,,,,miː˧.t͡ɕʰiː˧.wit̚˦˥,,,ma.ˈbu.hay,,,,,,,,,,,,,səwŋ͡m˧˦,,,,,,,,,,
die,,,,,,,,ˈmaːta,mɔɹ,,,œlˈmæk,,,oˈmiɾəm,,,,,,,,muˈɾi,,,,,ˈumr̝iːt,,,,dø,ˈʃtɛʁbən,,,,peˈθeno,daɪ,,,,,moɾˈd̪æn,,ˈkuo̯lːɑˣ,,,mu.ʁiʁ,,,,,,,,,,məɾ.nɑː,,,,ˈmɛkhɒl,mɛrˈnɛl,,,,,,,,mɔrˈtar,ˈteiːja,moˈrire,,ɕinɯ̟ᵝ,,,,,,,,tāy,,t͡ɕuk̚t͈a̠,,,,,,,ˈmo.ri.or,,,,,taːj˩˧,ˈmʲɪrʲ.tʲɪ,,mīɾt,,,,,,,,mati,mɪːt,θè,,,,,,ˈdoːtxaːn,,,,,,,,,,,,,uˈmʲɛ.rat͡ɕ,,mu.ˈʁeɾ,,,,muˈri,ʊmʲɪˈratʲ,,mɐ́.ɽɐ.t̪i,,,ˈjaːpmiːh(t),,,ˈumri̯ɛc,,,,,vdɛs,,,,,,,,,murdæn,taːj˧,,,,,,œlˈmɛc,,,,,,,mərna,,,t͡ɕet̚˧˦,de.a.ˈdøn,,,,,,taːi˨˦,,fá,
kill,,,,,,,,qa.ta.la,,,,œldyrˈmæk,,,oˈbivəm,,,,,*ksot,,,məˈta,,,,,ˈzabiːt,,,ɬaːð,,ˈtøːtən,,,,skoˈtono,kɪl,mortˈiɡi,maˈtaɾ,,,kʰoʃˈt̪ʰæn,,ˈtɑpːɑːˣ,,,ty.e,,ˈmˠaɾˠə,maɾav,,,,,,,mɑːɾ‿ɖɑːl.nɑː,,,,ˈøl,spɑˈnɛl,,,məmbunʊh,,,,,mɔr.ti.ˈɡar,ˈtrɛːpa,utˈt͡ʃi.de.re,,ko̞ɾo̞sɨᵝ,,kʼvlɑ,,,,,,sm̥lāp´,,t͡ɕuɡida̠,,,,,,,ˈok.ki.doː,,,,,kʰaː˨˩,,,nâːvɛ̂ːt,,,,ˈubiva,,,,məmbunoh,ˈʔaːtɛl,θaʔ,,,,,,ˈdoːdə(n),,,,,,,,,,,,,zaˈbʲi.jat͡ɕ,,ma.ˈta(ʁ),,,,omoˈrɨ,ʊbʲɪˈvatʲ,,ɦɐ́n̪.t̪i,,,ˈkodːdiːh(t),,,ˈzabic,uˈbìːti,,,,,,,,,ˈdøːda,,,,kuʃtæn,kʰaː˥˩,,,,,,,,,,,,,marna,,,ziət̚˧˦,de.i.ˈdøn,,,,ˈtɛjtn̩,,,,,
fight,,,,,,,,qaː.ta.la,zũza,,,,,,,,,,,,,,ʎujˈta,,,,,ˈbojovat,,,,,kɛm(p)fən,,,,,faɪt,baˈtali,peleˈaɾ,,,,,,,,batʁ,,t̪ˠɾˠɪdʲ,,,,,,,,ləɽ.nɑː,,,,ˈhɒrt͡sol,kərˈvɛl,,,,,,,,,,lɔt.ˈta.re,,,,brdzɔlɑ,,,,,,vāytp´,,ta̠tʰuda̠,,,,,,,ˈpuɡ.noː,,,,,tɔː˧˧ suː˨˩,,,,,,,,,,,,,jàɴpʰjɪʔ,,,,,,ˈstrɛi̯də(n),,,,,,,,,,,,,ˈval.t͡ʂɨt͡ɕ,,lu.ˈtaɾ,,,,,ˈdrat͡sːə,,,,,,,,ˈbɔjɔvac,,,,,,,,,,,,,,,suː˥˩,,,a.ˈwaj.in,,,,,,,,,,,,,t͡ɕiən˧˦ ʔɗəw˧˦,,,,,,,,,,
hunt,,,,,,,,isˁ.tˁaː.da,si.kaɹ kɔ.ɹa,,,,,palʲaˈvat͡sʲ,,,,,,,,,kəˈsa,,,,,ˈlovɪt,,,,ˈjaːɡə,ˈjaːɡən,,,,,hʌnt,,kaˈθaɾ,,,,,,,,ʃa.se,,ˈʃɛlʲɪɟ,ˈʃaɫ̪ak,,,,,,,,,,,ˈvɒdaːsik,vɔɾˈsɑl,,,,,,,,,ˈveiːða,katˈtʃare,,ka̠ɾɯ̟ᵝ,,nɑdɪrɔbɑ,,,,,,prpāñ´,,sʰa̠ɲja̠ŋɦa̠da̠,,,,,,,ˈweː.nor,ˈjo.en,,,,,mʲɛˈdʲʒʲotʲɪ,,,,,,,,,,,,ʔəmɛ́laɪʔ,,,,,,ˈjaːɣə(n),,,,,,,,,,,,,pɔˈlɔ.vat͡ɕ,,kɐ.ˈsaɾ,,,,,ɐˈxotʲɪt͡sə,,,,,,,,,lɔˈʋiːti,,,,,,,,,ˈjɑːˌɡa,,,,,,,,,,,,,,,,,,,,,san˧˧ ʔɓan˧˦,,,,,,,,,,
hit,,,,,,,,dˁa.ra.ba,,,,,,,,,,,,,,,kol.pəˈʒa,,,,,,,,ˈtarɔ,slɔː,ˈʃlaːɡən,,,,,hɪt,ˈfrapi,,,,zæˈd̪æn,,,,,fʁa.pe,,,ˈbuɪl,,,,,,,ˈmɑːɾ.nɑː,,,,ˈyt,χəˈpʰɛl,,,,,,,,fraˈpar,stlauː,kolˈpire,,ɯ̟ᵝt͡sɨᵝ,,,,,,,,vāy,,t͡ɕʰida̠,,,,,,,,,,,,,,,,,,,,,,,,,jaɪʔ,,,,,,ˈraːkə(n),,,,,,,,,,,,,uˈdɛ.ʐat͡ɕ,,ɡow.pe.ˈaɾ,,,,,ʊdɐˈrʲætʲ,,,,,,,,ˈudri̯ɛc,,,,,,,,,,,,,,,tiː˧,,,,,,,,,,,,,marna,,,ʔɗəp̚˧˨ʔ,flaˈpøn,,,,,,,,,
cut,,,,,,,,,kɔ.ta,,,kæsˈmæk,,,,,,,kɑʈɑ,,,,təˈʎa,,,,,ˈr̝ɛzat,,,ˈtɔrɪ,skɛːrə,,,,,,kʌt,ˈtrant͡ʃi,,,,boɾiːˈdæn,,ˈleikɑt̪ɑ(ʔ),,,ku.pe,,ɟaːɾˠ,kʲaːrˠ,,,,,,,kɑːʈ.nɑː,,,,ˈvaːɡ,kətˈɾɛl,,,,,,,,,ˈscɛːra,taʎˈʎare,,kʲiɾɯ̟ᵝ,,,,,,,,kāt´,,k͈ɯntʰa̠,,,,,,,ˈin.se.koː,,,,,,,,ɡrīɛ̄st,,,,,,,,,,kaɪʔ,,,,,,ˈsnɛi̯də(n),,,,,,,,,,,,,t͡ɕɔɲt͡ɕ,,kuɾˈtaɾ,,,,,ˈrʲezətʲ,,,,,,,,ˈrɛzac,rézati,,,,,,,,,ˈɧæːˌra,,,,,tat̚˨˩,,,,,,cesmec,,,,,,,,,,kat̚˧˦,,,,,,,,,,
split,,,,,,,,qa.sa.ma,pʰal,,,,,,,,,,,,,,pəɾˈti,,,,,,,,,,ˈʃpaltn̩,,,,,splɪt,,parˈtiɾ,,,,,,,,fɑ̃dʁ,,,,,,,,,,,,,,ˈhɒʃiːt,,,,,,,,,fen.ˈdar,ˈkʰlɔpna,ˈfɛndere,,ɰᵝa̠ɾɯ̟ᵝ,,,,,,,,,,,,,,,,,ˈskin.doː,,,,,,,,,,,,,,,,,,kʰwɛ́,,,,,,,,,,,,,,,,,,,ˈd͡ʑɛ.lʲit͡ɕ,,pɐɾ.ˈtiɾ,,,,,rəɕːɪˈplʲætʲ,,,,,,,,,,,,,,,,,,deːla,,,,,,,,,,,,,,,,,,,,,t͡ɕɛ˧˩,,,,,,,,,,
stab,,,,,,,,tˁa.ʕa.na,,,,,,,,,,,,,,,ə.pu.ɲəˈla,,,,,,,,,,ˈʃtɛçn̩,,,,,stæb,,apuɲaˈlaɾ,,,,,,,,pwa.ɲaʁ.de,,,,,,,,,,,,,,ˈdøf,χoˈtsʰɛl,,,,,,,,,,puɲɲaˈlare,,,,,,,,,,,,,,,,,,,konˈfo.di.oː,,,,,,,,,,,,,,,,,,tʰó,,,,,,ˈsteːkə(n),,,,,,,,,,,,,,,,,,,,zɐˈkalɨvətʲ,,,,,,,,,,,,,,,,,,,,,,,tʰɛːŋ˧,,,,,,,,,,,,,,,,ʔɗəm˧˧,,,,,,,,,,
scratch,,,,,,,,,ãsʊɹ,,,,,ˈdrapat͡sʲ,,,,,,,,,,,,,,,,,,,ˈkʀat͡sn̩,,,,ˈksino,skɹætʃ,ˈɡrati,rasˈkaɾ,,,xæɾɒːʃiːˈdæn,,ˈrɑːpi.ɑˣ,,,ɡʁa.te,,,,,,,,,,,,,,ˈvɒkɒr,kʰɛɾˈtsɛl,,,,,,,,,,,,çik̚ka̠kɯ̟ᵝ,,,,,,,,ʾeḥ,,kɯk̚t͈a̠,,,,,,,ˈskal.poː,,,,,,,,,,,,,,,,,,koʊʔ,,,,,,,,,,,,,,,,,,,ˈdra.pat͡ɕ,,ko.ˈsa(ɻ),,,,,t͡sɐˈrapətʲ,,,,,,,,,,,,,,,,,,,,,,,kaw˧,,,,,,,,,,,,,,,,ɣaːj˦ˀ˥,,,,,,,,,,
dig,,,,,,,,ħa.fa.ra,kʰan.da,,,,,,,,,,,,,,kəˈva,,,,,ˈkopat,,,,ɡraːvə,ˈɡʁaːbən,,,,,dɪɡ,ˈfosi,ekskaˈbaɾ,,,kʲænˈdæn,,,,,kʁø.ze,,ˈt̪ˠɔxəlʲ,,eskaˈβaɾ,,,,,,kʰoːd̪.nɑː,,,,ˈaːʃ,pʰɔˈɾɛl,,,,,,,,ɛks.kaˈvar,,skaˈvare,,,,,,,,,,,,pʰa̠da̠,,,,,,,ˈfo.di.oː,ˈɡʀue̯ven,,,,,,,ɾakt,,,,,,,,ɡali,,tú,,,,,,ˈɣraːvə(n),,,,,,,,,,,,,ˈkɔ.pat͡ɕ,,,,,,,kɐˈpatʲ,,,,,,,,ˈkɔpac,kɔˈpàːti,,,,,,,,,,,,,,kʰut̚˨˩,,,,,,,,,,,,,,,,ʔɗaːw˨˩,,,,,,,,,,
swim,,,,,,,,,,,,,,,,,,,,,,,nəˈda,,,,,ˈplavat,,,ˈnɔvjɔ,svœmə,ˈʃvɪmən,,,,,swɪm,ˈnad͡ʒi,naˈdaɾ,,,,,ˈui̯dɑˣ,,,na.ʒe,ˈsvɪm.mə,sˠn̪ˠɑːvˠ,,,,,,,,,,,,ˈuːsik,lɔˈʁɑl,,,,,,,,naˈtar,ˈsɪnta,nwoˈtare,,ɡ,,,,,,,,hael,,sʰujʌ̹ŋɦa̠da̠,,,,,,,ˈna.toː,ˈʃwɑmən,,,,,ˈpɫɒʊ̯ˑkʲtʲɪ,,pɛ̄ldɛ̂ːt,,,,,,seɮəx,,,,jèkú,,ˈsʋøme,,,,ˈzʋɛ.mə(n),²sʏmjɑ,,,,,,,,,,,,ˈpwɨ.vat͡ɕ,lɑmbəl,nɐˈðaɾ,,,,,ˈplavətʲ,,,,,ˈvuo̯ɟɟah(t),,,ˈpɫaːvac,ˈplaːʋati,,,,nɔˈtɔj,,,,,,,,iːd̪u,,waːj˥˩.naːm˦˥,,,,,,,,,,,,,,,,ʔɓəːj˧˧,,,,,,,,,,
fly,,amt͡sʼ,,,,,,,makʰi,,,,sɪ̞.ˈβɪ̞n,,muˈxa,,,,matʃʰi,,,,ˈmos.kə,,,,,ˈmou̯xa,,,,fluːə,ˈfliːɡə,,,,ˈmiɣa,flaɪ,ˈmuʃo,ˈmoska,,,mæˈɡæs,,,,ˈfluː(w)ʊ,muʃ,mɪx,kɪˈlʲoːɡ,,ˈmoska̝,,,,,zvuv,,,,,ˈleːɟ,t͡ʃɑnt͡ʃ,,,,,,,,,ˈflʏːɣa,,,,,buzi,,,,,,ruy,,pʰa̠ɾi,,,ˈmeːʃ,,,,ˈmus.ka,,,,,,,,muʃa,,,,,,,,lalat,dʊˈbːɪːnɐ,jɪ̀ɴɡàʊɴ,,,,,,vlix,²flʉːɡə,,,,ˈⁿt͡ʃʰé.ⁿt͡ʃʰe,,,,,,,,ˈmu.xa,,ˈmos.ka,,,,,ˈmuxə,,,,,,,,ˈmuxa,ˈmùːxa,,,,,,,,,,,iː,iːɡa,,ma˦˥.lɛːŋ˧.wan˧,,,,,,sinɛc,,,,,,,,,,zuəj˨˩,,,,,,,,,,
walk,,,,lʊəp,,,,ma.ʃaː,kʰʊz.kaʴɦa,,,jeriˈmæk,,,ˈxɔdʲə,,,,,*ɡom.pa.rɡʲak,,,kə.miˈna,,,,,jiːt,,,ˈkɛrðɛd,ɡɔː,ˈlaʊ̯fən,,,,,wɔːk,proˈmeni,kamiˈnaɾ,,,,,ˈkæʋelːæˣ,,,maʁ.ʃe,,ʃuːlʲ,,,,,,,,ʈɛːʱl.nɑː,,,,ˈjaːr,kʰɑjˈlɛl,,,,,,,,pro.meˈnar,ˈkauŋka,kammiˈnare,,a̠ɾɯ̟ᵝkɯ̟ᵝ,,svlɑ,,,,,,ṭoer,,ˈkɘːt̚t͈a̠,,,,,,,ˈɡra.di.or,ˈɡo.en,,,,ɲaːŋ˧˧,ˈɛjːtʲɪ,,iɛ̂t,,,,ˈɔdi,,,,,,ʃaʊʔ,,,,,,ˈloːpə(n),,,,,,,,,,,,,iɕt͡ɕ,,ɐ̃.ˈdaɾ,,,,ˈmer.d͡ʒe,xɐˈdʲitʲ,,,,,,,,ˈiːsc,,,,,ˈɛtsi,,,,,ɡoː,,,,ɡæʃtæn,dɤːn˧,,,,,,,,,,,,,,,,ʔɗi˧˧,,,,,,,,,,
come,,,,kɔm,,,,d͡ʒaː.ʔa,aʱ,,,,,,,,,,,*joŋ,,,vəˈni,,,,,ˈpr̝̊ɪxaːzɛt,,,doːd,kɔmə,ˈkɔmən,,,,ˈeɾxome,kʌm,ˈveni,beˈniɾ,,eˈto.ri,ɒːmæˈd̪æn,,ˈtulːɑˣ,,,və.niʁ,,t̪ˠaɾˠ,hikʲ,,,,,,,ɑːn̪ɑː,,,,ˈjøn,ɡɑl,,,da.taŋ,,,,,,ˈkʰɔːma,veˈnire,,kɯ̟ᵝɾɯ̟ᵝ,,,,,,,,mk,,o̞da̠,,,ˈhɑːtɯn,,,,ˈwe.ni.oː,,,,,maː˦˥,ɐˈtʲɛjːtʲɪ,,nāːkt,,,,,,irəx,,dataŋ,,là,,,,,,ˈkoːmə(n),,,,,,,,,,,,,pʂɨˈxɔ.d͡ʑit͡ɕ,rɑˈt̪ləl,ˈviɾ,,,,veˈni,prʲɪxɐˈdʲitʲ,,,,,,,,,ˈprìːti,,,,,,,,,ˈkɔmːa,,,,ɔːmædæn,maː˧,,,pu.mun.ˈta,,,ɡælˈméc,,,,,,,an̪a,,,laːj˧˨ʔ,,,,,ˈkʊmən,,tau˥,,za,
lie,,,,,,,,,,,,jaˈɫan,jɑɫ.ˈʁɑn,,ɫəˈʒa,,,,,,,,mənˈti.də,,,,,lɛʃ,,,,løɡn,ˈlyːɡə,,,,,laɪ̯,menˈsoɡo,menˈtiɾa,,,doˈɾuːɣ,,ˈʋɑleˣ,,,mɑ̃.sɔ̃ʒ,,bʲɾʲeːɡ,,,,,,,,d͡ʒʱuːʈʰ,,,,ˈhɒzukʃaːɡ,sut,,,,,,,,ˈmen.ti̯(.)o,ˈlɪːjɪ,buˈd͡ʒi.a,,ɯ̟ᵝso̞,,sitsruɛ,,,,,,kuhk,,ˈkɘːd͡ʑinma̠ɭ,,,,,,,menˈdaː.ki.um,ˈliʑən,,,,,ˈmʲæːɫas,,,,,,,,xʊtəɮ,,,,mṵðá,,,,,,ˈløː.ɣə(n),,,,,ˈɓó.d͡za,,,,,,,,ˈkwam.stfɔ,,mẽ.ˈti.ɾɐ,,,,,loʂ,,,,,,,,ˈkɫamstvɔ,ˈláːʃ,,,,,,,,,lœŋn,,,,,,,,maɡ.si.nu.ŋa.ˈliŋ,,,jaɫan,,,,,jɑlʁɑn,,,,,nɔj˧˦ zoj˧˦,,,,,,,,,,
sit,,,,,,,,d͡ʒa.la.sa,bɔɦ,,,oturˈmɑχ,,,sɛˈdʲɤ,,,,ˈbɔʃa,,,,ˈsɛw.ɾə,,,,,ˈsɛɟɛt,,,ˈei̯sdɛð,seðə,ˈzɪtsn̩,,,,ˈkaθome,sɪt,ˈsidi,senˈtaɾ,,,neʃæsˈt̪ʰæn,,ˈistuɑˣ,,,,,sˠɪɟ,,,,,,,jaˈʃav,bɛʈʰnaː,,,,ˈyl,nəsˈtɛl,,,,,,,,si.ˈdar,ˈsɪːtja,seˈdere,,sɨᵝɰᵝa̠ɾɯ̟ᵝ,,dʒdɔmɑ,,,,,,ʾṅ̥guy,,a̠nt͈a̠,,,,,,,ˈse.de.oː,,,,,naŋ˧˧,sʲeːˈdʲeːtʲɪ,,,,,,,,sʊːx,,dudoʔ,ʔaˁːt,tʰàɪɴ,,,,,,ˈzɪtə(n),,,,,,,,,,,,,ˈɕɛ.d͡ʑɛt͡ɕ,,iʃ.ˈtaɾ,,,,,sʲɪˈdʲetʲ,,,,,,,,,ˈsɛdèːti,,,,ulɛm,,,,,,,,,,naŋ˥˩,,,ʔu.mu.ˈpoʔ,,,,,,,,,seˈdʲite,,,,ŋoj˨˩,,,,,,,,,,
stand,,,,,,,,wa.qa.fa,tʰiɔ ɦʊa,,,daˈjɑnmɑχ,,,,,,,d̪aɽano,,,,,,,,,staːt,,,ˈsɛvɨ̞ɬ,,ˈʃteː.ən,,,,ˈstekome,stænd,ˈstari,,,,iːstʰɒːˈdæn,,ˈsei̯soɑˣ,,,ɛ.tʁə d(ə).bu,ˈsteən,ʃasˠ,,,,,,,(ʕ)amad,,,,,ˈaːlː,kɑŋɡˈnɛl,,,,,,,,staˈt͡sar,ˈstanta,,,ta̠t͡sɨᵝ,,dɡɔmɑ,,,,,,jʰr,,sʰʌ̹da̠,,,,,,,stoː,ˈʃtoːən,,,,,,,stāːvɛ̂ːt,,,,,,t͡sɔɡsəx,,,,jaʔ,,,,,,staːn,,,,,,,,,,,,,stat͡ɕ,,pɨɾ.mɐ.nɨ.ˈseɾ,,,,,stɐˈjætʲ,,,,,,,,ˈstaːc,,,,,ri,,,,,,,,,,jɯːn˧,,,,,,,,,,,,,,,,ʔɗɨŋ˧˦,,,,,,,,,,
turn,,,,,,,,,,,,,,,,,,,,,,,ʒiˈɾa,,,,,ˈtot͡ʃɪt,,,,drajə,ˈdʁeːən,,,,,tɜːn,,xiˈɾaɾ,,,ɡæʃtæn,,,,,tuʁ.ne,,kɑsˠ,,,,,,,,,,,,ˈforoɡ,ʃəɾdʒˈvɛl,,,,,,,,,,dʒiˈrare,,,,,,,,,,,,ˈto̞ːɭda̠,,,,,,,ˈwer.toː,,,,,,,,,,,,,,,,,,l̥ɛ̰,,,,,,ˈdraːi̯ə(n),,,,,,,,,,,,,,tɑwaˈwəl,,,,,,vrɐˈɕːat͡sːə,,,,,,,,,,,,,,,,,,,,,,,mun˩˩˦,,,,,,dœnmec,,,,,,,,,,,,,,,,,,,,
fall,,,,fal,,,,wa.qa.ʕa,pɔ.ɹa,,,dyʃˈmæk,,,ˈpad̪əm,,,,ˈpɔɽa,,,,ˈkaw.ɾə,,,,,ˈpadat,,,ˈsərθjɔ,,ˈfaln̩,,,,,fɔːl,ˈfali,kaˈeɾ,,,oftʰɒːˈdæn,,ˈkɑːtuɑˣ,,fatl,tɔ̃.be,,tʲɪtʲ,t̪uʰtʲ,,,,,,,ɡɪɾ.nɑː,,,,ˈɛʃik,əŋkˈnɛl,,,,,,,,faˈlar,ˈfatla,kaˈdere,,ot͡su,,,,,,,,d̥ʰlāk´,,nʌ̹mʌ̹d͡ʑida̠,,,ˈkɛtɯn,,,,ˈka.doː,,,,,,,,,,,,,,ʊnəx,,,,t͡ɕa̰,,,,,,ˈvɑlə(n),,,,,,,,,,,,,ˈspa.dat͡ɕ,,kɐˈiɾ,,,,kəˈde̯a,ˈpadətʲ,,pɐ́.t̪ɐ.t̪i,,,,,,,ˈpaːsti,,,,ˈbiɛ,,,,,falːa,,,,,tok̚˨˩,,,,,,,,,,,,ˈpadatɪ,ɡɪrˈna,,,ŋaː˦ˀ˥,,,,,,,,,,
give,,,,,,,,ʔaʕ.tˁaː,,,,verˈmæk,,,ˈdavəm,,,,,,ˈrɛĩ,,doˈna,,,,,ˈdaːvat,,,r̥ɔi̯,ɡiː,ˈɡeːbən,,,,,ɡɪv,ˈdoni,ˈdaɾ,,,d̪ɒːˈd̪æn,,ˈɑntɑːˣ,,t͡ʃeːʋa,dɔ.ne,jaːn,ˈt̪ˠuːɾʲ,,,,,,,,d̪eː.nɑː,,,,ˈɒd,tɑl,,,bəri,,,,,doˈnar,ˈcɛːva,ˈda.re,,*ataperu,,,,,,,,o̥y,,t͡ɕuda̠,,,,,,,doː,,,,,mɔːp˥˦,ˈduɔtʲɪ,,duôt,,,,,,oɡəx,,bəri,,pé,,,,,,ˈɣeːvə(n),,,,,,,,,,,,,ˈda.vat͡ɕ,,ˈdaɾ,,,,da,dɐˈvatʲ,,,,,,,,,ˈdati,,,,,,,,,jeː,,,,dɔːdæn,haj˥˩,,,,,,veɾ.mec,,,,,,,d̪ena,,,t͡ɕɔ˧˧,,,,,,,haɯ˥,,,
hold,,,,ɦœu,,,,,,,,tutˈmɑχ,,trɨˈmat͡sʲ,,,,,,,,,ə.ɡwənˈta,,,,,dr̩ʒɛt,,,dal,,ˈhaltn̩,,,,,həʊld,,aɡwanˈtaɾ,,,,,ˈpitæːˣ,,,tə.niʁ,hɔːdə,ˈkɪn̠ʲə,kʰuːm,,,,,,,pə.kəɽ.nɑː,,,,ˈtɒrt,bərˈnɛl,,,,,,,,,ˈhalta,teˈne.re,,,,,,,,,,kān´,,tɯɭda̠,,,,,,,ˈte.ne.oː,ˈhaːlen,,,,tʰɯː˩˨,tʊˈɾʲeːtʲɪ,,tuɾɛ̂ːt,,,,,,,,,,kàɪɴ,,,,,,ˈɦɑu̯də(n),,,,,,,,,,,,,ˈtʂɨ.mat͡ɕ,,ˌse.ɡu.ˈɾa(ɹ),,,,ˈt͡si.ne,dʲɪrˈʐatʲ,,,,,,,,ˈdr̩ʒac,,,,,mbaj,,,,,,,,,,tʰɯː˩˩˦,,,,,,,,,,,,,,,,zɨ˦ˀ˥,,,,,,,,,,
squeeze,,,,,,,,,,,,,,,,,,,,,,,əsˈpɾe.mə,,,,,,,,,,ˈdʁʏkŋ̩,,,,,skwiːz,,ekspɾiˈmiɾ,,,,,,,,pʁɛ.se,,,,espɾeˈmeɾ,,,,,,,,,,ˈɲom,sɛʁˈmɛl,,,,,,,,,,,,,,,,,,,,kiap,,t͡ɕ͈a̠da̠,,,,,,,ˈkom.pri.moː,,,,,,,,,,,,,,,,,,ɲ̊ɪʔ,,,,,,ˈklɛmə(n),,,,,,,,,,,,,ˈɕt͡ɕi.skat͡ɕ,,,,,,,ʐːɨˈmatʲ,,,,,,,,,,,,,,,,,,,,,,,biːp̚˨˩,,,,,,,,,,,,,,,,ʔɗɛ˨˩,,,,,,,,,,
rub,,,,,,,,,ɡʱɔɦa,,,,,,,,,,,,,,fɾəˈɡa,,,,,tr̝̊iːt,,,,,ˈʀaɪ̯bnˌ,,,,triˈvo,ɹʌb,ˈfroti,,,,mɒːliːˈd̪æn,,ˈhieroɑ(ʔ),,,fʁɔ.te,,ˈkɪmʲɪlʲ,,,,,,,,rəɡəɽna,,,,ˈdørʒøl,,,,,,,,,,,strofiˈnare,,,,,,,,,,,,pibida̠,,,,,,,ˈfri.koː,ˈʀɑɪvən,,,,,,,,,,,,,,,,ˈɔˁːrɔk,pʊʔ,,,,,,ˈvrɛi̯və(n),,,,,,,,,,,,,tʂɛt͡ɕ,,ˌes.fɾe.ˈɡa(ɻ),,,,freˈka,tʲɪˈrʲetʲ,,,,,,,,,,,,,fəɾˈkɔj,,,,,,,,,,kʰat̚˨˩,,,,,,,,,,,,ˈtɛrte,,,,tʰwaː˧˧,,,,,,,,,,
wash,,,,,,,,,dʱʊa,,,juˈmɑχ,,,,,,,,,,,rənˈta,,,,,miːt,,,ˈɡɔlχɪ,,ˈvaʃən,,,,,wɒʃ,ˈlavi,,,,ʃostæn,,ˈpestæ(ʔ),,,la.ve,,nʲɪɟ,,,,,,,,ˈd̪ʱoː.n̪ɑː,,,,ˈmoʃ,ləˈvɑl,,,,,,,,,θvɔː,,,a̠ɾa̠ɯ̟ᵝ,,rɛtsxvɑ,,,,,,lāṅ,,ɕ͈it̚t͈a̠,,,,,,,ˈla.woː,,,,,,,,mazɡâːt,,,,,,,,,,sʰé,,,,,,ˈʋɑsə(n),,,,,,,,,,,,,mɨt͡ɕ,,lɐˈvaɾ,,,,,mɨtʲ,,,,,,,,,,,,,,,,,,,,,,ʃustæn,laːŋ˦˥,,,maɡ.ˈhu.ɡas,,,,,,,,,,d̪ʱuːn̪aː,,,zɨə˧˩,,,,,,,,,,
wipe,,,,,,,,ma.sa.ħa,mɔ.sa,,,,,,,,,,,,,,ə.ʃuˈɡa,,,,,ˈuciːrat,,,,veskɘ,ˈvɪʃn̩,,,,,waɪp,ˈviʃi,limˈpjaɾ,,,,,ˈpyːçki.æˣ,,,e.sɥi.je,,ˈkɪmʲɪlʲ,,,,,,,ˈneɡev,,,,,ˈtørøl,səɾˈpʰɛl,,,,,,,,,,aʃʃuˈɡare,,,,,,,,,,,,ɕ͈it̚t͈a̠,,,,,,,ˈter.ɡoː,,,,,,,,slāwtsîːt,,,,ˈbriʃɛ,,,,,,θoʊʔ,,,,,,ˈveː.ɣə(n),,,,,,ejsyˈɣa,,,,,,,vɨˈt͡ɕɛ.rat͡ɕ,,ˌes.fɾe.ˈɡa(ɻ),,,,,vɨtʲɪˈratʲ,,,,,,,,,,,,,,,,,,,,,,,t͡ɕʰet̚˦˥,,,,,,,,,,,,,mɪʈanaː,,,law˧˧,,ʃɔʀ.bi,,,,,,,,
pull,,,,,,,,,ta.na,,,t͡ʃækˈmæk,,t͡sʲaˈɣat͡sʲ,,,,,ˈʈana,,,,tiˈɾa,,,,,ˈtaːɦnou̯t,,,,trɛkə,ˈtsiːən,,,,,pʊl,ˈtiri,tiˈɾaɾ,,,kʲeʃiːˈd̪æn,,,,,ti.ʁe,,,,,,,,,,kʰĩː(ɳ).t͡ʃnɑː,,,,ˈhuːz,kʰɑˈʃɛl,,,,,,,,,ˈtraːɣa,t̪iˈrare,,,,,,,,,,dāñ,,ˈk͈ɯːɭda̠,,,,,,,ˈwel.loː,,,,,,,,,,,,,,tʰatʰəx,,tareʔ,,sʰwɛ́,,,,,,ˈtrɛkə(n),,,,,,,,,,,,,ˈt͡ɕɔŋ.ɡnɔɲt͡ɕ,,pu.ˈʃa(ɹ),,,,,tʲɪˈnutʲ,,,,,,,,ˈci̯aɦnuc,,,,,,,,,,,,,,,dɯŋ˧,,,,,,t͡ʃɛcˈmɛc,,,,,,tʲɐˈɦɑte,,,,kɛw˧˦,,sɛt͡ʃiː,,,,,,,,
push,,,,,,,,,,,,,,,,,,,,,,,əmˈpə.ɲə,,,,,ˈtlat͡ʃɪt,,,,skɔbɘ,ˈdʁʏkŋ̩,,,,,pʊʃ,ˈpuʃi,empuˈxaɾ,,,,,ˈtyøntæːˣ,,,pu.se,ˈtrjoːə,,,,,,,,,d̪ʱə.keːl.nɑː,,,,ˈtol,həˈɾɛl,,,doroŋ,,,,,,ˈr̥ɪnta,ˈspindʒere,,,,,,,,,,ruñ,,miɭda̠,,,,,ˈhɛrðja,,ˈpel.loː,,,,,,,,,,,,,,tuɮxəx,,to.laʔ,,tʊ́ɴ,,,,,,ˈdyu̯ə(n),,,,,,,,,,,,,pxat͡ɕ,,ẽ.pu.ˈʁaɾ,,,,,tɐlˈkatʲ,,,,,,,,ˈtɫat͡ʃic,,,,,,,,,,²ɧʉːta,,,,,dan˧,,,,,,itmec,,,,,,,,,,so˧˧,,,,,,,,,,
throw,,,,,,,,,dɔ.liʊa,,,ɑtˈmɑχ,,,,,,,,,,,ʎənˈsa,,,,,,,,ˈtavlɨ̞,,ˈvɛʁfən,,,,,θɹəʊ,,,,,ændɒːxtæn,,ˈhei̯tːæːˣ,,kʰasta,ʒə.te,,kɑh,ˈtʃʰilikʲ,,,,,,,pʰeːŋk.nɑː,,,,ˈdob,nɛˈtɛl,,,,,,,,,ˈkʰasta,,,,,,,,,,,poḥ,,tʌ̹nd͡ʑida̠,,,,,,,ˈjak.toː,ɡeˈhai̯en,,,,,ˈmʲɛsʲtʲɪ,,mest,,,,,,xajəx,,,,pjɪʔ,,,,,,ˈʋɛrpə(n),,,,,,,,,,,,,ˈʐu.t͡sat͡ɕ,,lɐ̃.ˈsaɾ,,,,,brɐˈsatʲ,,,,,,,,,,,,,,,,,,,,,,ændɔːxtæn,joːn˧,,,,,,,,,,,,,,,,nɛm˧˦,,,,,,,,,,
tie,,,,,,,,,bɔn.dʱa,,,,,,,,,,,,,,,,,,,ˈpr̝̊ɪvaːzat,,,,benə,ˈbɪndn̩,,,,,taɪ,,aˈtaɾ,,,,,,,,lje,,,,,,,,,,,,,,ˈkøt,kɑˈpɛl,,,,,,,,,,leˈɡare,,,,,,,,,,cṅ,,muk̚t͈a̠,,,,,,,ˈli.ɡoː,,,,,,ˈrʲɪʃʲtʲɪ,,,,,,,,,,,,t͡ɕʰì/,/d͡ʑì,,,,,,ˈknoːpə(n),,,,,,,,,,,,,ˈvʲɔ̃.zat͡ɕ,,ɐˈtaɾ,,,,,ˈsvʲazɨvətʲ,,,,,,,,,,,,,,,,,,,,,,,joːŋ˧,,,,,,ˈbɑːɫamac,,,,,,,,,,kot̚˧˨ʔ,,,,,,,,,
sew,,,,,,,,xajtˁ,xia,,,,,ʂɨt͡sʲ,ˈʃijə,,,,,,,,kuˈzi,,,,,,,,,syː,ˈnɛːən,,,,,səʊ,,ko.ˈser,,,,,,,,kudʁ,,,,,,,,,taˈfar,,,,,ˈvɒrː,kɑˈɾɛl,,,,,,,,su.ˈtar,ˈsøyːma,kuˈtʃire,,nupu,,kʼɛrvɑ,,,,,,,,ˈkiːp̚t͈a̠,,,,,,,ˈsu.oː,ˈbitsen,,,,,ˈsʲuːtʲɪ,,ʃūːt,,,,,,,,,,t͡ɕʰoʊʔ,,,,,,ˈnaːjə(n),,,,,,,,,,,,,ʂɨt͡ɕ,,,,,,,ʂɨtʲ,,,,,,,,,,,,,,,,,,,,,,,jep̚˦˥,,,,,,,,,,,,,,,,xəw˧˧,,,,,,,,,,
count,,,,tɛ̞ːl,,,,,,,,sɑjˈmɑχ,,,,,,,,,,,komˈta,,,,,ˈpot͡ʃiːtat,,,,,ˈt͡sɛːlən,,,,,kaʊnt,kalˈkuli,konˈtaɾ,,,ʃomordæn,,ˈlɑskeɑˣ,,,kɔ̃.te,,ɾˠiːvˠ,,,,,,,,ɡɪn.nɑː,,,,ˈsaːmol,,,,,,,,,kɔnˈtar,ˈtʰɛlja,konˈtare,,kazuapu,,,,,,,,rāp´,,ˈsʰe̞ːda̠,,,,,,,ˈnu.me.roː,ˈt͡siələn,,,,,,,skàjtîːt,,,,ˈbrɔi,,,,kirə,,jè,,,,,,ˈtɛlə(n),,,,,,,,,,,,,ˈlʲi.t͡ʂɨt͡ɕ,,kõ.ˈtaɾ,,,,,ɕːɪˈtatʲ,,,,,ˈlohkah(t),,,,,,,,,,,,,,,,,ʃumurdæn,nap̚˦˥,,,,,,,,,,,,,,,,ʔɗem˧˦,nuˈmøn,,,,,,,,,
say,,,,sɛː,,,,qaː.la,,,,,,ɣavaˈrɨt͡sʲ,ˈkazvəm,,,,ˈbɔla,,,,ˈdi,,,,,r̝iːt͡st,,,,,zaːɡən,,,,,seɪ,ˈdiri,deˈθiɾ,ˈytlemɑ,,ɡofˈt̪ʰæn,,ˈsɑnoɑˣ,,siːja,diʁ,,ˈabˠəɾʲ,ˈapɪɾʲ,diˈθiɾ,,,,,,kɛːʱ.nɑː,,,,ˈmond,ɑˈsɛl,,diˈtser,,,,,,,ˈseiːja,ˈdi.re,,ipu,,tʰkʰmɑ,,,,,,tʰā,,ˈma̠ːɾɦa̠da̠,,,,,lɛˈvɛrɛl,,ˈdiː.koː,,,,,waw˥˦,sɐˈkʲiːtʲɪ,,satsîːt,,,,,,xiɮəx,,,,sʰò,,,,,,ˈzɛɣə(n),²sæɪɑ,,,,,,,,,,,,ˈmu.vʲit͡ɕ,,di.ˈzeɾ,,,,ˈzitʃe,ɡəvɐˈrʲitʲ,,ʋɐ́.d̪ɐ.t̪i,,,,,,ˈɦɔvɔric,ˈrɛtʃi,,,,θɛm,,,,,ˈsɛjːa,,,,ɡuftæn,klaːw˨˩,,,,,,søjlɛmɛc,,,,,,,kɛɦna,,,nɔj˧˦,,,,,ˈzɔ.ɡŋ̩,,kaːŋ˥,,,
sing,,,,səŋ,,,,,ɡʊa,,,oχumaχ,,,ˈpɛjə,,,,,,,,kənˈta,,,,,ˈspiːvat,,,ˈkanɨ̞,sønɡə,ˈzɪŋən,,,,,sɪŋ,ˈkanti,kanˈtaɾ,,,sʊɾuːˈd̪æn,,,,,ʃɑ̃.te,,kanˠ,,,,,,,,ˈɡɑː.nɑː,,,,ˈeːnɛkɛl,jɛɾˈkʰɛl,,kanˈtar,,,,,,kan.ˈtar,ˈsiɲca,kanˈtaːre,,ɯ̟ᵝta̠ɯ̟ᵝ,,,,,,,,c̥riaṅ,,no̞ɾe̞ɦa̠da̠,,,,,,,ˈka.noː,ˈzɑŋən,,,,,dɐjˈnuɔtʲɪ,,dziɛ̂dâːt,,,,,,,,,ˈkɐntɐ,θət͡ɕʰɪ́ɴ,,,,,,ˈzɪ.ŋə(n),²sʏŋːjɑ,,,,,,,,,,,,ˈɕpʲɛ.vat͡ɕ,,kɐ̃ˈtaɾ,,tʃanˈtar,,kɨnˈta,pʲetʲ,,,,,ˈlaːvːluːh(t),,,,ˈpɛ̀ːti,,,,kənˈdɔj,,,,,,,,,,kʰap̚˨˩.rɔːŋ˦˥,,,,,,,,,,,,sʲpʲiˈu̯ɑte,ɡaˈna,,,haːt̚˧˦,,,,,ˈzɪn.ɡn̩,,,,,
play,,,,,,,,,,,,ojnɑˈmɑχ,,,iˈɡrajə,,,,,,,,ʒuˈɡa,,,,,ɦraːt,,,ˈχwaraɨ̯,lajə,ˈʃpiːlən,,,,,pleɪ,ˈludi,xuˈɡaɾ,,,,,ˈle̞ikːi.æˣ,,,ʒwe,,ˈɪmʲəɾʲ,,,,,,,,kʰeːl.nɑː,,,,ˈjaːt͡sːik,χɑˈʁɑl,,ʒoˈkar,,,,,,,ˈleiːka,d͡ʒoˈkä.re,,a̠so̞bɯ̟ᵝ,,tʰɑmɑʃi,,,,,,leṅ,,ˈno̞ːɭda̠,,,,,,,ˈluː.doː,,,,,,ˈʒɐjsʲtʲɪ,,,,,,,,,,,,sʰɔ̰,,,,,,ˈspeːlə(n),,,,,,,,,,,,,ɡrat͡ɕ,ˈlobe kawəl,ʒu.ˈɣaɾ,,,,,ɪˈɡratʲ,,,,,,,,ˈɦrac,iˈɡraːti,,,,,,,,,,,,,,len˥˩,,,maɡ.la.ˈɾoʔ,,,,,,,,,ˈɦrɑte,kʰeln̪aː,,,t͡ɕəːj˧˧,,,,,,,,,,
float,,,,,,,,,,,,,,,,,,,,,,,floˈta,,,,,ˈplavat,,,,,ˈtʀaɪ̯bm̩,,,,,fləʊt,,,,,,,,,,flɔ.te,,,,,,,,,,,,,,ˈlɛbɛɡ,,,,,,,,,,,ɡalledˈdʒare,,,,,,,,,,,,,,,,,,,ˈflu.i.toː,,,,,,,,,,,,,,,,,,mjɔ́,,,,,,ˈdrɛi̯və(n),,,,,,,,,,,,,,,,,,,,ˈplavətʲ,,,,,,,,,,,,,,,,,,flyːta,,,teːlu,,,,,,,,,,,,,,,,,,noj˧˩,,,,,,,,,,
flow,,,,flui,,,,,bʊa,,,,,,tɛˈkə,,,,,,,,fluˈi,,,,,tɛːt͡st,,,,,ˈfliːsn̩,,,,ˈre.o,fləʊ,ˈflui,ˈflwiɾ,,,,,,,,ku.le,,,,,,,,,,,,,,ˈfojik,hoˈsɛl,,,,,,,,ˈflu̯ar,ˈrɛnːa,fluˈire,,,,dinɛbɑ,,,,,,hūr,,,,,,,,,ˈflu.oː,ˈflei̯sen,,,,,ˈbʲeːk.tʲɪ,,,,,,,,,,alo(r),,sí,,,,,,ˈvlujə(n),,,,,,,,,,,,,ˈpwɨ.nɔɲt͡ɕ,,,,,,,tʲet͡ɕ,,,,,,,,ˈci̯ɛt͡sc,ˈtɛtʃi,,,,,,,,,,,,,,laj˩˩˦,,,,,,,,,,,,,,,,t͡ɕaj˧˩,,,,,,,,,,
freeze,,,,,,,,,,,,,,,,,,,,,,,,,,,,ˈzmr̩zˌnɔʊ̯t,,,,,ɡəˈfʁiːʁən,,,,,ˈfɹiːz,,eˈlaɾ,,,,,ˈjæːtyæˣ,,,ʒə.le,,,rˠɔː,ʃeˈaɾ,,,,,,d͡ʒəm.nɑː,,,,,,,,,,,,,,ˈfrjouːsa,dʒeˈlare,,,,,,,,,,,,ˈɘːɭda̠,,,,,,,ˈɡe.loː,ˈfʀei̯ʀen,,,,,,,,,,,,,,,,,,,,,,,bəˈvrizə(n),,,,,,,,,,,,,zaˈmar.zat͡ɕ,,ʒe.ˈla(ɻ),,,,,zəmʲɪrˈzatʲ,,,,,,,,,,,,,,,,,,,,,,,kʰɛŋ˩˩˦,,,,,,,,,,,,,,,,ʔɗawŋ͡m˧˦ ʔɓaŋ˧˧,,,,,,,,,,
swell,,,,,,,,,pʰu.la,,,,,,,,,,,,,,imˈflaɾ.sə,,,,,,,,,,ˈʃvɛlən,,,,ˈpɾizome,swɛl,ˈʃveli,,,,,,,,ˈpœlna,ɡɔ̃.fle,,,,,,,,,,,,,,ˈdɒɡɒd,uˈrɛl,,,,,,,,,,,,,,,,,,,,,,pupʰuɭda̠,,,,,,,in.tuˈmeːs.koː,,,,,,,,,,,,,,,,,,,,,,,,ˈzʋɛlə(n),,,,,,,,,,,,,ˈpux.nɔɲt͡ɕ,,ĩ.ˈʃa(ɹ),,,,,rəzdʊˈvat͡sːə,,,,,,,,,,,,,,,,,,,,,,,bua̯m˧,,,,,,,,,,,,,,,,sɨŋ˧˧,,,,,,,,,,
sun,,,,,,,,ʃams,be.li,,,ɡʲyˈnæʃ,qʊ̞ˈjɑʂ,ˈsont͡sa,ˈslɤntsɛ,,,,,*ȵi.ma,,,ˈsɔl,,,,,ˈslunt͡sɛ,,,haɨ̯l,soːl,ˈzɔnə,,,,ˈi.ʎos,sʌn,,ˈsol,,,,,ˈɑu̯riŋko,,sɔuːl,sɔ.lɛj,,ɟɾʲiənˠ,,s̺ol,,,ɡriːn,,,,,,,ˈnɒp,ɑˈɾɛv,,,,,,,,ˈsu.no,souːl,ˈso.le,,,,mzɛ,,ɾiòáꜜ,,,,t̥ʰṅai,,he̞,,,,,,,,zon,,,,taː˩˨ wen˦˥,ˈsɑuleː,,sāūle,,,,ˈsɔnt͡sɛ,,,,matəhari,ʃɛmʃ,nè,,,,,,,suːl,,,,ˈd͡zú.w⁽ᵝ⁾a,suˈlel,,,,,,,ˈswɔɲ.t͡sɛ,lmar,ˈsɔɫ,,,,ˈso̯are,ˈsont͡sə,izûːba,s̪úːɽ.jɐ,,,ˈpea̯jvvaːʃ,,,ˈsɫ̩ŋkɔ,ˈsóːntsɛ,,,,,,,,,suːl,,,,ɔftɔb,dua̯ŋ˧.ʔaː˧.tʰit̚˦˥,,ɡyn,,,,ɟyˈneʃ,,,,,,ˈsɔnt͡sɛ,,,,mat̚˧˨ʔ t͡ɕəːj˨˩,,,,ílaːᵑɡ̊a̤,zʊn,,taŋ˨˦ ŋon˧˩,,íːlaːnɡa,
moon,,,,,,,,,zʊn,,,,ɑj,,luˈna,,,,,*zla.ba,,,ˈʎu.nə,,,,,ˈmjɛsiːt͡s,,,ˈɬeɨ̯ad,,moːnt,,,,,muːn,ˈluno,ˈluna,,,,,,,ˈmɔanɪ,lyn,ˈmwanə,ɟəˈl̪ˠɑx,,ˈluɐ,,,eːs,,jaˈʁɛaχ,t͡ʃɑːnd̪,,,,ˈhold,luˈsin,,,bu.lan,,,ɬɯ˨˩,,ˈlu.no,tʰuŋl,ˈlu.na,,ta̠iĩɴ,,mtʰvɑrɛ,,,,,,lokkʰae,,ta̠ɭ,,,,,,,ˈluː.na,,,,,,mʲeːˈnʊlʲɪs,,,,,,,,sar,,bulan,ˈʔaːmɐr,la̰,,,,,,maːn,,,,,ˈmʷe.zí,ˈlyno,,,,,,,ˈkɕɛŋ.ʐɨt͡s,spoʐˈməi,ˈlu.ɐ,,,,ˈlunə,lʊˈna,,t͡ɕɐn̪.d̪ɽɐ́,,,ˈmaːnnuː,,,ˈmɛsi̯at͡s,ˈlùːna,,,,hənə,,,,,ˈmoːˌnɛ,,,,,t͡ɕan˧,,aːj,,,,aj,,,,,,,,,,,,,,íɲaːᵑɡ̊ǎ̤,,,ɣoːŋ˧ ɗɯːn˨˦,,íɲaːnɡá,
star,,,,,,,,,,,,uɫdúz,jʊ̞nˈdʊ̞ð,ˈzorka,zvɛzˈda,,,,,,ste.ˈʁe.dɛ̃n,,əsˈtɾə.ʎə,,,,,ˈɦvjɛzda,,,ˈsɛrɛn,stjɛrnə,ʃtɛʁn,,,,,stɑː(ɹ),ˈstelo,esˈtɾeʎa,,,sitɒːɾæ,,ˈtæhti,,ˈʃœtna,e.twal,,ˈɾˠeːl̪ˠt̪ˠə,rˠeːɫ̪,es̺ˈtɾelɐ,,,,,,,,,,ˈt͡ʃilːɒɡ,ˈɑstəʁ,,,,,,,,,ˈstjartna,ˈstel.la,,posi,,vɑrskʼvlɑvi,,,,,,tārā,,pjɘːɭ,,,,,,,,ʃteːʀ,,,,daːu˩˨,ʒʋɐjɡʲʒʲˈdʲeː,,zvàjɡznɛ,,,,ˈd͡zvɛzda,,,,bintaŋ,,t͡ɕɛ̀,,ˈstjæːɳə,,,,stɛr,²stjɛrnə,,,,ɲéˈɲe.zí,,,,,,,,ˈɡvʲaz.da,st̪oˈ.raɪ,ɨʃˈtɾelɐ,,,,,zvʲɪzˈda,,,isˈte.ɖu,,ˈnaːsːtiː,,,ˈɦvi̯ɛzda,ˈzʋèːzda,,,,yɫ,,,,,²ɧæːɳa,,,,,daːw˧,,jɯldɯð,,,,jɯɫˈdɯ́z,,,,,julˈtuz,,,,,saːw˧˧,stel,,,,ˈʃtɛʁən,,ɗaːu˨˦ ɗei˧˥,,ímbaːsa,
water,,aˈd͡zɨ,,ˈvɑːtər,,,,maːʔ,pa.ni,,,su,hɯ̞w,vaˈda,,,,,dʒɔl,*t͡ɕʰu,ˈduːʁ,,ˈaj.ɡwə,,,,,ˈvoda,,,duːr,vand,ˈva.sɐ,,t͡ɕʰu˥,,neˈro,ˈwɔːtə,ˈakvo,ˈaɡwa,,,ɒːb,,ˈʋesi,,vaʰtn,o,ˈvɛtər,ˈɪʃcɪ,ˈɯʃkʲə,ˈaw.ɡa,,,ˈuʃtʲə,,,pɑː.niː,,,,ˈviːz,d͡ʒuɾ,,,a.ʔɪr,,,ʑz̩˧,,ˈa.kwo,vaʰtn,,,⟨mi1du⟩,,tsʼqʼɑli,,màːéꜜ,,sʊw,,dẏk,,muɭ,,aːb,,,doʊɹ,,ˈa.kʷa,ˈvaːsɐ,,,,nam˥˦,,,ûːdɛns,,,,,,ʊs,,,,jè,,ʋɑnː,,,,ˈʋaːtər,ˈʋɑtn̩,,,txʷó,ˈma.d͡zí,,,,,,pɑː.ɳiː,,ˈvɔ.da,obə,,,,,ˈapə,vɐˈda,amâːzi,ɐ́p,,,ˈt͡ʃaːht͡siː,,,ˈvɔda,,,,,ˈujə,,,,,ˈvatːɛn,,,,ɔːb,naːm˦˥,,θuβ,ˈtu.biɡ,mɛtsí,,ˈsu,,,,,su,wɔˈdɑ,pɑːniː,,,nɨək̚˧˦,,,ndɔx,ámâːⁿd̥zi̤,,,ɣam˦˨,,ámáːnzi,
rain,,,,rɪə̯(n),,,,,,,,jaɣˈɯʃ,jɑm.ˈʁɯ̞r,doʂt͡ʂ,dɤʃt,,,,,*t͡ɕʰar.pa,,,ˈplu.ʒə,,,,,ˈdɛːʃc,,,ɡlau̯,ˈʁɑɪ̯ˀn,ˈʁeːɡən,,t͡ɕʰɑːp˥,,vɾoˈçi,ɹeɪn,ˈpluvo,ˈʎubja,,,bɒːˈɾɒːn,,ˈsɑdeˣ,,ɹɛkn,plɥi,rai̯n,ˈbˠɑːʃtʲəx,ˈɯʃkʲə,ˈt͡ʃuβja̝,,,flʲaː,,mɔːˈtˀɔːr,bɑː.ɾɪʃ,,,,ˈɛʃøː,ɑnd͡zˈɾɛv,,ˈpluvja,,,,,,ˈplu.vo,ˈrɪkniŋk,ˈpjɔddʒa,,same,,tsʼvimɑ,,ᵐbùɾáꜜ,,,,b̥ʰliaṅ,,pi,,,,,,,ˈplu.wi.a,ʀeːn,,,,,ljɛˈtʊs,,liɛ̂tus,,,,dɔʃt,,,,hud͡ʒan,ˈʃɪtɐ,mó,,,,,,ˈreː.ɣə(n),,,,,ˈᶬvú.ɽa,ˈplɥɛ(d)ʒo,,,,,,,dɛʂt͡ʂ,bɑˈrɑn,ˈʃu.vɐ,,,,ˈplʷaje,doʂtʲ,,,,,ˈarːviː,,,daːʃc,ˈdə́ʃ,,,,ʃiː,,,,,rɛŋn,,,,bɔːˈrɔːn,fon˩˩˦,,,,ˈpu.la,,jaːˈmúɾ̝̊,,jɒŋˈʁɯr,,,,dɔʃt͡ʃ,bɑrɪʃ,jɒmˈʁɨr,,mɨə˧˧,,,,íᶬb̪̊vṳ᷈ːla,,,fɯn˨˦,,ímvûːla,
river,,,,rəˈfiːr,,,,nahr,noɪ,,,,jɯ̞ɫˈʁɑ,raˈka,rɛˈkɤ,,,,nod̪i,,ˈstɛːr,,ˈriw,,,,,ˈr̝ɛka,,,ˈavɔn,,flʊs,,,,,ˈɹɪvə,,ˈri.o̞,,iˈβaj,ɾuːd̪,,,,ɔaː,flœv,,əunʲ,,ˈri.o̝,,,aunʲ,,naˈhaʁ,nədiː,,,,ˈfojoː,ɡɛt,,,,,,,,,fljouːt,ˈfju.me,,kapa,,mdinɑrɛ,,,,,,dn̥le,,ka̠ŋ,,,ˈt͡ʃɛm,,,,ˈfluː.men,flos,,,,mɛː˧˧ nam˥˧,ˈʊpʲeː,,,,,,,,,,suŋai̯,ˈʃmɐːrɐ,mjɪʔ,,,,,,riːˈviːr,,,,,mˈt͡sí.ⁿd͡ʒe,ˈrriw,,,,,,,ˈʐɛ.ka,siŋd̪,ˈʁi.u,,,,rɨw,rʲɪˈka,,n̪ɐ.d̪íː,,,ˈjohka,,,ˈri̯ɛka,ˈrèːka,,,,,,,,,fluːd,,,n̪ad̪i,rɵd,mɛː˥˩.naːm˦˥,,,,,,,,,,,,rʲiˈkɑ,nədiː,,,səwŋ͡m˧˧,,,dɛx,,,,ta˧,,uḿ̩fuːla,
lake,,,,,,,iˈβon,bu.ħaj.ra,bil,,,ɡœl,kʏl,ˈvozʲera,ˈɛzɛro,,,,,*mt͡sʰo,,,ˈʎak,,,,,ˈjɛzɛro,,,ɬɨ̞n,søː,zeː,,,,,leɪk,ˈlaɡo,ˈla.ɡo,,,dæɾjɒːˈtʃʰe,,ˈjærʋi,,vaʰtn,lak,,l̪ˠɔx,,ˈlaɣo̝,,,laːx,,,d͡ʒʱiːl,,,,ˈtoː,lit͡ʃ,,ˈla.ko,,,,,,ˈla.ɡo,vaʰtn,ˈlaɡo,,mʲizɨᵝɯ̟ᵝmʲi,,tʼbɑ,,,,,,pẏṅ,,ɸʷo̞sʰu,,,,,,,ˈla.kus,zɜɪ,,,,nɔːŋ˩˨,ˈæːʒʲɛɾɐs,,æzæɾs,,,,,,nʊːr,,taseʔ,aˁːˈdiːr,kàɴ,,,,,,meːr,,,,,ˈɲa.ⁿd͡ʒá,,,,,,,,jɛˈʑɔ.rɔ,,ˈla.ɣu,,,,,ˈozʲɪrə,,,,,ˈjaːvːriː,,,ˈjazɛrɔ,ˈjéːzɛrɔ,,,,liˈcɛn,,,,,ɧøː,,,sarasːu,kɵl,saːp̚˨˩,,,,,,ɟœl,,,,,køl,ˈɔzerɔ,,,,ho˨˩,,,,,,,hu˧˩,,íːǀʰiːɓí,
sea,,,,,,,,baħr,xaɡɔɹ,,,dæˈniz,dʲiŋˈɡɪ̞ð,,moˈrɛ,,,,,,ˈmoːʁ,,ˈmar,,,,,mor̝ɛ,,,moːr,hav,meːɐ̯,,,,ˈθalasa,siː,ˈmaro,ˈmaɾ,,,dæɾˈjɒː,,ˈmeri,,hɛaːv,mɛʁ,seː,,,,,,,,,,,,,ˈtɛŋɡɛr,t͡sɔv,,,,,,,,ˈmaro,haːv,ˈmaːre,,⟨umi1⟩,,zɣvɑ,,,,,,smud̥r,,pa̠da̠,,,,,mɔːr,,ˈma.re,miːə̯,,,,,ˈjuːrɐ,,jūːɾa,,,,,,taɮai,,laot,ˈbaːħɐr,pɪ̀ɴlɛ̀,,,,,,zeː,hɑːʋ,,,,,,,,,denˈd͡ʒɨs,,,ˈmɔ.ʐɛ,,maɾ,,,,ˈma.re,ˈmorʲe,,s̪ɐ.mud̪.ɽɐ́,,,,,,ˈmɔrɛ,ˈmóːrjɛ,,,,dɛt,,,,,ɧøː,,,,bæhr,tʰa˦˥.leː˧,,deŋið,,,,,,,,,,,,,,ʔɓiən˧˩,,,,,,,haːi˥,,ûːlwâːnɮe,
salt,,,,,,t͡ʃʼəw,,milħ,lʊn,,,,tʊ̞ð,,,,,,,*t͡sʰʷa,,,ˈsal,,,,,suːl,,,ˈhalɛn,salt,zal(t)s,,,,aˈlati,sɔːlt,ˈsalo,sal,,,næmæk,,ˈsuɔlɑ,,sal̥t,sɛl,,ˈsalˠən̪ˠ,,s̺al,,,ˈsolan,,,,,,,ˈʃoː,ɑʁ,,,,,,,,,sal̥t,ˈsale,,ɕio̞,,mɑrili,,,,,,ʾṃpil,,sʰo̞ɡɯm,,,,,,,,zɑlt͡s,,,,kɯa˩˨,,,sàːls,,,,,,taws,,,,sʰá,,,,,,zɑu̯t,,,,,mˈt͡ʃé.ɽe,,,,,,,,sul,ˈmɑlɡa,ˈsaɫ,,,,ˈsa.re,solʲ,,l̪ɐ.ʋɐ.ɳɐ́,,,ˈsaːlːtiː,,,ˈsɔʎ,ˈsóːw,,,,ˈkɹi.pə,,,,,salt,,,,næmæk,klɯa̯˧,,duːð,,,,ˈtuz,,,,,,ˈsʲilʲ,,,,muəj˧˦,,,,,,,kʲu˨˦,,íːtswaːjí,
stone,,,,,,,,,pa.tʰɔɹ,,,,tɑʂ,,ˈkamək,,,,,*rdo,,,ˈpe.dɾə,,,,,ˈkaːmɛn,,t͡ɕul,ˈkarɛɡ,,ʃtaɪn,,,,,stəʊn,ˈʃtono,ˈpjedɾa,,,sæŋɡ,,ˈkiʋi,,,pjɛʁ,stiə̯n,klˠɔx,,ˈpɛðɾɐ,,,klaːx,,ˈeven,pət̪.t̪ʰəɾ,,,,ˈkøː,kʰɑɾ,,,,,,,,,steitn,ˈpjɛtra,,iɕi,,kʰvɑ,,,,tɑs,,t̥ʰm,,to̞ːɭ,,,ˈkɛvɯɾ,,,,ˈla.pis,ʃteːn,,,,,,,,,,,,,,,batu,,t͡ɕaʊʔ,,,,,,steːn,,,,,ˈmʷa.ɽá,ˈpɛjɾo,,,,,,,ˈka.mʲɛɲ,,ˈpɛ.dɾɐ,,krap,,,ˈkamʲɪnʲ,,,,,ˈkea̯ðːkiː,,,ˈkamɛɲ,ˈkàːmən,,,,ɡuɾ,,,,,,,,,sæŋ,hin˩˩˦,,,ba.ˈto,,,tɑʃ,,,,,tɑʃ,,,,,ʔɗaː˧˦,,,,,,,,,íːtʃe,
sand,,,,sant,,,,raml,ba.li,,,,qʊ̞m,pʲaˈsok,ˈpʲasək,,,,,,tʁɛs,,ˈso.rə,,,,,ˈpiːsɛk,,,,san,zant,,,,,sænd,ˈsablo,aˈɾena,,,,,,,,sɑbl,,ˈɡanʲəvˠ,,ˈʃaβɾe̝,,,ˈɡʲanʲax,,,ɾeːt̪,,,,ˈhomok,ɑˈvɑz,,,,,,,,,ˈsantʏr,ˈsab.bja,,sɨᵝna̠,,kʰviʃɑ,,,,,,k̥ʰsāc´,,mo̞ɾe̞,,,,,,,aˈreː.na,zɑnt,,,,,,,,,pˠɘkʷ,,,,,,pase(r),,θɛ́,,sɑn,,,,zɑnt,sɑnd,,,,mˈt͡ʃe.ᵑɡa,ˈsaβlo,,,,,,,ˈpʲa.sɛk,,ɐˈɾɐjɐ,,,,niˈsip,pʲɪˈsok,,,,,ˈsaːttuː,,,ˈpi̯ɛsɔk,ˈpèːsək,,,,,,,,,,,,,reɡ,saːj˧,,,,,,kum,,,,ˈɔ.ne,qum,pʲiˈsɔk,,,,kaːt̚˧˦,,,,,,,θa˨˦,,ísiɬaɓâːtʰi,
dust,,,,stɔf,,,,ɣu.baːr,dʱu.li,,,toz,sɑŋ,pɨɫ,,,,,,*tʰal.ba,,,ˈpols,,,,,,,,ɬuːχ,støːv,ʃtaʊ̯p,,,,,dʌst,ˈpolvo,ˈpol.bo,,,,,ˈpøly,,,pu.sjɛʁ,,dʲanˠəx,,pɔ,,,dʒaun,,,d̪ʱuːl,,,,ˈpor,pʰoˈʃi,,,,,,,,,rɪːk,ˈpol.ve.re,,,,mtʼvɛri,,,,,,dʰūlī,,mʌ̹nd͡ʑi,,,,,,,ˈpul.wis,ʃtəps,,,,,,,,,,,,,,,haboʔ,,pʰòʊɴ,,,,,,,,,,,ˈfu.ᵐbí,,,,,,,,kuʂ,,ˈpɔ,,,,,pɨlʲ,,d̪ʱuː.l̪i,,,ˈkavːja,,,,ˈpráːx,,,,,,,,,dam,,,,,fun˨˩,,,,,,toz,,,,,,,d̪ʱuːl,,,ʔɓuj˧˨ʔ,,,,,,,,,úːtʰuːli,
earth,,,,ˈɑːr.də,,,,tur.ba,,,,torˈpɑχ,,zʲaˈmlʲa,zɛˈmʲa,,,,,*sa,,,ˈtɛ.rə,,,,,ˈzɛmjɛ,,,,joːr,ˈeːɐ̯də,,,,,ɜːθ,,ˈtje̞.ra̠,,,,,ˈmɑː,,jøːɹ,tɛʁ,,,,,,,,,adaˈma,dʰərtiː,,,,ˈtɒlɒj,hɔʁ,,,ta.nah,,,,,ˈtero,jœrð,ˈtɛr.ra,,d͡ʑi,,mitsʼɑ,,,,,,,,xɯk̚,,,,,,,ˈter.ra,,,,,,ˈʒʲæːmʲeː,,zɛmɛ,,,,,,xors,,bumi,,mjè,,,,,,ˈaːr.də,,,,,,,,,,,,,ˈʑɛ.mʲa,,ˈtɛʁɐ,,,,pəˈmɨnt,zʲɪˈmlʲa,,,,,,,,ˈzɛm,ˈzɛ̀ːmlja,,,,ðɛ,,,,,juːɖ,,,,,din˧,,,ˈlu.paʔ,,,topˈɾɑk,,,,,,zeˈmlʲɑ,,,,ʔɗət̚˧˦,,,,,,,,,ínɬaɓâːtʰi,
cloud,,,,vɔlk,,,,sa.ħaː.bah,daɔɹ,,,,bʊ̞ˈɫʊ̞t,ˈxmara,,,,,,*sprin.pa,ˈku.mul,,,,,,,mrak,,,ˈkʊmʊl,,ˈvɔlkə,,,,ˈsinɛfɔ,klaʊd,ˈnubo,,,,(ʔ)æbɾ,,,,skʊt͡ʃː,ny.aʒ,,ˈsˠkamˠəl̪ˠ,ɲiaɫ̪,,,,,,(ʕ)aˈnan,meːɡʱ,,,,ˈfɛlɦøː,ɑmp,,,,,,,,ˈnu.bo,sciː,ˈnu.vo.la,,⟨kumo1⟩,,ɣrubɛli,,itu,,,,bbk,,kuɾɯm,,,,,,,,ˈvolək,,,,mêːk,,,,,,,,,,,a.wan,ˈsħaːbɐ,tèɪɴ,,,,,,ʋɔlk,ʃyː,,,,mˈta.ᵐbo,,,,,,,,ˈxmu.ra,,ˈnu.vɐj̃,,,,nor,ˈobləkə,,mɐj.ɡʱɐ́,,,ˈpalːva,,,,ɔˈbláːk,,,,,,,,,,,,,,meːk̚˥˩,,,,,,buˈɫ̩ut,,,,,,,meːɡʱ,,,məj˧˧,,,,ílíːfu,,,fɯ˥,,íːfu,
fog,,,,,,,,dˁa.baːb,,,,,tʊ̞ˈmɑn,,məˈɡɫa,,,,,*zmuk.pa,,,ˈbɔj.ɾə,,,,,mɫ̩ɦa,,,,tɔːɡə,ˈneːbl̩,,,,,fɒɡ,neˈbulo,,,,mæh,,,,ˈtʰoːʰka,bʁu.jaʁ,,coː,,ˈnɛβo̯a̝,,,kʲeː,,,,,,,ˈkød,mɑrɑˈχuʁ,,,,,,,,neˈbulo,ˈθɔːka,ˈnebbja,,,,nisli,,,,,,ʾ˘b̥d,,a̠nɡe̞,,,,,,,kaːˈliː.ɡoː,ˈnivəl,,,,,ˈruːkɐs,,,,,,ˈmaɡla,,manəŋ,,kabos,,mjù,,,,,,mɪst,,,,,ˈᵑkʰú.ᵑɡu,ˈnɛβlo,,,,,,,mɡwa,,nɨ.ˈvwɐj.ɾu,,,,ˈt͡ʃe̯a.t͡sə,tʊˈman,,,,,,,,ˈɦmɫa,məˈɡlá,,,,ˈmjɛɡuɫ,,,,,,,,,,mɔːk̚˨˩,,,,,,,,,,,,,,,,sɨəŋ˧˧ mu˨˩,,,,,,,,,ínkuːnɡú,
sky,,,,lœχ,,,,sa.maːʔ,akax,,,ɡœj,kʏk,ˈnʲeba,nɛˈbɛ,,,,akaʃ,*gnam,ˈo.abl,,ˈsɛl,,ˈlɑŋet,,,ˈnɛbɛ,,,ˈau̯ɨ̞r,,ˈhɪml̩,,,,,skaɪ,t͡ʃiˈelo,firmaˈmento,,,ɒːsˈmɒːn,,ˈtɑi̯ʋɑs,,ˈhiːmɪn,sjɛl,,eːɾˠ,,ˈθɛ.ʊ,,,,,,,,,,ˈeːɡ,jɛɾˈkiŋkʰ,,,la.ŋit,,,,,,ˈhɪːmɪnː,ˈt͡ʃɛ.lo,,so̞ɾa̠,,tsɑ,,,,ɑsˈpɑn,,megʰ,,ha̠nɯɭ,,,,,,,ˈkae̯.lum,ˈhimel,,,,,dɐŋˈɡʊs,,,,,,,,,,laŋet,,káʊɴɡɪ̀ɴ,,,,,,ˈɦeː.məl,,,,,,,,,,,,,ˈɲɛ.bɔ,hask,ˈsɛw,,,,t͡ʃer,ˈnʲebə,,,ˈkelu,,,,,ˈɲɛbɔ,nɛˈbóː,,,,,,,,,,,,,,faː˦˥,,,,,,ˈɡœcjyz̟y,,,,,ɑsˈmɑn,,,,,t͡ɕəːj˨˩,sil,,,,,,ɓɯn˨˦,,,
wind,,,,,,,,riːħ,bɔtaʱ,,,,jɪ̞l,,ˈvʲatər,,,,,*rluŋ,ˈɑːvɛl,,,,,,,ˈviːtr̩,,,,ʋend,vɪnt,,,,,ˈwɪnd,ˈvento,ˈbjento,tˈuːl,,bɒːd,,ˈtuːli,,ˈvɪntʊɹ,vɑ̃,,ɡeː,,ˈbento̝,ɨʋɨˈtu,,ɡiː,,ˈʁuax,ɦəʋaː,,,,ˈseːl,kʰɑˈmi,,,,,,,,,ˈvɪntʏr,ˈvɛn.to,,ka̠ze̞,,kʰɑri,,,,ʒel,,k̥ʰyl´,,pa̠ɾa̠m,,,,,,,ˈwen.tus,vant,,,,lom˦˥,ˈʋʲeːjɛs,,vɛ̄ːjʃ,,,,ˈvɛtɛr,,saɮʲxʲ,,aŋen,riːħ,lè,,,,,,ʋɪnt,,,,nɪ́ɬt͡ʃʼɪ̀,ˈᵐpʰé.po,,,,,,ɦə̀ʋä̌ː,,vʲatr,bɑd,ˈvẽ.tu,,,,,ˈvʲetʲɪr,,ʋɑ́ː.t̪ɐ,ˈbentu,,ˈpie̯ɡːɡa,,,ˈvi̯ɛtɔr,,,,,ɛːɹ,,,,,vɪnd,,,,bɔːd,lom˧,,,ˈha.ŋin,,,ryzˈɟar,,,,,,ˈʋʲiter,ɦəʋaː,,,zɔ˧˦,,,,úmôːja,,,ɣum˧˩,,úmôːja,
snow,,,,sniu,,,,θald͡ʒ,bɔɹɔf,,,,qɑr,sʲnʲex,snʲak,,,,bɔrɔf,*ɡaŋs,,,ˈnew,,,,,sɲiːx,,,ˈei̯ra,,ʃneː,,,,,snəʊ,ˈnedʒo,ˈnjebe,,,,,ˈlumi,,,nɛʒ,sniə,ˈʃnʲaxt̪ˠə,,ˈnɛβɪ,,,ˈʃnʲaxt̪ə,,ˈʃeleɡ,bə.ɾəf,,,,ˈhoː,d͡zjun,,,,,,vo˧˧,,ˈni.vo,snjouːr,ˈne.ve,,⟨yuki1⟩,,tʰɔvli,,,,,,b̥ril,,nun,,,,,,,niks,ʃnɜɪ,,,,,sʲnʲjæɡɐs,,snìɛks,,,,,,t͡sʰas,,,,n̥ɪ́ɴ,,,,,,sneːu̯,snøː,,,zɑ̀s,,ˈnɛw,,,,,,,ɕɲɛk,wɑˈwra,ˈnɛ.vɨ,,,,zəˈpadə,sʲnʲek,,ɦi.mɐ́,,,ˈmuo̯hta,,,ˈsɲɛx,,,,,,,,,,snøː,,,,,hi˨˩.maʔ˦˥,,,,,,kaɾ,,,,,,ˈsʲnʲiɦ,,,,twiət̚˧˦,,niːf,,,,,nai˨˦,,íːǃʰwa,
ice,,atsʼaa,,ə̟i̯s,,,,d͡ʒa.liːd,,,,,bʊ̞ð,lʲot,lɛt,,,,bɔrɔf,,,,ˈʒɛl,,,,,lɛt,,,jaː,iːs,aɪ̯s,,,,ˈpaɣos,aɪs,ɡlaˈt͡sio,ˈɟ͡ʝelo,,iˈs̻ots̻,jæx,,ˈjæː,,ˈʊiːsʊɹ,ɡlas,iːs,əiɾʲ,,ˈʃe.ʊ,,,,,,,,,,ˈjeːɡ,sɑˈrujt͡sʰ,,,,,,,,ˈɡla.tsi.o,iːs,ˈɡjat.t͡ʃo,,⟨ko2pori⟩,,qʼinuli,,,,,,dẏkkk,,ʌ̹ɾɯm,,,,,,,ˈɡla.ki.eːs,æi̯s,,,,,,,lædus,,,,mras,,mos,,aes,θ,jèɡɛ́,,,,,,ɛi̯s,iːs,,,,,,,,,,,,lut,,ˈʒe.lu,,,,,lʲɵt,,,,,ˈjie̯tɲa,,,ˈʎat,ˈléːt,,,,,,,,,,,,,,nam˦˥.kʰɛŋ˩˩˦,,,ˈje.lo,,,ˈbuz,,,,,,,,,,ʔɓaŋ˧˧,,,,,,,,,íːǃʰwa,
smoke,,,,,,,,du.xaːn,,,,tysˈty,tʏ̞.ˈtʏ̞n,dɨm,,,,,,*du.ba,,,ˈfum,,,,,diːm,,,muːɡ,røj,ʁaʊ̯x,,,,kaˈpno̞s,sməʊk,ˈfumo,ˈumo,,,,,ˈsɑʋu,,ˈɹɔiːjkʊɹ,fy.me,,ˈdʲat̪ˠəx,t̪ɔʰtʲ,ˈfume̝,,,ˈd͡ʒeːax,,,d̪ʱuː.ɑ̃ː,,,,ˈfyʃt,t͡suχ,,,,,,,,,ˈreiːkʏr,,,keburi,,bɔli,,,,,,p̥ʰsaeṅ,,ˈjɘːnɡi,,,,,,,ˈfuː.mus,damp,,,,,,,,,,,,,ʊtʰa,,asap,,ʔəkʰó,,,,,,roːk,,,,,ˈu.t͡sí,,,,,,,,dɨm,d̪od̪,ˈfu.mu,,,,,dɨm,,d̪ʱuː.mɐ́,,,ˈsuo̯vva,,,ˈdim,ˈdím,,,,,,,,,,,,,,kʰwan˧,,,,,,,,,,,,dɪm,d̪ʱuã,,,xɔj˧˦,,,,úm̩ːsí,,,,,íntuːtʰú,
fire,,,aːtar,fyːr,,,,naːr,zui,,,,ut,aˈɣonʲ,ˈɔɡən,,,,,*me,ˈtɑ̃ːn,,ˈfɔk,,,,,ˈoɦɛɲ,,,taːn,il,ˈfɔʏər,,,,foˈtça,ˈfaɪ.ə(ɹ),ˈfai̯ro,ˈfweɡo,ˈtulʲi,,,,ˈtuli,,,fø,fjuə̯r,ˈtʲɪnʲə,ˈtʰʲenə,ˈlu.mɪ,,,,,,ɑːɡ,,,,ˈtyːz,kəˈɾɑk,,,a.pi,,,,,fa.ˈi.ro,ˈɛltʏr,ˈfwɔko,,⟨hi2⟩,,tsɛtsxli,,,,,,b̥ʰloeṅ,,puɭ,,,,,,,ˈiɡ.nis,ˈfai̯(e)ʀ,,,,fai˦˥,ʊɡˈnʲɪs,,uɡuns,afʷ,,,,,ɢaɮ,,api,,mí,,,,,,vyr,ɛld,,,k͡xõʔ˩,ˈmó.to,,,,,,,,ˈɔ.ɡʲɛɲ,or,ˈfo.ɣu,,,,fok,ɐˈɡonʲ,,ɐɡ.n̪í,,,ˈtolla,,,ˈɔɦɛɲ,ɔ̀ːɡənʲ,,,,zjaɾm,,,,,ˈɛld,,,,,faj˧,,ɔt,,,,ɑ̟ˈt̪ɛʃ,,,,,,wɔˈɦɔnʲ,,,,lɨə˧˩,,,,úḿ̩liːlo,,,fei˧˩,,uḿ̩liːlo,
ash,,,,,,,,ra.maːd,saɪ,,,,ˈkʏ̞l,ˈpopʲeɫ,ˈpɛpɛl,,,,,*ɡo.tʰal,ˈlyːdy,,,,,,,ˈpopɛl,,,ˈɬɨ̞dʊ,,ˈaʃə,,,,,ˈæʃ,ˈtsindro,θeˈniθa,,erauts̺,xɒːkʲesˈt̪ʰæɾ,,ˈtuxkɑ,,ˈœska,sɑ̃dʁ,ˈjɪskə,l̪ˠuə,,,,,,,,rakʰ,,,,ˈhɒmu,moˈχiɾ,,,abu,,,,,ˈt͡sin.dro,ˈaska,,,,,nɑtsɑrɪ,,,,,,kṃñm,,t͡ɕe̞,,,ˈxwɛliː,,,,ˈki.nis,æʃ,,,,,,,,,,,,,uns,,abu,,pjà,,,,,,ɑs,,,,,t͡ʃiˈpa.ɽa,,,,,,,,ˈpɔ.pʲuw,,,,,,,ˈpʲepʲɪl,,,,,,,,ˈpɔpɔɫ,pɛˈpéːw,,,,,,,,,,,,buːɖida,,tʰaw˥˩,,,,,,ˈcʏl,,,,,,ˈpɔpʲil,rakʰ,,,t͡ɕɔ˧˧,,,,,,,,,uḿ̩loːtʰa,
burn,,,,,,,,ħa.ra.qa,zɔ.la,,,,,ɣaˈret͡sʲ,,,,,,,,,,,,,,ˈɦor̝ɛt,,,ˈɬɔsɡɪ,,ˈbʀɛnən,,,,,bɝn,ˈbruli,aɾˈdeɾ,,,suːxˈtæn,,ˈpɑlɑː,,,bʁy.le,,d̪ˠoːɟ,ɫ̪ɔʃɡ̊ʲ,,,,,,,d͡ʒəl.nɑː,,,,ˈeːɡ,ajɾˈvɛl,,,,,,,,bruˈlar,ˈprɛnːa,,,moju,,,,,,,,ṭut,,,,,,,,,ˈaːr.de.oː,,,,,,,,dekt,,,,ˈɡɔɾi,,,,,,làʊɴ,,,,,,ˈbrɑndə(n),,,,,,,,,,,,,ˈpa.lʲit͡ɕ ɕɛ,,ɐɾˈdeɾ,,,,,ɡɐˈrʲetʲ,,,,,,,,,,,,,,,,,,,,,kaːlu,,maj˥˩,,,,,,,,,,,,,dʒəlna,,,t͡ɕaj˧˦,,,,,,,,,,
road,,,,pɑt,,,,tˁa.riːq,bat,,,,jul,,pɤt,,,,ɾast̪a,,hɛ̃nd,,kə.rəˈte.ɾə,,,,,ˈt͡sɛsta,,,,,ˈʃtraːsə,,,,ˈðromos,ɹəʊd,,kaˈmino,,,,,,,ˈveːvʊɹ,ʁut,,ˈbˠoːhəɾˠ,,esˈtɾaða̝,,,reːd̪,,,səɽək,,,,ˈuːt,t͡ʃɑnɑˈpɑɾ,,,,,,,,,ˈvɛːɣʏr,ˈstrada,,dau,,ɡzɑ,,,,,,p̥ʰlūv,,kiɭ,,,,,,,ˈwi.a,,,,,,ˈkælʲɐs,,tsɛʎʃ,,,,,,,,d͡ʒalan,triːʔ,láɴ,,,,,,baːn,,,,,mˈse.(w)u,,,,,,,,ˈdrɔ.ɡa,wɑʈ,iʃ.ˈtɾa.ðɐ,,,,,dɐˈroɡə,,,,,,,,ˈt͡sɛsta,ˈtsèːsta,,,,ˈruɡə,,,,,vɛːɡ,,,,,tʰa˨˩.non˩˩˦,,,,,,jɔɫ,,,,,,dɔˈrɔɦɐ,səɽək,,,ʔɗɨəŋ˨˩,,,,,,,lo˧,,uḿ̩ɡwaːǃo,
mountain,,,,,,,,d͡ʒa.bal,,,,,tɑw,,pləniˈna,,,,pɔrbɔt,*ri,,,,,,,,ˈɦora,,,ˈmənɨ̞ð,bjɛrv,bɛrk,,,,ˈo̞ro̞s,ˈmaʊntɪn,ˈmonto,monˈtaɲa,,,kuːh,,ˈʋuo̯ri,,fjatl,mɔ̃.taɲ,bɛrx,ʃlʲiəvˠ,,monˈtaɲa̝,,,slʲuː,,haʁ,pə.ɦɑːɽ,,,,ˈhɛɟ,lɛr,,monˈta.nja,,,,bo˧˧,,ˈmonto,fjatl,monˈtaɲɲa,,ja̠ma̠,,mtʰɑ,,,,,,b̥ʰnṃ,,sʰa̠n,,,ˈt͡ʃiːjɑː,,,,mons,biə̯χ,,,,pʰu᷄ː,ˈka͡l.nɐs,,kâlns,,,,,,ʊːɮ,,ɡunoŋ,,tàʊɴ,,,,,,bɛrx,fjɛlː,,,tsɪɬ,ˈpʰi.ɽi,,,,,,,,ˈɡu.ra,ɣar,mõ.ˈtɐ.ɲɐ,,,,ˈmuntɛ,ɡɐˈra,,pɐ́ɽ.ʋɐ.t̪ɐ,,,ˈvaːrriː,,,ˈɦɔra,ɡɔ̀ːra,,,,mal,,,,,bɛrj,,mʌlʌj,,,pʰuː˧,,,,,,dɑː,,,,,tɑʁ,ɦɔˈrɑ,pəhɑːɽ,,,nuj˧˦,,,,íⁿtaːɓa,,,pʲa˨˦,,íntaːɓa,
red,,,,roːi̯,,,,ʔaħ.mar,ɹɔ.ŋa,,,,,t͡ʂɨˈrvonɨ,tʃɛrˈvɛn,,,,,*dmar.po,,,ˈrɔt͡ʃ,,,,,ˈt͡ʃɛrvɛniː,,,koːχ,røːd,roːt,,,ˈdʒɛ̃,ˈkocinos,ɹɛd,ˈru.d͡ʒa,ˈroxo,,,ɢeɾˈmez,,ˈpunɑi̯nen,,,ʁuʒ,,ˈdʲaɾˠəɡ,ˈtʲɛrɛk,beɾˈmeʎo̝,,,,,,lɑːl,,,,ˈpiroʃ,kɑɾˈmiɾ,,,,,,,,,ˈrøyːðʏr,ˈros.so,,akaki,,tsʼitʰɛli,,,,qəˈzəl,,k̥rhm,,p͈a̠ɭɡa̠tʰa̠,,,,,ryːð,,ˈru.be.us,ʀəʊt,,,,,rɐʊˈdoːnɐs,,sâɾkans,,,,,,,,merah,ˈɐħmɐr,nì,,,,,,roːt,ræʉ,,,,,,,,,,,,t͡ʂɛrˈvɔ.nɨ,sur,vɨɾ.ˈmɐ(j).ʎu,,,,ˈro.ʃu,ˈkrasnɨj,,ɽu.d̪ʱi.ɽɐ́,,,,,,ˈt͡ʃɛrvɛniː,ərˈdɛ́tʃ,,,,kuc,,,,,røːd,,,,,dɛːŋ˧,,,pʊˈla,,,kɯɾmɯzɯ,,qɯzɯĺ,,,,t͡ʃeˈrwɔnei̯,lal,,,ʔɗɔ˧˩,reˈdik,,xɔnq,,,,,,,
green,,,,,,,,ʔax.dˁar,xɛu.zia,,,jɑˈʃɯɫ,jæˈʃɪ̞l,zʲaˈlʲonɨ,zɛˈlɛn,,,,,*ld͡ʑaŋ.kʰu,,,ˈvɛɾt,,,,,ˈzɛlɛniː,,,ɡwɨ̞rð,ɡrœn,ɡʁyːn,,,,ˈpɾasinos,ɡɹiːn,ˈverda,ˈberde,,berˈde,sæbz,,ˈʋihreæ,,,vɛʁ,ɣriə̯n,ɡlˠasˠ,ˈuəɲə,ˈbeɾðe̝,,,,,jaˈʁok,ɦə.ɾɑː,,,vɛt,ˈzøld,kɑˈnɑt͡ʃʰ,,,,,,,,,kraitn,ˈver.de,,mʲido̞ɾʲi,,mtsʼvɑnɛ,,,,,,paitṅ,,no̞ks͈e̞k̚,,,,,ɡlaːz,,ˈwi.ri.dis,ɡʀeŋ,,,,,,,zaʎʃ,,,,,,,,hid͡ʒau̯,ˈɐħdɐr,séɪɴ,,,,,,ɣrun,,,,,,ˈbert,,,,,,,ʑɛˈlɔ.nɨ,zərˈɣun,ˈveɾ.ðɨ,,,,ˈver.de,zʲɪˈlʲɵnɨj,,,,,,,,ˈze̞.ɫe̞.niː,zɛˈlɛ́n,,,,ˈɟɛlbəɾ,,,,,ɡrøːn,,,,,kʰia̯w˩˩˦,,,,,,jeˈʃil,,,,,jeˈʃil,zeˈlɛnei̯,,,,maw˨˩,ɡɾy.ˈnik,,wɛrt,,ɡʁin,,,,,
yellow,,,,χɪə̯l,,,,ʔasˁ.far,ɦa.lɔ.dʱia,,,,hɑˈrɯ̞,ˈʐou̯tɨ,ʒɤlt,,,,,,,,ˈɡɾɔk,,,,,ˈʒlutiː,,,ˈmɛlɨ̞n,ɡuːl,ɡɛlp,,,,,ˈjɛl.əʊ,ˈflava,amaˈɾiʎo,,,,,ˈkeltɑi̯nen,,ˈkuːlʊɹ,ʒon,,bˠiː,ˈb̥ujə,,,,,,,piˈla,,,,ˈʃaːrɡɒ,dɛˈʁin,,,,,,,,,ˈkʏːlʏr,ˈdʒal.lo,,,,qʼvitʰɛli,,,,,,lẏaṅ,,ˈno̞ːɾa̠tʰa̠,,,ˈzɛɾ,,ˈmɛlɪn,,ˈflaː.wus,ɡie̯l,,,,,,,dzæ̀ltæns,,,,,,ʃar,,kuneŋ,ˈɪsfɐr,wà,,,,,,ɣeːl,,,,,,,,,,,,,ˈʐuw.tɨ,ʒeɻ,ɐ.mɐ.ˈɾɛ.lu,,,,ˈɡal.ben,ˈʐoltɨj,,,,,,,,ˈʒɫ̩tiː,ruˈmɛ́n,,,,,,,,,ɡʉːl,,,,,lɯa̯ŋ˩˩˦,,,ˈdɪːlaʊ,,,sɑˈɾɯ,,,,,,ˈʒɔu̯tei̯,,,,vaːŋ˨˩,je.lo.ˈvik,,,,,,,,,
white,,,,vət,,,,ʔab.jadˁ,bɔ.ɡa,,,,ɑq,ˈbʲeɫɨ,bʲal,,,,ʃad̪a,*tkar.po,,,ˈblaŋk,,,,,ˈbiːliː,,,ɡwɨ̞n,,vaɪs,,,,ˈaspro̞s,waɪt,ˈblanka,ˈblanko,,,seˈfiːd̪,,,,ˈkvʊiːjtʊɹ,blɑ̃,vit,bˠɑːn̪ˠ,kʲaɫ̪,ˈbɾaŋkʊ,,,,,,səfed̪,,,blã,ˈfɛɦeːr,əspiˈtɑk,,blaŋk,,,,,,ˈblan.ka,ˈxʷiːtʏr,ˈbjaŋko,,⟨siro1si⟩,,tʰɛtʰri,,,,,,s,,çida̠,,,ˈspiː,,ɡwɪnː,,ˈal.bus,væːɪ̯s,,,,,ˈbaːltɐs,,bālts,,,,,,t͡sʰaɢaŋ,,puteh,ˈɐbjɐt,pʰjù,,,,,,ʋɪt,kʋiːt,,,,,,,,,,,,ˈbʲa.wɨ,spin,ˈbɾɐ̃.ku,,,,alb,ˈbʲelɨj,,ɕʋɐj.t̪ɐ́,,,ˈvie̯lːkah(t),,,ˈbi̯ɛli,ˈbéːw,,,,baːɾð,,,,,,,,,,kʰaːw˩˩˦,,aːk,ˈpúˈtɪ,,,ɑk,,ɑq,,,ɑq,ˈbʲilei̯,,,,t͡ɕaŋ˧˦,,,,m̩ɬôːpʰé,vajs,,haːu˨˦,,m̩ɬôːpʰe,
black,,,,,,t̪ʼəkur,,ʔas.wad,kola,,,ɡɑˈrɑ,qɑˈrɑ,ˈt͡ʂornɨ,,,,,,*nak.po,ˈdyː,,ˈnə.ɡɾə,,,,,ˈt͡ʃɛrniː,,,dɨː,soɐ̯d̥,ʃvarts,,nɑp˥,ˈjɪbɒ,ˈmavros,blæk,ˈni.ɡra,ˈneɡɾo,,,sijɒːh,,ˈmustɑ,,ˈsvaɻ̥ʈʊɹ,nwaʁ,,d̪ˠʊvˠ,t̪ʊv,ˈneɣɾʊ,,,,,,kaːlaː,,,,ˈfɛkɛtɛ,sɛv,,,,,,,,,ˈsvar̥tʏr,ˈne.ro,,,,ʃɑvi,,,,qɑˈɾɑ,,k̥ʰmau,,ˈkɘːmda̠,,,,,dyː,,ˈni.ɡer,,,,,dam˩˨,ˈjûə.dɐs,,mǣlns,,,,,,χar̊,,hitam,ˈɪswɛt,nɛʔ,,,,,,zʋɑrt,,,,,,,,,,,,,ˈt͡ʂar.nɨ,t̪or,ˈne.ɡɾu,,,,ˈne.ɡru,ˈt͡ɕɵrnɨj,,kŕ̩ʂ.ɳɐ,,,ˈt͡ʃaːhːpes,,,ˈt͡ʃi̯er.ni,ˈtʃə̀rn,,,,zi,,,,,svart,,,,,dam˧,,,ɪˈtim,,,kɑˈɾɑ,,qɑ.ˈra,,,,ˈt͡ʃɔrnei̯,kaːlaː,,,ʔɗɛn˧˧,,,,,,,ɗam˨˦,,,
night,,,,naχ,,,,laj.la,ɹati,,,,tʏ̞n,not͡ʂ,nɔʃt,,,,,,,,ˈnit,,,,,not͡s,,,noːs,nad̥,naxt,,,,ˈnixta,naɪt,ˈnokto,ˈnot͡ʃe,ˈøː,,ʃæb,,ˈyø̯,,nɔʰtː,nɥi,ˈnaxt,ˈiːhə,,ˈnojt̪ɪ,,,ɛi,,ˈlaj.la,ɾɑːt̪,,,,ˈeːjsɒkɒ,ɡiˈʃɛɾ,,,ˈmalam,,,,,ˈnokto,nouʰt,ˈnɔtːe,,⟨yo1ru⟩,,ɣɑmɛ,,,,,,yp´,,pa̠m,,,ˈʃɛv,,,,noks,ˈnuə̯ɕt,,,,,nɐkˈtɪs,,nakts,,,,nɔc,rɑːθri,,,,lɛjl,ɲa̰,,,,,,nɑxt,nɑtː,,,,,ˈnɥɛtʃ,,,,,,,nɔt͡s,,ˈnoj.tɨ,,,,ˈno̯ap.te,not͡ɕ,,ɽɑ́ːt̪.ɽi,,,ˈiɟɟa,,,ˈnɔt͡s,noːtʃ,,,,ˈnaːt,,,,,natː,,,raːtri,,klaːŋ˧.kʰɯːn˧,,,ɡɐˈbi,,,ɟe̞ˈdʒɛ,,,,,,ˈnʲit͡ʃ,raːt̪,,,ʔɗem˧˧,neˈit,,,,,,hɯn˧˩,,úɓusûːɠu,
day,,,,daχ,,,,jawm,din,,,,tæwˈlɪ̞k,,,,,,,*ȵi.ma,ˈdɛj,,ˈdi.ə,,,,,dɛn,,,dɨːð,døjn,tɑːk,,,,,deɪ,ˈtaɡo,ˈdia,,eˈɡun,ɾuːz,,ˈpæi̯ʋæ,,ˈtɛaːvʊɹ,ʒuʁ,,l̪ˠɑː,,ˈd̪iɐ,,,,,,d̪ɪn,,,,ˈnɒp,ɔɾ,,,,,,,,ˈdi.o,ˈtaːɣʏr,ˈd͡ʒorno,,nʲiti,,dɣɛ,,,,,,t̥ʰṅai,,,,,ˈɾoʒ,,diːð,,ˈdi.eːs,daːχ,,,,wan˦˥,,,,,,,,,otər,,hari,,nḛ,,,,,,dɑx,,,,tʃĩ́,ˈt͡sí.ku,,,,,,,,d͡ʑɛɲ,wrad͡z,ˈdi.ɐ,,,,zi,ˈsutkʲɪ,,d̪i.n̪ɐ́,,,ˈpea̯jːviː,,,,,,,,,,,,,,,,roːdʒu,rɵːz,wan˧,,ɡyn,,,,ɡyn,,,,,,ˈdɛnʲ,,,,ŋaj˨˩,,,,,tɔɡ,,ŋon˧˩,,ûːsûːɠu,
year,,,,jɑːr,,amet,,ʕaːm,bɔ.sɔɹ,,,,jɯ̞ɫ,ɣot,ɡɔˈdinə,,,,,*lo,ˈblwaː,,ˈaɲ,,,,,rok,,,,,jaː(ɐ̯),,,,ˈxɾonos,jɪə,ˈjaro,ˈaɲo,,,sɒːl,,ˈʋuo̯si,,ɔaːɹ,a.ne,iə̯r,bʲlʲiənʲ,,,,,blʲeːnʲ,,ʃaˈna,saːl,,,,ˈeːv,tɑˈɾi,,,,,,,,ˈjaro,auːr,ˈan.no,,nẽ̞ɴ,,tsʼɛli,,,,,,c̥ʰnāṃ,,ɲjʌ̹n,,,ˈsɑːl,,,,ˈan.nus,joː(e)ʀ,,,,piː˩˨,,,,,,,,,,,tahon,ˈsɛnɐ,n̥ɪʔ,,,,,,jaːr,oːr,,,,ˈt͡ʃa.ká,,,,,,,,rɔk,kɑl,ˈɐ.nu,,,,an,ɡot,,,,,ˈjahkiː,,,ˈrɔk,ˈlèːtɔ,,,,,,,,,,,,,,piː˧,,,,,,ˈjɯɫ,,,,,jil,,,,,nam˧˧,,,,,jɔʁ,,pi˨˦,,úɲâːɠa,
warm,,,,,,,,daː.fiʔ,,,,iɫɯχ,jɯ̞.ˈɫɯ̞,ˈt͡sʲopɫɨ,ˈtɔpəl,,,,,,,,kəˈlent,,,,,ˈtɛpliː,,,,,vaʁm,,,,ze̞ˈsto̞s,wɔːm,ˈvarma,kaˈljente,,,ɡʲæːɾm,,,,,ʃo,vaːrm,tʲɛ,,ˈkɛnt̪ɪ,,,,,,,,,,ˈmɛlɛɡ,d͡ʒɛɾm,,,,,,,,,,ˈkaldo,,a̠ta̠ta̠ka̠i,,tʰbili,,,,,,k̥ṭau,,t͈a̠t͈ɯtʰa̠da̠,,,,,,,ˈka.li.dus,vaːʀm,,,,,ˈʃʲɪltɐs,,sīlts,,,,,,,,haŋat,,pù,,,,,,ʋɑr(ə)m,,,,,,,,,,,,,ˈt͡ɕɛ.pwɨ,,,,,,kald,ˈtʲɵplɨj,,,,,,,,ˈcɛpliː,ˈtɔ̀ːpəw,,,,,,,,,varm,,,,,ʔun˨˩,,,,,,ɯˈɫɯk,,,,,,,,,,ʔəm˧˦,,,,,,,,,,
cold,,,,kœut,,,,baː.rid,,,,soˈjuχ,hɯ̞.ˈwɯ̞q,xaˈɫodnɨ,stuˈdɛn,,,,,*ɡraŋ.mo,,,ˈfɾət,,,,,ˈstudɛniː,,,oːɨ̯r,kɔl,kalt,,,,,kəʊld,malˈvarma,ˈfɾio,kˈylm,ot͡s̻,sæɾd,,,,,fʁwɑ,,fˠuəɾˠ,fuəɾ,ˈfɾiʊ,,,,,,ʈʰən.ɖɑː,,,,ˈhidɛɡ,ˈsɑrə,,ˈfri.ɡi.de,,,,,,ˈkol.da,ˈkʰaltʏr,ˈfreddo,,t͡sɨᵝme̞ta̠i,,tsɪvɪ,,,,,,rṅā,,t͡ɕʰa̠n,,,,,,,ˈal.ɡi.dus,kaːl,,,,,ˈʃaltɐs,,āūksts,,,,,,,,səd͡ʒoʔ,ˈkɪːsɐħ,ʔé,,,,,,kɑu̯t,,,,,,,,,,,,,ˈʑim.nɨ,soɻ,ˈfɾi.u,,,,ˈret͡ʃe,xɐˈlodnɨj,,,,,,,,,,,,,,,,,,kal,,,,,jen˧,,,laˈmiɡ,,,soˈɰuk,,,,,,xɔˈlɔdnei̯,,,,lajŋ̟˧˨ʔ,,,,,,,,,,
full,,,,fɔl,,,,mum.ta.liʔ,,,,,tuˈɫɯ̞,ˈpou̯nɨ,ˈpɤlɛn,,,,,,,,ˈplə,,,,,pl̩niː,,,ɬau̯n,fuld,fɔl,,,,ˈpliris,fʊl,ˈplena,,,,por,,,,ˈfʊtlʊɹ,plɛ̃,,l̪ˠɑːnˠ,lɑːn,ˈt͡ʃeo̝,,,lɛdn,,,puːɾn,,,,ˈtɛlɛ,ˈlikʰə,,,,,,,,,ˈfʏtɬʏr,ˈpjɛno,,,,sɑvsɛ,,,,,,beñ,,,,,ˈtɯʒiː,,,,ˈpleː.nus,fol,,,,,,,pīlns,,,,,,,,pənoh,,pjḛ,,,,,,vɔl,,,,,,,,,,,,,ˈpɛw.nɨ,ɖak,ˈʃɐj.u,,,,plin,ˈpolnɨj,,,ˈpɾenu,,,,,pl̩niː,ˈpɔ́ːwn,,,,,,,,,fɵl,,,,pur,,,,,,,,,,,,,ˈpɔu̯nei̯,,,,ʔɗəj˨˩,,,,,,,,,,
new,,,,,,,,d͡ʒa.diːd,,,,jeˈni,jɑ.ˈŋɯ̞,,nɔf,,,,nɔt̪un,*ksar.pa,ˈne.ve,,ˈnɔw,,,,,ˈnoviː,,,ˈnɛu̯ɨ̞ð,nyː,nɔʏ̯,,,,ˈne̞o̞s,njuː,ˈno.va,ˈnwebo,,beri,,,,,nʊt͡ʃːʊɹ,nu.vo,nɛi̯,n̪ˠuə,uːɾ,ˈnɔ.βʊ,,,,,χaˈdaʃ,nə.jɑː,,,,ˈuːj,nɔɾ,,,,,,,,ˈno.va,niːr,ˈnwɔ.vo,,arataɕiki,,ɑχɑlɪ,,,,,,t̥ʰmī,,sʰe̞ɾo̞p̚t͈a̠,,,ˈnuː,,,,ˈno.wus,nɑɪ̯,,,,mai˧˧,,,jaûns,,,,,,ʃin,,baru,dʒdiːt,θɪʔ,,,,,,niu̯,,,,,,,,,,,,,ˈnɔ.vɨ,ˈnəwai,ˈno.vu,,,,now,ˈnovɨj,,n̪ɐ.ʋɐ,,,ˈoðas,,,ˈnɔviː,ˈnɔ́w,,,,ɾi,,,,,ny,,,kotːa,,maj˨˩,,,,,,,,,,,,,n̪əjaː,,,məːj˧˦,,,,,,,mo˧˥,,,
old,,,,œu,,,,qa.diːm,pu.ɹɔ.na,,,æsˈki,iθˈkɪ̞,staˈrɨ,star,,,,,*rȵiŋ.pa,,,ˈveʎ,,,,,ˈstariː,,,heːn,ɡaməl,alt,,,,,ˈəʊld,malˈnova,anˈtiɡwo,ˈvɑnɑ,,ɢæd̪iːˈmiː,,,,kɛaːmal,vjø,ɔːt,ʃanˠ,ʃɛn,,,,,,,pʊ.ɾɑː.nɑː,,,,ˈreːɡi,hin,,,la.ma,,,,,an.t͡siˈ(j)e.na,ˈkaːmatl,ˈvɛk.kjo,,,,dzvɛli,,,,,,cās´,,na̠k̚t͈a̠,,,ˈkɛvn,,,,ˈwe.tus,,,,,kau˧˧,ˈsʲæːnɐs,,,,,,,,,,,ʔɐˈdiːm,háʊɴ,,,,,,ɑu̯t,²ɡɑːmɑl,,,,,,,,,,,,ˈsta.rɨ,,ˈvɛ.ʎu,,,,vekʲ,ˈstarɨj,,,,,,,,ˈstariː,ˈstár,,,,,,,,,,,,,,kaw˨˩,,,ˈlu.maʔ,,,,,,,,,,,,,ku˦ˀ˥,,,,,,,,,,
good,,,,χut,,,,,bʱal,,,jɑχˈʃɯ,jɑqˈʂɯ̞,ˈdobrɨ,doˈbɤr,,,,bʱɑlo,,,,ˈbɔ,,,,,ˈdobriː,,,daː,ɡoð,ɡuːt,,,,kaˈlos,ɡʊd,,ˈbweno,,,xuːb,,ˈhyʋæ,,ˈkɔuːwʊɹ,bɔ̃,,mˠa,maː,ˈbo,,,,,,ət͡ʃ.t͡ʃʰɑː,,,,ˈjoː,lɑv,,,,,,,,beˈniɡ.na,ˈkouːðʏr,ˈbwɔː.no,,joɕi,,kʼɑrɡi,,,,(d)ʒaˈqsɯ,,l̥ʾ,,ˈt͡ɕo̞ːtʰa̠,,,,,,,ˈbo.nus,,,,,,ˈɡʲæɾɐs,,,,,,,,sɛ̃ːŋ,,baeʔ,ˈtɐjːɛp,káʊɴ,,,,,,ɣut,,,,jáʔátʔɛ́ːh,,,,,,,,,ˈdɔ.brɨ,xə,bõ,,,,bun,xɐˈroʂɨj,,s̪ɑː.d̪ʱú,,,,,,ˈdɔbriː,ˈdòːbər,,,,majɾ,,,,,ɡuːd,,,maɲt͡ʃi,,diː˧,,,maˈbu.ti,,,,,,,,jɑχʃi,ˈdɔbrɪj,əˈtːʃʰaː,,,tot̚˧˦,,,,,ɡʊt,,ɗei˨˦,,,
bad,,,,,,,,saj.jiʔ,bɛa,,,pis,nɑ.ˈsɑr,ˈdrenːɨ,,,,,kʰaɾap,,,,doˈlent,,,,,ˈʃpatniː,,,druːɡ,dɔːli,ʃlɛçt,,,,kaˈkos,bæd,malˈbona,ˈmalo,,,bæd,,,,ˈɪtlʊɹ,mo.vɛ,,ˈd̪ˠʊnˠə,ˈt̪ɔnə,,,,,,,,,,,ˈrosː,vɑt,,,bu.ruʔ,,,,,,ˈvɔntʏr,kaˈtːiːvo,,ɰᵝa̠ɾɯ̟ᵝi,,tsudi,,,,(d)ʒaˈman,,ʾāk̥rk´,,na̠p͈ɯda̠,,,,,,d͡ʒaman,ˈma.lus,,,,,,ˈbloːɡɐs,,,,,,,,mõː,,,ħɐˈziːn,sʰó,,,,,,slɛxt,,,,,,,,,,,,,zwɨ,bəd,ʁuˈĩ,,,,rəw,plɐˈxoj,,,,,,,,ˈzɫiː,ˈsláp,,,,,,,,,ˈdoː.lɪ(ɡ),,,t͡ʃeɖːa,,leːw˧,,,,,,,,,,,,,,,,səw˧˦,,,,,,,,,,
rotten,,,,,,,,faː.sid,,,,,sɪ̞ˈrɪ̞k,ɣnʲiˈɫɨ,,,,,,,,,,,,,,ˈzɦɲɪliː,,,,rɔdən,faʊ̯l,,,,ˈsapços,ˈɹɑtn̩,ˈputra,,,,,,,,,puʁi,,ˈl̪ˠɔfˠə,,ˈpoðɾe̝,,,,,,,,,,ˈroɦɒtː,pʰəˈtɑt͡s,,,,,,,,puˈtrinta,,,,kɯ̟ᵝsa̠ɾɯ̟ᵝ,,,,,,,,,,s͈ʌ̹k̚t͈a̠,,,,,,,ˈpu.ter,,,,,,,,,,,,,,,,,,poʊʔ,,,,,,rɔt,,,,,,,,,,,,,ˈzɡɲi.wɨ,,ˈpo.ðɾɨ,,,,ˈpu.tred,ɡnʲɪˈloj,,,,,,,,ˈɦɲiliː,ˈɡníːw,,,,,,,,,,,,,,naw˥˩,,,,,,,,,,,,,,,,mʊwk͡p̚˧˨ʔ,,,,,,,,,,
dirty,,,,,,,,,lɛ.tɛ.ɹa,,,t͡ʃirkˈli,,ˈbrudnɨ,,,,,,,,,ˈbɾut,,,,,ˈʃpɪnaviː,,,,beskit,ˈʃmʊt͡sɪç,,,,,ˈdɜːti,,ˈsuθjo,,,kʲæˈsiːf,,,,,sal,,sˠəˈl̪ˠax,,,,,,,,ɡən.d̪ɑː,,,,ˈpiskoʃ,kɛχˈtɔt,,,,,,,,,ˈouːr̥eitn,ˈspɔrko,,kʲita̠na̠i,,bindzuri,,,,,,k̥rk̥ʰvk´,,ˈtɘːɾʌ̹p̚t͈a̠,,,,,,,ˈsor.di.dus,,,,,,,,nɛtīːɾs,,,,,,,,koto(r),,ɲɪʔ,,,,,,vœy̯l,²ʃɪtːn̩,,,,,,,,,,,,ˈbrud.nɨ,sxɑ,ˈsu.ʒu,,,,murˈdar,ˈɡrʲaznɨj,,,,,,,,,uˈmáːzan,,,,,,,,,,,,,,sok̚˨˩.ka˨˩.prok̚˨˩,,,,,,,,,,,,,ɡə̃nd̪ə,,,ʔɓən˧˩,,,,,,,,,,
straight,,,,,,,,mus.ta.qiːm,pʊn,,,,tʏ̞ð,praˈmɨ,,,,,,,,,,,,,,ˈpr̝̊iːmiː,,,,,ɡəˈraːdə,,,,,stɹeɪt,ˈrekta,,,,mostæɣiːm,,ˈsuo̯rɑ,,,dʁwɑ,,ˈdʲiːɾʲəx,tʲiːɾʲəx,,,,,,,siː.d̪ʱɑː,,,,ˈɛɟɛnɛʃ,uˈʁiʁ,,,,,,,,,peitn,dritto,,,,,,,,,,,,,,,,,,,ˈreːk.tus,ʀiːχt,,,,,,,,,,,,,,,,,pʰja̰ʊɴ,,,,,,rɛxt,,,,,,,,,,,,,ˈprɔ.stɨ,,ˈʁɛ.tu,,,,drept,prʲɪˈmoj,,,,,,,,,,,,,,,,,,,,,,,troŋ˧,,,,,,,,,,,,,,,,,,,,,,,,,,
round,,,,,,,,,,,,,tʏ.ŋæˈræk,ˈkruɣɫɨ,,,,,,,,,roˈdo,,,,,ˈkulatiː,,,krʊn,,ʀʊnt,,,,,ˈɹaʊnd,ˈtsirkla,reˈdondo,,,,,,,,ʁɔ̃,,kɾˠiːnʲ,kʰruɪɲ,reˈðondo̝,,,,,,,,,,ˈkɛrɛk,,,,,,,,,,,roˈtondo,,,,,,,,,,,,tuŋɡɯɭda̠,,,,,,,roˈtun.dus,,,,,,,,,,,,,,,,,,wáɪɴ,,,,,,rɔnt,,,,nɑ́zpɑ̃̀s,,,,,,,,,ɔˈkrɔŋ.ɡwɨ,ɡərd,ʁɨ.ˈdõ.du,,,,roˈtund,ˈkruɡlɨj,,,,,,,,,otˈkròːɡəw,,,,,,,,,,,,,,,,,,,,,,,,,,,,,,swɛ˧˧,,,,,,,,,,
sharp,,,,,,,,ħaːdd,,,,,ʏtˈkɪ̞r,ˈvostrɨ,osˈtɤr,,,,,,,,əz.moˈlat,,,,,ˈostriː,,,,,ʃarf,,,,kofteˈros,ʃɑːp,ˈakra,aˈɡudo,,,teːz,,,,ˈkvasːʊr,a.fi.le,,ɟeːɾˠ,,,,,,,,,,,,ˈeːlɛʃ,suɾ,,,,,,,,aˈkuta,xʷasː,affiˈlato,,,,mɑxvili,,,,,,mut,,,,,,,,,ˈaː.ker,,,,,,ɐʃt̪ˈrʊs̪,,as,,,,,,,,,,t͡ɕʰʊ̀ɴ,,,,,,sxɛrp,,,,,,,,,,,,,ˈɔ.strɨ,,a.fi.ˈa.du,,,,as.kuˈt͡sit,ˈostrɨj,,,,,,,,,ˈòːstər,,,,,,,,,,,,,,kʰom˧,,,,,,,,,,,,,,,,sak̚˧˦,,,,,,,,,,
dull,,,,,,,,ka.liːl,,,,,,tuˈpɨ,,,,,,,,,,,,,,ˈtʊpiː,,,,sløːv,ʃtʊm(p)f,,,,,dʌl,,ˈromo,,,,,,,,e.mu.se,,,,,,,,,,,,,,,butʰ,,,,,,,,ɔbˈtuza,,,,,,,,,,,,,,mudida̠,,,,,,,ˈhe.bes,,,,,,,,,,,,,,,,,,tóʊɴ,,,,,,bɔt,,,,,,,,,,,,,ˈtɛm.pɨ,,ˈsɛ.ɣu,,,,toˈt͡ʃit,tʊˈpoj,,,,,,,,ˈtupiː,ˈtɔ́p,,,,,,,,,,,,,,,,,,,,køɾ,,,,,,,,,,kun˨˩,,,,,,,,,,
smooth,,,,,,,,naː.ʕim,,,,,,ˈɣɫatkʲi,,,,,,,,,,,,,,ˈɦlatkiː,,,,,ɡlat,,,,,smuːð,ˈɡlata,ˈliso,,,,,,,,lis,,kiːnʲ,miːn,,,,,,,t͡ʃɪk.nɑː,,,,ˈʃimɒ,hɑɾtʰ,,,,,,,,ˈɡla.ta,ˈstljɛhtʏr,ˈliʃʃo,,,,,,,,,,,,me̞k͈ɯɾʌ̹p̚t͈a̠,,,,,,,ˈɡla.ber,ɡlaːt,,,,,,,,,,,,,,,,,t͡ɕʰɔ́,,,,,,ɣlɑt,,,,,,,,,,,,,ˈɡwat.kʲi,,ˈli.zu,,,,ˈne.ted,ˈɡlatkʲɪj,,,,,,,,,,,,,,,,,,,,,,,ria̯p̚˥˩,,,,,,,,,,,,,,,,faŋ˧˩,,,,,,,,,,
wet,,,,,,,,,ti.ta,,,,jɪ̞ˈwɪ̞ʃ,ˈmokrɨ,,,,,,,,,ˈmɔʎ,,,,,ˈmokriː,,,ɡwlɨːb,vɔːd,nas,,,,,wɛt,malˈseka,moˈxado,,,xiːs,,,,,mu.je,,fʲlʲʊx,flux,,,,,,,ɡiːlaː,,,,ˈnɛdvɛʃ,tʰɑt͡sʰ,,,,,,,,huˈmi.da,ˈvɔːtʏr,baɲˈɲato,,nɯ̟ᵝɾe̞ɾɯ̟ᵝ,,svɛli,,,,,,,,,,,,,,,ˈuː.dus,naːs,,,,,,,slapʲʃ,,,,,,t͡ɕʰiːɡ,,basah,,sò,,,,,,nɑt,,,,,,,,,,,,,ˈmɔ.krɨ,lund̪,muˈʎaðu,,,,ud,ˈmokrɨj,,,,,,,,ˈmokriː,ˈmòːkər,,,,,,,,,voːt,,,,,pia̯k̚˨˩,,,,,,,,,,,,,ɡiːlaː,,,ʔɨət̚˧˦,,fʀɛç,,,,,,,,
dry,,,,,,,,d͡ʒaːff,xu.kan,,,,qʊ̞ˈrʊ̞,suˈxʲi,,,,,,*skam.po,ˈsɛːχ,,əˈʃut,,,,,ˈsuxiː,,,sɨːχ,tœːr,ˈtʁɔkən,,,,,dɹaɪ,ˈseka,ˈseko,,,xoʃk,,,,,sɛk,,ˈtʲɪɾʲəmʲ,ˈtʃʰiɾəm,,,,,,,suː.kʰɑː,,,,ˈsaːrɒz,t͡ʃʰoɾ,,,,,,,,,θʏrː,ˈsekko,,ka̠ɰᵝa̠kɯ̟ᵝ,,,,,,,,s̥ṅuat,,ma̠ɾɯda̠,,,,,,,ˈsik.kus,ˈdʀeχen,,,,,,,sàws,,,,,,,,,,t͡ɕʰaʊʔ,,,,,,droːx,,,,,,,,,,,,,ˈsu.xɨ,,ˈse.ku,,,,usˈkat,sʊˈxoj,,ɕúʂ.kɐ,,,,,,ˈsuxiː,ˈsúːx,,,,,,,,,,,,,,hɛːŋ˥˩,,,,,,,,,,,,,suːkʰa,,,xo˧˧,,,,,,,ɣeːŋ˦˨,,,
correct,,,,,,,,sˁa.ħiːħ,xu.dʱɔ,,,,dʏ̞ˈrʏ̞θ,praˈvʲilʲnɨ,ˈvɛrɛn,,,,,,,,koˈrɛk.tə,,,,,ˈspraːvniː,,,ˈkəu̯ɪr,,kɔˈʁɛkt,,,,so̞ˈsto̞s,kəˈɹɛkt,ˈd͡ʒusta,koˈreɡto,,,doˈɾos(t),,ˈo̞ike̞ɑ,,,kɔʁɛkt,,,,,,,,,,sə.ɦiː,,,,ˈhibaːtlɒn,t͡ʃiʃt,,,tə.pat,,,,,,ˈrjɛht,korˈrɛtto,,,,stsʼɔri,,,,,,,,o̞ɭtʰa̠,,,,,,,,,,,,kɛ᷈ː,,,paɾɛ̄īs,,,,,,,,bə.na(r),,m̥àɴ,,,,,,,,,,,,,,,,,,,pra.vʲiˈdwɔ.vɨ,,ku.ˈʁɛ.tu,,,,koˈrekt,ˈpravʲɪlʲnɨj,,,,,,,,,praˈʋíːlən,,,,,,,,,,,,,,tʰuːk̚˨˩,,,,,,,,,,,,,səɦiː,,,ʔɗʊwŋ͡m˧˦,,,,,,,,,,
near,,,,,,,,qa.riːb,,,,jɑχˈɯn,jɑ.ˈqɯ̞n,ˈblʲiskʲi,ˈblizək,,,,,,,,,,,,,ˈbliːskiː,,,,nɛːr,naː,,,,,nɪə(ɹ),prokˈsima,ˈθerka,,,næzˈd̪iːkʲ,,,,,pʁɛ,,d̪ˠlˠuː,dɫ̪uː,,,,,,,,,,,ˈkøzɛl,mɔt,,,dəkat,,,,,ˈprɔksim,,viˈtʃino,,,,ɑχlɔ,,,,,,jit,,ka̠k͈a̠p̚t͈a̠,,,,,,,proˈpin.kʷus,,,,,,,,,,,,,,,,dəkat,ʔriːp,ní,,,,,,,næːr,,,,,,,,,,,,ˈblʲis.kʲi,niɡˈde,ˈpɛɾ.tu,,,,a.ˈpro̯a.pe,ˈblʲiskʲɪj,,,,,,,,,,,,,,,,,,,,,,,klaj˥˩,,,,,,jaˈkɯn,,,,,,,,,,ɣən˨˩,,,,,,,,,,
far,,,,,,,,ba.ʕiːd,,,,uˈzɑχ,ɑˈɫɯ̞θ,daˈlʲokʲi,dəˈlɛtʃɛn,,,,,,,,ʎuˈɲa,,,,,ˈdalɛkiː,,,pɛɬ,,fɛʁn,,,,makriˈa,fɑː,ˈfora,,,,,,ˈkɑukɑine̞n,,,lwɛ̃.tɛ̃,,ˈfˠɑd̪ˠə,,,,,,,ʁaˈχɔk,d̪uːɾ,,,,ˈmɛsːɛ,hɛˈru,,,,,,,,,,lonˈtano,,,,ʃɔrɛuli,,,,,,c̥ʰṅāy,,,,,,,,,ˈpro.kul,,,,,,,,tâːls,,,,,,χɔɬ,,d͡ʒaoh,,wékwà,,,,,,vɛr,,,,,,,,,,,,,daˈlɛ.kʲi,ˈləre,ˈlõ.ʒɨ,,,,deˈpar.te,dɐˈlʲɵkʲɪj,,,,,,,,,ˈdàːlɛtʃ,,,,,,,,,,,,,,klaj˧,,,,,,uˈzac,,,,,,,,,,saː˧˧,,,,,,,,,,
right,,,,,,,,ħaq.qa,,,,hyˈɡuɡ,χʊ̞.ˈquq,ˈprava,,,,,,,,,ˈdɾət,,,,,ˈpraːvo,,,hau̯l,rɛt,ʁɛçt,,,,ðiˈceoma,ˈɹaɪt,ˈrajto,deˈɾet͡ʃo,ˈɤi̯ɡ̊us,,,,,,,dʁwɑ,,,,,,,,,,ə.d̪ʱɪ.kɑːɾ,,,,ˈjoɡ,iɾɑˈvuŋkʰ,,,haʔ,,,,,ˈju.ro,ˈrjɛhtɪntɪ,,,,,upʰlɛbɑ,,,,,,,,kwʌ̹ɭʎi,,,,,,,,,,,,,,,,,,,,,irx,,,,ʔəkʰwɪ̰ɴ,,ɾɛt,,,,rɛxt,rɛtː,,,,,,,,,,,,ˈpra.vɔ,,d͡ʒiˈɾejtu,,,,drept,ˈpravə,,,,,,,,,praˈʋìːtsa,,,,,,,,,,,,,,sit̚˨˩.tʰiʔ˦˥,,,ka.ɾa.pa.ˈtan,,,hɑk,,,,,,,,,,kwiən˨˩ ləːj˧˨ʔ,,,,,,,keːn˧˩ li˧˥,,,
left,,,,,,,,ja.saːr,,,,soɫ,huɫ,,ˈlʲaf,,,,,,,,əsˈkɛ.rə,,,,,ˈlɛviː,,,χwiːθ,,lɪŋk,,,,,lɛft,,,,,tʃæp,,ˈʋɑsen,,,ɡoʃ,,clʲeː,kʰʲaːrˠ,,,,,,,,,,,ˈbɒl,d͡zɑχ,,,,,,,,,,,,çida̠ɾʲi,,mɑrtsxɛnɑ,,,,,,c̥ʰveṅ,,,,,,,,,ˈlae̯.wus,leŋks,,,,,,,kɾèjs,,,,,,,,kiri,ʃɛlːuːk,bɛ̀,,,,,,lɪŋks,,,,,,,,,,,,,ˈlɛ.vɨ,,iʃ.ˈkeɾ.ðu,,,,stɨŋɡ,ˈlʲevɨj,,,,,,,,,,,,,,,,,,,,,,,saːj˦˥,,,,,,,,,,,,,,,,t͡ɕaːj˧˦,,,,,,,,,,
at,,,,,,,,ˈʕind̪æ,,,,,,,,,,,,*la,,,a,,,,,u,,,ʊrθ,,an,,,,ˈston,æt,tʃe,en,,,dæɾ,,,,ʊiː,a,,ə,,,,,,,,pəɾ,,,,,,,a,,,,,,je,,a,,de̞,,,,,,,,,,,,,,,,,in,,,,,tʰiː˧˧,pɐs,,,,,,vɔ,,,,di,,m̥à,,poː,,,,ɔp,poː,,,,,,,,,,,,u,,ˈa,,,,la,vɛ,,,,,,,,,pri,,,,ˈnə,,,,,poː,,,,,tʰiː˥˩,,,,,,,,,,,,,,,,,,,,,,,,,,
in,,,,,,,,fiː,bʱi.tɔɹ,,,,,,vɤ,,,,,,,,ən,,,,,v,,,ən,,ʔɪn,,,,en,ɪn,en,en,,,dæɾ,,,,ʊiː,dɑ̃,,ɪ,,,,,,,,ən.d̪əɾ,,,,bɒn,mɛt͡ʃʰ,,,,,,,,,,ˈin,,ɲ̟i,,,,,,,,,,,,,,,,,in,,,,,naɯ˦˥,,,,,,,vɔ,,tɔtʰər,,,,m̥à,,iː,,,,ɪn,iː,,,,,,,,,,,,f,,ẽj̃,,,,ɨn,vɛ,,,,,,,,,ʋ,,,,ˈnə,,,,,iː,,,loː,dær,naj˧,,,sa,,,,,,,,,,,,,t͡ɕawŋ͡m˧˧,,,,,,,,,,
with,,,,,,,,ma.ʕa,xoɪ.tɛ,,,iˈlæ,,,sɤ,,,,ˈʃɔŋɡe,,,,əmb,,,,,s,,,a,mɛd,mɪt,,,,me̞,wɪð,kun,kon,,,bɒː,,,,viː,a.vɛk,,lʲɛ,,ko̝ŋ,,,,,am,sɑːt̪ʰ,,,,vɒl,hɛt,,,də.ŋan,,,,,,,kon,,to̞,,,,,,,,,,wa̠,,,,,,,kum,mɑt,,,,,sʊ,,,,,,,,,,də.ŋan,,n̥ɪ̰ɴ,,meː,,,,mɛt,meː,,,,,,,,,,,,s,,kõ,joq,,,ku,s,,,,,,,,s,s,,,,mɛ,,,,,meː(d),,,,bɔː,kap̚˨˩,,,,,,dolajɯˈsijla,,,,,,z,,,,vəːj˧˦,,avu,,,,,,,,
and,,,,ɛn,,,,waːw,a.ɹu,,,,hæm,i,i,,,,,*daŋ,,,ˈi,,,,,a,,taˈda,,ˈɒw,ʊnt,,tʰɑ˩,,ce̞,ænd,kaj,ʝ,,,o,,ˈjɑ,,oː,e,ɛn,ˈɑɡəsˠ,,,,,,,,ɔːɾ,,,,ˈeːʃ,ɛv,,,dan,,,,,e,ɔːɣ,e,,to̞,,dɑ,,,,,,nẏṅ,,wa̠,,,ˈuː,,,,et,an,,,,lɛʔ˦,,,ùn,,,,i,,,aɳi,dan,,nɛ̰,,ɔ,,,,ɛn,oː,,,,,,,,,,,,i,aw,ˈɛ,,,,ʃi,i,,t͡ɕɐ,,,ˈja,,,,in,,,,ðɛ,,,,,ɔ,nɑ,,,,lɛʔ˦˥,,,at,,,ve,,,,,,ˈi,,,,vaː˨˩,,,,,ʊn,,ɕau˧˥,,nʱa,
if,,,,,,,,ʔin,,,,ˈæɡʲæɾ,æˈɡær,,,,,,,*na,,,ˈsi,,,,,ˈjɛstlɪʒɛ,,,ɔs,ves,vɛn,,,,,ɪf,,si,,,ˈæɡʲæɾ,,ˈjos,,,si,ɔs,mˠɑː,,,,,,,,ə.ɡəɾ,,,,ˈhɒ,jɛˈtʰɛ,,,,,,,,se,ɛːv,se,,mo̞ɕi,,tʰu,,,,,,poe,,,,,,,,,siː,,,,,,jæj,,,,,,ˈakɔ,,,,ka.lau̯,ˈjɛkː,ka̰/,/ɡa̰,,,,,,ɑ(l)s,,,,,,,,,,,,,ˈjɛɕ.lʲi,,sɨ,,,,ˈda.kə,ˈjes⁽ʲ⁾lʲɪ,,,,,ˈjos,,,ak,tʃɛ,,,,,,,,,ɔm,,,,,tʰaː˥˩,,,,,,,,,,,,,,,,new˧˦,,,,,,,,,
because,,,,,,,,li.ʔan.na,,,,ˈt͡ʃynki,ˈsʏ̞n.kʲi,,,,,,,*ɡaŋ.jin.zer.na,,,pəɾˈkə,,,,,ˈprotoʒɛ,,,ˈaχɔs,,vaɪ̯l,,,,,bɪˈkɒz,t͡ʃar,ˈporke,,,,,,,tʊiː,paʁ.skə,,oːɾʲ,ˈɔir,,,,,,,ˈkjũ.ki,,,,ˈmɛrt,vɔɾɔfhɛˈtɛv,,ˈpro.k(w)e,,,,,,,,perˈke,,,,,,,,,,b̥roḥ,,t͈e̞mun,,,,,,,ˈkʷi.a,væl,,,,,nʲɛs,,,,,,,,,,kə.ra.nə,,lo̰,,,,,,ɔm.ˈdɑt,,,,,t͡ʃiˈfu.kʷá,,,,,,,,bɔ,ˈdzəka tʃe,poʁ.ˈke,,,,ˈpen.tru kə,pətɐˈmu‿ʂtə,,,,,,,,ˈprɛtɔʒɛ,kɛr,,,,,,,,,,,,,,pʰrɔʔ˦˥,,,,,,tʃynky,,,,,,bɔ,,,,taːj˧˨ʔ vi˨˩,,,,,,,,,,
name,,,,,,sɨm,,ism,,,,ɑd,iˈsɪ̞m,jiˈmʲa,ˈimɛ,,,,nam,*miŋ,,,ˈnɔm,,,,,ˈjmɛːno,,,ˈɛnʊ,,ˈnaːmə,,,,ˈo̞no̞ˌma,neɪm,ˈnomo,ˈnom.bɾe,ˈnimi,iˈsen,nɒːm,,ˈnimi,,naun,nɔ̃,,ˈanʲəmʲ,,,,,,,,naːm,,,,ˈneːv,ɑˈnun,,ˈno.mi.ne,,,,,,ˈno.mo,napn,ˈno.me,,na̠ma̠e̞,,sɑxɛli,,ɾeetwa,,,,j̥ʰmoḥ,,iɾɯm,,,ˈnɑːv,,,,,num,,,,sɯː˦˦,ˈvɐrːdɐs,,vàːɾds,,,,,peː.ɾʲə,nir,,namə,ˈiːsɛm,ʔəmjì/,/ʔəmì,,,,,,naːm,,,,,ˈd͡zí.na,,,,,,,,ˈi.mʲɛ,,ˈno.mɨ,,,,ˈnu.me,ˈimʲə,,n̪ɑ́ː.mɐn̪,,na.lo,ˈnamma,,,ˈmɛnɔ,iˈméː,,,,ɛməɾ,,,,,namn,,,,nɔːm,t͡ɕʰɯː˥˩,,at,,,,ɑt̪,,,,,ɑt,iˈmjɑ,,,,ten˧˧,,,,,nɔmɛn,,,,îːɡâːma
